orderd_id,order_id,product_id,quantity,price
1,1,160,2,305.49
2,2,219,4,192.78
3,3,17,1,393.15
4,4,171,1,197.99
5,5,194,3,327.79
6,6,67,3,149.28
7,7,255,2,110.0
8,8,278,3,134.46
9,9,299,4,217.16
10,10,252,4,390.49
11,11,183,3,300.14
12,12,37,5,338.06
13,13,150,2,308.48
14,14,134,1,92.39
15,15,197,1,264.93
16,16,256,3,394.58
17,17,247,2,114.5
18,18,171,5,63.27
19,19,226,1,392.67
20,20,259,4,100.07
21,21,256,2,347.42
22,22,158,2,426.17
23,23,66,4,430.66
24,24,124,3,211.74
25,25,133,3,16.26
26,26,253,1,264.12
27,27,213,4,350.72
28,28,255,3,497.95
29,29,287,1,460.02
30,30,240,1,215.8
31,31,8,4,234.88
32,32,195,1,317.48
33,33,40,2,21.62
34,34,193,3,333.95
35,35,216,5,103.53
36,36,115,4,231.24
37,37,13,1,469.25
38,38,252,1,63.42
39,39,231,3,33.37
40,40,112,1,326.81
41,41,141,3,366.99
42,42,219,2,29.57
43,43,205,2,264.38
44,44,124,1,474.0
45,45,184,4,301.87
46,46,71,1,199.02
47,47,291,3,450.03
48,48,180,3,277.34
49,49,65,5,467.28
50,50,239,4,200.14
51,51,227,4,200.35
52,52,77,3,240.46
53,53,131,3,230.61
54,54,111,5,101.12
55,55,69,3,196.53
56,56,299,1,451.0
57,57,243,1,173.79
58,58,184,4,128.31
59,59,212,3,281.61
60,60,205,2,447.87
61,61,251,3,450.76
62,62,37,5,375.24
63,63,116,2,14.89
64,64,125,1,189.59
65,65,151,2,88.27
66,66,118,4,301.54
67,67,269,2,475.04
68,68,44,5,214.3
69,69,52,3,226.47
70,70,111,2,105.05
71,71,103,4,481.23
72,72,81,5,492.14
73,73,193,5,110.94
74,74,123,3,244.54
75,75,95,2,33.08
76,76,279,2,424.8
77,77,264,5,463.65
78,78,202,5,96.1
79,79,75,1,14.89
80,80,212,1,439.81
81,81,250,5,46.41
82,82,193,3,327.7
83,83,126,2,293.53
84,84,46,4,40.0
85,85,174,4,217.71
86,86,17,1,27.37
87,87,74,4,222.51
88,88,47,4,325.72
89,89,20,1,172.39
90,90,37,4,112.76
91,91,4,3,383.1
92,92,158,1,366.71
93,93,158,3,200.26
94,94,29,1,112.92
95,95,250,2,155.49
96,96,54,2,103.55
97,97,176,4,366.66
98,98,125,2,105.4
99,99,205,3,113.34
100,100,107,4,458.25
101,101,195,4,298.37
102,102,74,1,343.36
103,103,259,3,348.2
104,104,6,3,130.2
105,105,54,4,88.44
106,106,212,4,354.29
107,107,106,4,237.2
108,108,63,4,93.58
109,109,136,1,124.28
110,110,140,2,56.43
111,111,193,2,368.04
112,112,272,4,421.61
113,113,145,2,497.08
114,114,266,3,353.07
115,115,255,3,426.31
116,116,3,1,249.84
117,117,109,4,381.11
118,118,184,1,85.3
119,119,7,4,422.95
120,120,31,1,214.45
121,121,166,2,365.84
122,122,142,1,328.1
123,123,173,2,338.08
124,124,16,3,32.42
125,125,263,4,418.42
126,126,50,5,327.87
127,127,260,2,157.55
128,128,279,1,205.98
129,129,101,5,139.47
130,130,155,5,492.84
131,131,290,1,373.31
132,132,181,2,192.37
133,133,42,4,43.27
134,134,69,2,402.43
135,135,268,2,189.94
136,136,221,2,499.24
137,137,4,3,373.49
138,138,57,1,435.64
139,139,139,1,252.6
140,140,117,5,198.81
141,141,278,2,408.67
142,142,77,1,150.0
143,143,197,5,222.66
144,144,111,2,252.61
145,145,96,3,260.75
146,146,237,2,400.72
147,147,139,5,75.61
148,148,174,5,94.82
149,149,216,2,30.81
150,150,75,2,121.98
151,151,120,1,335.61
152,152,122,5,32.7
153,153,262,2,457.19
154,154,40,4,198.28
155,155,148,5,70.67
156,156,284,5,266.31
157,157,219,2,377.01
158,158,112,5,344.43
159,159,159,2,263.78
160,160,222,4,124.64
161,161,108,5,140.49
162,162,232,1,335.06
163,163,63,3,253.93
164,164,121,5,306.43
165,165,32,4,414.85
166,166,207,5,20.46
167,167,224,4,242.42
168,168,142,1,214.91
169,169,55,4,189.5
170,170,92,3,431.94
171,171,189,3,218.16
172,172,210,5,145.42
173,173,192,5,487.84
174,174,206,1,358.07
175,175,61,3,490.98
176,176,166,3,126.76
177,177,4,1,444.54
178,178,25,1,393.81
179,179,72,4,476.77
180,180,159,5,395.48
181,181,136,3,285.49
182,182,261,4,232.61
183,183,172,1,436.71
184,184,294,3,61.09
185,185,216,5,466.22
186,186,88,4,356.45
187,187,64,4,489.96
188,188,40,3,171.28
189,189,219,4,247.29
190,190,94,4,129.82
191,191,297,2,358.48
192,192,183,2,305.79
193,193,139,3,96.92
194,194,261,4,157.19
195,195,159,1,346.86
196,196,145,4,116.82
197,197,99,5,87.56
198,198,107,3,250.29
199,199,5,1,353.94
200,200,69,4,144.2
201,201,77,2,358.71
202,202,183,1,347.33
203,203,196,3,45.49
204,204,101,2,229.12
205,205,154,1,472.22
206,206,48,2,303.57
207,207,117,5,377.67
208,208,32,4,415.77
209,209,292,3,257.53
210,210,257,2,406.56
211,211,53,3,492.54
212,212,125,1,189.11
213,213,279,4,193.83
214,214,92,3,104.21
215,215,262,4,221.49
216,216,299,4,453.38
217,217,90,2,184.68
218,218,300,1,308.85
219,219,47,3,240.65
220,220,158,3,42.88
221,221,159,1,206.19
222,222,57,4,320.48
223,223,57,4,218.49
224,224,163,5,261.44
225,225,83,5,158.01
226,226,24,2,305.92
227,227,93,2,198.63
228,228,184,4,137.36
229,229,232,3,162.38
230,230,189,4,319.64
231,231,25,2,119.77
232,232,171,3,18.06
233,233,73,3,383.85
234,234,295,1,331.62
235,235,257,1,67.68
236,236,268,3,131.31
237,237,213,5,457.52
238,238,77,2,89.16
239,239,237,2,365.41
240,240,179,3,319.11
241,241,235,2,225.1
242,242,65,2,43.81
243,243,191,1,176.59
244,244,40,4,405.73
245,245,264,5,194.72
246,246,188,5,184.59
247,247,151,4,406.33
248,248,39,3,61.13
249,249,76,4,219.51
250,250,2,4,71.73
251,251,264,1,351.73
252,252,19,3,421.71
253,253,211,4,196.08
254,254,199,4,188.35
255,255,166,1,36.84
256,256,99,3,81.05
257,257,243,3,86.15
258,258,168,1,376.17
259,259,117,5,392.13
260,260,183,4,252.94
261,261,212,1,23.28
262,262,51,3,371.57
263,263,203,4,442.05
264,264,33,4,445.15
265,265,80,3,318.18
266,266,112,1,101.85
267,267,124,5,468.37
268,268,58,3,484.4
269,269,184,3,119.29
270,270,135,2,487.43
271,271,204,4,235.26
272,272,223,5,428.93
273,273,24,2,182.63
274,274,217,2,148.25
275,275,51,2,273.23
276,276,279,4,422.58
277,277,272,5,288.34
278,278,299,2,72.48
279,279,180,5,307.9
280,280,123,3,18.95
281,281,170,1,148.56
282,282,53,4,19.42
283,283,153,1,247.41
284,284,159,4,464.56
285,285,139,2,250.19
286,286,21,3,370.02
287,287,127,1,408.61
288,288,140,1,130.89
289,289,288,1,74.99
290,290,251,5,482.49
291,291,202,1,80.05
292,292,131,5,97.57
293,293,36,5,161.79
294,294,292,3,162.73
295,295,190,3,299.19
296,296,197,2,484.44
297,297,136,2,361.75
298,298,14,2,460.77
299,299,246,2,163.23
300,300,235,3,174.34
301,301,54,3,333.86
302,302,96,4,479.49
303,303,96,4,248.6
304,304,134,1,97.87
305,305,109,1,155.08
306,306,130,5,280.39
307,307,261,2,109.22
308,308,70,2,452.17
309,309,135,2,462.06
310,310,201,1,91.9
311,311,115,4,304.13
312,312,97,3,371.49
313,313,133,4,342.02
314,314,92,4,336.81
315,315,86,2,372.23
316,316,275,2,289.74
317,317,30,4,27.37
318,318,189,1,353.31
319,319,100,5,18.32
320,320,172,3,16.51
321,321,238,5,439.29
322,322,89,1,379.59
323,323,36,1,218.23
324,324,11,1,476.86
325,325,284,2,493.45
326,326,240,3,109.31
327,327,135,5,450.16
328,328,213,5,18.91
329,329,170,4,423.03
330,330,100,3,88.11
331,331,14,4,15.95
332,332,174,5,130.59
333,333,157,3,302.21
334,334,287,3,93.27
335,335,193,1,350.76
336,336,13,2,148.14
337,337,276,1,226.93
338,338,19,3,465.53
339,339,273,4,33.76
340,340,6,2,401.25
341,341,203,3,150.4
342,342,75,5,377.58
343,343,16,4,218.76
344,344,176,3,130.59
345,345,26,3,128.27
346,346,30,1,440.02
347,347,53,2,216.23
348,348,75,2,145.01
349,349,69,5,21.22
350,350,207,4,150.37
351,351,260,4,266.94
352,352,57,1,169.32
353,353,110,4,392.29
354,354,195,3,336.71
355,355,193,2,343.1
356,356,278,2,34.31
357,357,161,1,463.24
358,358,236,3,214.14
359,359,288,2,251.52
360,360,248,1,236.93
361,361,68,1,487.82
362,362,112,3,234.34
363,363,130,1,411.12
364,364,75,4,70.39
365,365,164,5,267.72
366,366,78,4,204.07
367,367,184,5,384.02
368,368,171,3,262.92
369,369,62,5,324.85
370,370,190,1,344.73
371,371,244,3,139.2
372,372,293,5,272.87
373,373,160,4,468.86
374,374,146,3,478.35
375,375,157,1,252.16
376,376,26,3,176.84
377,377,132,4,231.16
378,378,266,3,284.87
379,379,135,5,122.13
380,380,193,4,401.51
381,381,104,2,62.87
382,382,161,3,347.49
383,383,196,5,129.07
384,384,266,5,336.83
385,385,147,4,145.02
386,386,2,2,71.16
387,387,41,4,275.84
388,388,122,5,179.04
389,389,190,4,162.82
390,390,211,2,218.21
391,391,146,2,58.97
392,392,40,1,338.78
393,393,52,1,176.83
394,394,126,2,21.69
395,395,11,2,184.7
396,396,198,3,132.33
397,397,47,5,355.77
398,398,11,1,401.06
399,399,180,5,193.81
400,400,252,5,443.0
401,401,52,5,468.83
402,402,147,1,204.37
403,403,170,4,10.01
404,404,11,1,326.85
405,405,136,4,198.4
406,406,20,3,420.87
407,407,221,3,403.52
408,408,121,5,398.03
409,409,71,3,318.65
410,410,4,3,428.89
411,411,212,4,315.63
412,412,137,3,11.94
413,413,87,5,97.06
414,414,58,5,242.98
415,415,248,5,263.09
416,416,84,4,256.67
417,417,14,1,401.12
418,418,117,1,309.04
419,419,142,3,389.02
420,420,177,2,425.52
421,421,48,4,188.56
422,422,113,5,13.08
423,423,126,4,24.92
424,424,43,1,483.41
425,425,130,2,58.48
426,426,120,1,75.22
427,427,165,5,183.22
428,428,264,4,264.3
429,429,180,4,191.14
430,430,44,1,263.89
431,431,289,3,19.56
432,432,273,1,84.83
433,433,249,1,322.73
434,434,158,4,293.0
435,435,132,5,194.5
436,436,96,1,93.16
437,437,67,4,156.48
438,438,47,1,290.11
439,439,184,4,71.87
440,440,82,2,316.15
441,441,75,1,105.64
442,442,152,4,174.31
443,443,236,3,121.64
444,444,183,1,327.5
445,445,278,3,290.6
446,446,120,1,373.56
447,447,255,2,140.65
448,448,228,2,318.7
449,449,247,3,174.69
450,450,59,4,34.58
451,451,72,3,460.83
452,452,47,1,431.8
453,453,47,4,54.35
454,454,185,3,17.5
455,455,280,3,30.65
456,456,4,3,141.81
457,457,106,3,403.8
458,458,181,3,187.31
459,459,112,5,123.16
460,460,84,5,88.12
461,461,87,1,418.26
462,462,154,1,403.75
463,463,50,2,471.05
464,464,234,3,13.2
465,465,133,4,488.69
466,466,298,3,275.96
467,467,172,4,144.9
468,468,150,3,302.29
469,469,76,4,120.69
470,470,246,3,214.76
471,471,268,3,11.96
472,472,206,2,357.48
473,473,288,2,269.17
474,474,101,1,116.44
475,475,89,4,408.61
476,476,144,1,283.04
477,477,295,5,59.99
478,478,140,2,453.05
479,479,96,2,13.01
480,480,48,2,168.55
481,481,79,5,35.12
482,482,55,1,116.66
483,483,211,5,497.57
484,484,1,3,300.69
485,485,120,4,338.95
486,486,96,4,472.36
487,487,79,5,328.06
488,488,292,2,208.26
489,489,123,2,428.54
490,490,104,2,330.22
491,491,23,4,96.33
492,492,129,4,146.94
493,493,290,5,470.34
494,494,4,1,417.1
495,495,176,2,145.89
496,496,173,5,436.19
497,497,154,3,461.18
498,498,169,5,316.6
499,499,75,5,327.14
500,500,39,1,10.68
501,501,181,4,269.64
502,502,203,3,51.3
503,503,189,2,191.2
504,504,248,3,343.27
505,505,136,4,265.76
506,506,133,3,51.83
507,507,94,3,461.82
508,508,290,2,367.94
509,509,300,2,174.26
510,510,269,1,211.97
511,511,112,2,395.98
512,512,198,5,462.13
513,513,261,2,184.43
514,514,35,3,314.6
515,515,126,4,352.18
516,516,192,3,123.08
517,517,296,5,417.97
518,518,101,4,316.69
519,519,270,2,351.58
520,520,113,5,370.69
521,521,140,1,329.71
522,522,278,4,340.71
523,523,67,1,10.71
524,524,71,3,167.66
525,525,121,2,52.15
526,526,235,5,89.53
527,527,21,4,254.5
528,528,123,4,419.76
529,529,109,4,369.81
530,530,182,1,354.09
531,531,215,2,210.63
532,532,49,4,146.76
533,533,106,3,173.75
534,534,178,1,36.33
535,535,123,4,349.99
536,536,209,5,23.79
537,537,195,4,364.5
538,538,272,4,497.62
539,539,68,4,332.59
540,540,40,2,446.91
541,541,103,3,491.34
542,542,227,1,157.67
543,543,29,2,354.52
544,544,210,4,318.62
545,545,117,5,435.67
546,546,90,1,58.36
547,547,189,3,361.66
548,548,199,4,53.21
549,549,230,3,37.18
550,550,285,4,235.89
551,551,290,3,31.77
552,552,220,3,224.83
553,553,82,4,120.39
554,554,146,5,109.53
555,555,25,1,25.16
556,556,165,2,383.96
557,557,284,2,145.6
558,558,10,5,401.64
559,559,152,5,492.98
560,560,282,4,136.63
561,561,80,4,20.6
562,562,171,2,11.38
563,563,280,5,88.95
564,564,294,3,482.06
565,565,266,1,51.71
566,566,67,2,286.2
567,567,50,4,469.85
568,568,262,5,250.62
569,569,85,5,379.92
570,570,233,5,376.66
571,571,246,5,260.14
572,572,242,1,52.33
573,573,230,4,410.66
574,574,111,2,494.79
575,575,70,4,112.55
576,576,219,1,260.87
577,577,174,4,435.75
578,578,259,4,378.89
579,579,86,3,112.37
580,580,38,1,234.59
581,581,197,1,134.36
582,582,277,1,462.15
583,583,67,1,438.49
584,584,269,5,27.78
585,585,44,2,95.7
586,586,78,3,394.27
587,587,239,5,54.78
588,588,268,2,376.42
589,589,176,2,70.19
590,590,261,1,326.13
591,591,233,3,415.36
592,592,280,3,413.84
593,593,204,3,73.4
594,594,169,4,147.67
595,595,9,3,52.67
596,596,300,2,111.72
597,597,141,4,189.5
598,598,21,4,487.04
599,599,173,3,323.1
600,600,214,1,78.38
601,601,95,2,461.24
602,602,103,5,259.29
603,603,177,1,101.77
604,604,291,4,489.66
605,605,128,4,113.85
606,606,248,4,406.96
607,607,211,5,413.14
608,608,129,1,27.94
609,609,264,5,19.55
610,610,122,3,389.16
611,611,91,1,335.26
612,612,110,2,374.3
613,613,300,4,371.61
614,614,272,5,183.31
615,615,135,4,64.1
616,616,75,4,291.69
617,617,280,4,379.04
618,618,274,4,148.16
619,619,53,2,411.76
620,620,296,1,63.18
621,621,21,3,38.04
622,622,217,2,24.53
623,623,110,4,393.55
624,624,159,1,25.09
625,625,53,3,27.99
626,626,269,5,378.8
627,627,59,2,361.99
628,628,86,5,268.61
629,629,193,2,432.19
630,630,270,4,361.84
631,631,80,3,482.4
632,632,293,1,479.09
633,633,194,3,382.37
634,634,294,5,242.99
635,635,248,4,361.88
636,636,197,1,144.47
637,637,107,3,377.95
638,638,243,5,473.92
639,639,4,3,331.12
640,640,139,5,225.49
641,641,182,5,256.06
642,642,157,5,400.53
643,643,46,1,435.83
644,644,46,1,469.58
645,645,164,3,426.23
646,646,212,5,179.58
647,647,183,4,175.98
648,648,157,3,377.69
649,649,249,5,141.48
650,650,247,4,53.21
651,651,267,1,55.0
652,652,123,4,27.52
653,653,211,2,146.67
654,654,168,4,184.39
655,655,116,2,134.68
656,656,12,2,396.5
657,657,202,2,395.46
658,658,260,1,261.73
659,659,215,2,116.32
660,660,57,5,459.18
661,661,215,3,19.28
662,662,17,4,83.54
663,663,149,3,450.22
664,664,135,4,489.64
665,665,228,2,144.64
666,666,209,2,79.27
667,667,54,1,161.52
668,668,156,2,321.5
669,669,30,5,430.09
670,670,153,4,18.78
671,671,99,1,296.7
672,672,232,5,483.98
673,673,175,3,139.85
674,674,201,2,204.66
675,675,26,5,439.42
676,676,42,4,328.59
677,677,25,1,43.65
678,678,178,1,227.96
679,679,272,1,338.04
680,680,200,4,11.53
681,681,148,2,10.88
682,682,171,2,147.02
683,683,175,1,277.94
684,684,124,5,284.48
685,685,60,1,129.81
686,686,190,1,487.99
687,687,34,3,263.88
688,688,138,2,163.29
689,689,290,4,305.67
690,690,64,1,378.92
691,691,40,1,185.41
692,692,141,1,70.63
693,693,263,1,168.04
694,694,196,3,414.7
695,695,163,4,87.61
696,696,120,4,270.8
697,697,126,4,196.98
698,698,150,1,167.46
699,699,268,5,356.73
700,700,292,3,471.91
701,701,40,3,167.29
702,702,118,3,370.43
703,703,43,5,190.54
704,704,207,1,428.66
705,705,269,5,486.56
706,706,250,2,265.35
707,707,244,5,159.8
708,708,4,2,175.99
709,709,171,1,344.73
710,710,210,2,393.35
711,711,244,4,63.68
712,712,101,1,175.92
713,713,17,2,61.41
714,714,261,3,418.8
715,715,57,1,26.51
716,716,118,3,330.84
717,717,34,1,378.41
718,718,46,1,47.3
719,719,104,4,206.95
720,720,48,3,170.22
721,721,229,4,387.96
722,722,288,3,88.73
723,723,220,4,224.86
724,724,149,4,41.94
725,725,55,1,328.33
726,726,140,5,412.27
727,727,192,4,325.74
728,728,251,1,101.41
729,729,170,4,65.01
730,730,261,2,309.38
731,731,256,4,130.22
732,732,217,1,197.11
733,733,227,4,123.28
734,734,103,1,417.77
735,735,204,2,250.92
736,736,87,4,277.22
737,737,102,3,452.77
738,738,63,2,373.63
739,739,166,4,27.36
740,740,85,5,205.16
741,741,22,4,51.02
742,742,52,1,458.47
743,743,97,3,222.31
744,744,271,2,306.6
745,745,60,1,465.63
746,746,71,5,303.74
747,747,201,1,108.3
748,748,84,1,115.19
749,749,216,4,341.75
750,750,254,4,445.22
751,751,211,1,338.64
752,752,89,3,32.34
753,753,69,4,439.36
754,754,106,2,295.38
755,755,160,2,224.47
756,756,94,1,269.31
757,757,123,5,466.81
758,758,203,2,91.61
759,759,182,4,482.83
760,760,194,1,439.58
761,761,4,4,41.31
762,762,256,2,482.12
763,763,200,1,56.76
764,764,233,2,20.14
765,765,145,1,101.56
766,766,297,2,450.04
767,767,130,3,485.24
768,768,135,5,441.35
769,769,159,4,256.56
770,770,99,1,477.86
771,771,129,2,419.07
772,772,187,3,334.52
773,773,85,5,280.8
774,774,194,3,100.88
775,775,147,3,228.53
776,776,300,1,68.05
777,777,252,1,70.34
778,778,186,5,313.55
779,779,73,2,202.04
780,780,75,5,31.3
781,781,130,3,65.93
782,782,275,3,460.42
783,783,157,3,455.26
784,784,122,1,374.82
785,785,91,5,156.05
786,786,124,2,262.25
787,787,98,3,104.88
788,788,12,5,18.13
789,789,121,3,483.43
790,790,79,3,161.58
791,791,40,3,467.02
792,792,86,1,131.28
793,793,30,5,144.62
794,794,247,2,475.43
795,795,40,3,392.84
796,796,43,5,311.93
797,797,250,1,17.41
798,798,144,3,185.68
799,799,192,3,406.68
800,800,210,1,37.32
801,801,102,1,83.18
802,802,252,1,440.05
803,803,67,2,213.61
804,804,190,4,192.41
805,805,208,1,141.06
806,806,181,2,376.88
807,807,95,5,447.7
808,808,17,3,197.9
809,809,35,4,450.8
810,810,262,1,376.5
811,811,90,4,469.7
812,812,263,4,332.82
813,813,11,3,453.25
814,814,277,2,10.12
815,815,213,5,392.32
816,816,121,4,90.17
817,817,171,3,146.07
818,818,56,5,79.2
819,819,186,3,268.11
820,820,244,5,45.01
821,821,239,3,264.54
822,822,17,2,212.5
823,823,247,5,283.27
824,824,103,1,105.05
825,825,60,5,128.16
826,826,243,4,48.43
827,827,246,3,489.39
828,828,209,5,289.4
829,829,56,3,436.26
830,830,6,4,101.98
831,831,178,1,64.29
832,832,104,4,43.97
833,833,136,4,55.6
834,834,171,1,372.89
835,835,108,5,50.58
836,836,173,5,200.19
837,837,17,3,323.13
838,838,179,3,47.22
839,839,267,2,437.08
840,840,186,1,185.77
841,841,145,2,373.91
842,842,96,1,302.66
843,843,29,1,277.62
844,844,57,5,13.41
845,845,160,5,142.2
846,846,9,3,221.66
847,847,176,4,476.16
848,848,224,2,85.48
849,849,172,5,63.11
850,850,106,5,118.98
851,851,253,3,294.61
852,852,106,5,453.52
853,853,291,2,34.3
854,854,152,3,368.29
855,855,49,4,69.29
856,856,208,4,388.98
857,857,137,3,120.4
858,858,59,3,499.48
859,859,88,2,145.4
860,860,70,5,242.84
861,861,254,2,108.96
862,862,168,2,408.71
863,863,130,1,163.38
864,864,290,5,72.27
865,865,289,2,319.35
866,866,117,4,440.63
867,867,45,5,395.01
868,868,261,3,169.6
869,869,156,3,134.0
870,870,233,1,347.28
871,871,271,1,190.51
872,872,199,4,488.06
873,873,188,2,208.66
874,874,280,5,386.53
875,875,188,3,196.25
876,876,289,3,402.05
877,877,277,1,410.33
878,878,252,4,35.03
879,879,64,1,471.56
880,880,102,3,95.28
881,881,219,2,128.66
882,882,153,5,247.31
883,883,239,2,173.11
884,884,256,3,14.16
885,885,93,2,101.68
886,886,206,4,131.49
887,887,191,1,69.84
888,888,220,3,323.98
889,889,192,2,311.27
890,890,146,5,100.72
891,891,161,5,443.38
892,892,109,1,256.59
893,893,82,4,412.71
894,894,120,4,382.48
895,895,237,3,48.01
896,896,5,4,41.72
897,897,210,1,489.84
898,898,78,5,106.99
899,899,155,4,301.72
900,900,218,2,305.94
901,901,204,5,94.97
902,902,217,4,35.96
903,903,35,2,82.95
904,904,18,1,171.79
905,905,70,5,448.79
906,906,69,2,360.36
907,907,120,4,362.61
908,908,223,4,176.84
909,909,233,3,399.99
910,910,4,5,107.58
911,911,287,3,385.26
912,912,215,4,423.99
913,913,230,2,219.16
914,914,181,1,130.33
915,915,16,5,318.17
916,916,243,1,190.21
917,917,27,3,142.73
918,918,37,2,423.85
919,919,298,3,119.53
920,920,45,4,320.88
921,921,227,5,239.34
922,922,188,5,239.86
923,923,9,5,231.32
924,924,159,2,72.71
925,925,95,1,87.3
926,926,117,2,110.23
927,927,71,4,192.73
928,928,158,4,397.44
929,929,143,2,150.38
930,930,106,2,298.4
931,931,2,5,420.96
932,932,267,2,390.78
933,933,279,5,294.75
934,934,295,2,248.36
935,935,276,1,161.52
936,936,258,5,345.39
937,937,64,2,194.25
938,938,179,1,344.35
939,939,150,3,35.65
940,940,6,2,436.12
941,941,58,4,314.42
942,942,108,3,377.37
943,943,241,4,465.72
944,944,216,5,393.24
945,945,39,4,155.57
946,946,295,2,244.69
947,947,193,4,345.68
948,948,219,3,250.17
949,949,9,5,296.86
950,950,53,4,164.28
951,951,64,4,320.89
952,952,185,5,259.92
953,953,10,2,470.29
954,954,238,1,36.7
955,955,254,4,366.31
956,956,284,1,353.13
957,957,28,1,371.05
958,958,94,2,134.4
959,959,197,3,216.33
960,960,226,4,161.45
961,961,61,3,417.27
962,962,292,3,419.44
963,963,175,4,250.55
964,964,20,5,139.9
965,965,119,2,25.2
966,966,65,1,243.15
967,967,71,2,359.01
968,968,32,4,167.61
969,969,221,5,453.55
970,970,269,3,272.05
971,971,51,1,463.46
972,972,35,4,37.86
973,973,141,3,308.78
974,974,259,1,395.93
975,975,53,5,464.17
976,976,148,2,126.13
977,977,109,5,370.31
978,978,36,2,269.66
979,979,259,2,124.74
980,980,184,1,228.46
981,981,167,4,266.14
982,982,12,5,160.47
983,983,58,1,71.02
984,984,98,2,47.27
985,985,244,1,406.08
986,986,40,5,231.0
987,987,131,5,114.81
988,988,276,1,52.93
989,989,239,4,191.09
990,990,257,5,328.06
991,991,9,3,381.95
992,992,121,3,99.09
993,993,277,5,193.49
994,994,67,1,76.33
995,995,265,1,93.88
996,996,195,1,177.45
997,997,38,1,28.63
998,998,118,5,403.48
999,999,38,1,377.27
1000,1000,150,1,198.15
1001,1001,250,3,300.33
1002,1002,25,2,161.53
1003,1003,240,4,396.3
1004,1004,139,3,26.97
1005,1005,33,4,98.26
1006,1006,131,2,184.98
1007,1007,37,3,107.35
1008,1008,244,1,233.32
1009,1009,106,2,296.46
1010,1010,299,4,185.93
1011,1011,46,4,73.39
1012,1012,215,5,488.64
1013,1013,2,1,415.22
1014,1014,101,5,424.81
1015,1015,97,4,434.78
1016,1016,173,1,139.98
1017,1017,166,4,226.84
1018,1018,69,2,16.53
1019,1019,240,3,253.26
1020,1020,68,4,325.09
1021,1021,293,2,214.95
1022,1022,212,5,181.9
1023,1023,165,3,224.51
1024,1024,242,1,451.35
1025,1025,73,5,492.29
1026,1026,248,5,153.98
1027,1027,213,5,267.66
1028,1028,267,5,111.81
1029,1029,263,1,212.69
1030,1030,207,4,385.87
1031,1031,91,4,183.09
1032,1032,156,3,313.48
1033,1033,51,2,345.57
1034,1034,266,3,340.26
1035,1035,205,4,350.15
1036,1036,53,2,173.08
1037,1037,294,3,231.71
1038,1038,67,3,450.11
1039,1039,289,5,114.53
1040,1040,169,5,110.72
1041,1041,291,1,26.64
1042,1042,204,2,383.54
1043,1043,148,2,74.31
1044,1044,128,1,493.15
1045,1045,217,4,227.73
1046,1046,25,2,10.59
1047,1047,91,3,233.15
1048,1048,58,1,346.2
1049,1049,236,2,100.65
1050,1050,58,1,14.72
1051,1051,156,4,26.81
1052,1052,107,5,412.75
1053,1053,225,5,304.64
1054,1054,222,1,325.11
1055,1055,79,1,410.87
1056,1056,93,2,370.02
1057,1057,75,5,337.66
1058,1058,27,4,90.0
1059,1059,55,4,182.93
1060,1060,15,5,117.98
1061,1061,42,2,267.0
1062,1062,34,3,46.53
1063,1063,112,1,136.96
1064,1064,92,3,166.85
1065,1065,236,1,469.1
1066,1066,215,3,479.52
1067,1067,245,5,226.79
1068,1068,200,4,198.85
1069,1069,235,2,498.68
1070,1070,262,5,26.6
1071,1071,248,1,329.26
1072,1072,127,4,369.17
1073,1073,122,2,411.45
1074,1074,43,2,417.48
1075,1075,221,4,145.49
1076,1076,39,4,323.86
1077,1077,70,4,397.37
1078,1078,61,3,303.0
1079,1079,166,3,176.99
1080,1080,253,3,287.28
1081,1081,135,1,427.55
1082,1082,190,4,31.4
1083,1083,201,1,418.34
1084,1084,291,3,498.19
1085,1085,259,3,373.06
1086,1086,79,4,380.01
1087,1087,116,4,270.06
1088,1088,225,5,83.14
1089,1089,46,4,391.17
1090,1090,12,3,260.87
1091,1091,32,1,33.78
1092,1092,130,3,136.34
1093,1093,285,1,277.31
1094,1094,4,3,95.92
1095,1095,162,1,36.99
1096,1096,21,2,132.02
1097,1097,139,4,285.82
1098,1098,291,5,380.14
1099,1099,185,2,406.4
1100,1100,240,4,265.72
1101,1101,204,4,495.91
1102,1102,179,4,347.47
1103,1103,52,3,328.73
1104,1104,104,1,490.92
1105,1105,172,2,306.99
1106,1106,18,2,431.89
1107,1107,68,1,248.37
1108,1108,137,1,216.82
1109,1109,259,3,45.45
1110,1110,216,4,451.62
1111,1111,18,2,464.26
1112,1112,1,5,317.13
1113,1113,83,3,311.09
1114,1114,101,5,438.07
1115,1115,232,2,137.46
1116,1116,89,2,297.73
1117,1117,74,4,83.89
1118,1118,95,1,101.88
1119,1119,86,2,374.3
1120,1120,11,2,390.46
1121,1121,94,4,291.61
1122,1122,232,4,357.32
1123,1123,285,1,345.75
1124,1124,135,1,207.43
1125,1125,30,5,478.08
1126,1126,298,5,310.09
1127,1127,75,3,419.24
1128,1128,204,3,150.05
1129,1129,6,4,138.09
1130,1130,161,4,201.75
1131,1131,231,2,332.47
1132,1132,169,2,123.32
1133,1133,157,5,329.84
1134,1134,135,3,273.21
1135,1135,93,5,288.28
1136,1136,290,3,436.61
1137,1137,226,1,215.5
1138,1138,111,4,401.46
1139,1139,61,2,135.75
1140,1140,223,4,122.98
1141,1141,196,5,379.15
1142,1142,276,4,230.58
1143,1143,193,4,417.03
1144,1144,2,4,472.96
1145,1145,249,2,361.59
1146,1146,243,2,65.3
1147,1147,147,1,458.9
1148,1148,193,4,411.24
1149,1149,239,3,96.96
1150,1150,227,1,90.25
1151,1151,157,5,421.7
1152,1152,216,4,220.41
1153,1153,20,5,196.46
1154,1154,158,4,151.85
1155,1155,286,2,261.25
1156,1156,110,1,173.04
1157,1157,59,2,302.38
1158,1158,150,1,143.51
1159,1159,3,3,430.81
1160,1160,99,1,130.24
1161,1161,228,5,429.61
1162,1162,18,3,247.73
1163,1163,95,3,382.2
1164,1164,124,4,124.55
1165,1165,57,5,397.35
1166,1166,294,2,276.6
1167,1167,47,2,51.19
1168,1168,295,3,110.77
1169,1169,237,2,97.55
1170,1170,35,3,420.19
1171,1171,70,1,60.36
1172,1172,107,1,344.54
1173,1173,55,5,316.86
1174,1174,182,2,476.63
1175,1175,61,2,95.91
1176,1176,236,4,46.18
1177,1177,160,3,103.99
1178,1178,106,2,389.06
1179,1179,140,3,26.83
1180,1180,206,2,493.13
1181,1181,220,1,76.82
1182,1182,132,1,223.48
1183,1183,289,3,65.99
1184,1184,89,1,422.4
1185,1185,212,2,11.67
1186,1186,42,5,16.79
1187,1187,20,3,422.54
1188,1188,214,1,396.32
1189,1189,5,5,107.49
1190,1190,274,3,187.83
1191,1191,176,3,493.79
1192,1192,155,5,11.58
1193,1193,292,3,56.67
1194,1194,7,4,370.75
1195,1195,72,3,370.08
1196,1196,225,2,373.91
1197,1197,70,2,313.17
1198,1198,89,1,362.82
1199,1199,92,2,40.04
1200,1200,141,3,217.77
1201,1201,60,4,134.15
1202,1202,29,5,441.89
1203,1203,135,4,292.0
1204,1204,198,5,401.62
1205,1205,114,3,68.58
1206,1206,299,2,214.12
1207,1207,286,2,452.35
1208,1208,172,1,313.4
1209,1209,104,4,421.8
1210,1210,212,4,119.5
1211,1211,25,3,134.92
1212,1212,267,2,414.49
1213,1213,227,5,46.68
1214,1214,202,1,132.29
1215,1215,141,3,318.89
1216,1216,95,3,395.3
1217,1217,22,2,316.73
1218,1218,211,5,59.81
1219,1219,23,4,285.44
1220,1220,22,4,460.35
1221,1221,7,5,365.48
1222,1222,110,2,225.26
1223,1223,82,4,431.11
1224,1224,150,1,434.54
1225,1225,94,5,173.56
1226,1226,25,1,197.92
1227,1227,135,3,165.77
1228,1228,270,3,48.45
1229,1229,167,3,493.94
1230,1230,135,1,432.05
1231,1231,250,3,30.25
1232,1232,214,5,195.62
1233,1233,152,4,474.71
1234,1234,152,4,119.11
1235,1235,10,4,116.37
1236,1236,252,2,235.17
1237,1237,25,1,485.82
1238,1238,53,1,425.4
1239,1239,140,5,398.36
1240,1240,260,4,213.9
1241,1241,21,5,359.38
1242,1242,293,5,337.35
1243,1243,45,5,195.46
1244,1244,213,1,146.42
1245,1245,296,4,426.49
1246,1246,195,3,206.29
1247,1247,264,1,460.79
1248,1248,272,4,78.35
1249,1249,267,3,50.65
1250,1250,47,4,215.23
1251,1251,27,5,320.27
1252,1252,218,1,342.35
1253,1253,265,4,425.92
1254,1254,92,5,423.37
1255,1255,167,5,228.3
1256,1256,193,3,355.04
1257,1257,174,3,392.47
1258,1258,100,4,263.16
1259,1259,77,3,358.46
1260,1260,100,2,296.28
1261,1261,295,1,312.59
1262,1262,60,4,70.58
1263,1263,69,1,64.23
1264,1264,119,1,478.12
1265,1265,265,2,276.55
1266,1266,30,4,64.64
1267,1267,61,5,26.22
1268,1268,215,3,439.89
1269,1269,198,5,243.4
1270,1270,31,2,358.11
1271,1271,169,2,433.71
1272,1272,265,4,247.51
1273,1273,271,5,210.39
1274,1274,294,5,432.37
1275,1275,95,4,311.08
1276,1276,260,3,355.15
1277,1277,20,1,128.8
1278,1278,123,2,269.76
1279,1279,6,4,226.87
1280,1280,189,1,225.32
1281,1281,179,3,86.85
1282,1282,199,1,69.02
1283,1283,291,2,433.21
1284,1284,118,5,19.21
1285,1285,167,4,401.21
1286,1286,256,2,292.33
1287,1287,101,5,183.97
1288,1288,281,3,402.72
1289,1289,150,4,117.39
1290,1290,99,2,430.55
1291,1291,91,4,362.19
1292,1292,209,1,44.65
1293,1293,185,5,138.82
1294,1294,297,1,334.93
1295,1295,168,4,279.55
1296,1296,243,4,197.37
1297,1297,127,1,306.06
1298,1298,252,4,242.92
1299,1299,82,4,378.48
1300,1300,158,1,88.96
1301,1301,288,2,153.05
1302,1302,264,5,304.2
1303,1303,66,5,486.44
1304,1304,107,1,393.73
1305,1305,292,4,78.1
1306,1306,89,5,250.66
1307,1307,151,1,298.87
1308,1308,125,1,36.69
1309,1309,140,3,382.68
1310,1310,76,5,237.78
1311,1311,86,2,229.51
1312,1312,39,5,90.92
1313,1313,77,5,474.36
1314,1314,144,4,96.99
1315,1315,12,5,498.69
1316,1316,247,2,142.21
1317,1317,27,2,55.96
1318,1318,135,3,247.08
1319,1319,210,3,51.26
1320,1320,62,5,284.48
1321,1321,190,2,198.03
1322,1322,102,2,216.08
1323,1323,158,1,433.5
1324,1324,220,1,53.67
1325,1325,160,1,148.63
1326,1326,132,2,129.05
1327,1327,140,3,176.69
1328,1328,159,2,68.92
1329,1329,197,4,472.35
1330,1330,293,1,68.02
1331,1331,50,5,279.28
1332,1332,33,3,288.37
1333,1333,292,3,38.78
1334,1334,208,5,479.85
1335,1335,85,2,16.44
1336,1336,191,4,252.03
1337,1337,246,5,114.07
1338,1338,104,1,164.85
1339,1339,224,2,290.47
1340,1340,114,4,174.12
1341,1341,192,4,71.9
1342,1342,141,3,310.02
1343,1343,249,5,315.88
1344,1344,91,5,465.63
1345,1345,260,3,422.13
1346,1346,34,5,453.27
1347,1347,189,4,237.07
1348,1348,185,5,32.59
1349,1349,72,5,317.35
1350,1350,220,1,430.04
1351,1351,73,2,263.07
1352,1352,193,1,207.92
1353,1353,240,5,329.53
1354,1354,131,3,490.97
1355,1355,117,1,347.89
1356,1356,207,2,74.75
1357,1357,29,3,435.8
1358,1358,222,5,374.66
1359,1359,17,4,478.08
1360,1360,59,1,338.44
1361,1361,241,4,117.87
1362,1362,67,2,336.57
1363,1363,34,2,115.39
1364,1364,167,2,120.03
1365,1365,16,2,298.41
1366,1366,169,1,38.71
1367,1367,227,5,124.41
1368,1368,69,4,482.65
1369,1369,283,3,471.45
1370,1370,77,1,472.64
1371,1371,232,2,386.7
1372,1372,35,3,177.31
1373,1373,124,2,483.26
1374,1374,239,4,454.52
1375,1375,123,4,19.86
1376,1376,108,2,324.42
1377,1377,294,1,56.76
1378,1378,143,5,64.92
1379,1379,195,5,406.21
1380,1380,263,2,487.38
1381,1381,79,3,108.3
1382,1382,211,4,97.62
1383,1383,157,1,121.28
1384,1384,160,2,349.47
1385,1385,42,2,466.04
1386,1386,18,4,323.47
1387,1387,77,1,408.95
1388,1388,138,4,109.2
1389,1389,154,5,474.63
1390,1390,25,4,388.51
1391,1391,29,3,446.79
1392,1392,174,1,281.49
1393,1393,64,3,245.56
1394,1394,92,3,242.3
1395,1395,102,2,146.58
1396,1396,108,2,199.29
1397,1397,87,2,116.7
1398,1398,85,5,135.72
1399,1399,231,5,208.3
1400,1400,224,1,234.31
1401,1401,126,3,18.65
1402,1402,178,5,353.91
1403,1403,255,2,33.59
1404,1404,204,4,282.78
1405,1405,153,1,279.22
1406,1406,34,4,389.79
1407,1407,264,3,143.28
1408,1408,187,1,434.4
1409,1409,92,1,489.06
1410,1410,221,1,441.92
1411,1411,230,4,182.11
1412,1412,107,3,403.97
1413,1413,29,4,240.56
1414,1414,257,1,287.51
1415,1415,109,2,447.34
1416,1416,152,5,362.33
1417,1417,259,1,319.87
1418,1418,130,2,314.61
1419,1419,193,5,234.6
1420,1420,35,5,45.12
1421,1421,75,5,435.09
1422,1422,210,5,37.87
1423,1423,213,1,248.45
1424,1424,136,3,97.26
1425,1425,299,3,247.85
1426,1426,116,3,34.28
1427,1427,87,3,423.78
1428,1428,21,2,48.27
1429,1429,49,2,358.1
1430,1430,256,4,438.8
1431,1431,252,1,198.2
1432,1432,278,2,190.91
1433,1433,15,3,375.07
1434,1434,53,1,277.85
1435,1435,24,3,264.13
1436,1436,29,1,83.61
1437,1437,124,2,94.4
1438,1438,154,3,301.13
1439,1439,118,3,203.84
1440,1440,27,4,282.95
1441,1441,284,1,181.44
1442,1442,274,2,222.85
1443,1443,153,3,188.28
1444,1444,126,4,150.39
1445,1445,128,1,60.66
1446,1446,95,3,333.03
1447,1447,138,1,416.26
1448,1448,152,2,161.98
1449,1449,149,2,286.22
1450,1450,174,5,213.98
1451,1451,184,5,94.26
1452,1452,262,3,491.92
1453,1453,291,1,243.37
1454,1454,132,4,72.26
1455,1455,5,2,226.98
1456,1456,49,3,369.1
1457,1457,115,4,420.84
1458,1458,281,5,400.92
1459,1459,2,4,48.13
1460,1460,135,2,33.55
1461,1461,113,1,145.81
1462,1462,40,3,332.4
1463,1463,212,1,48.04
1464,1464,85,3,169.1
1465,1465,296,2,295.82
1466,1466,266,3,334.47
1467,1467,228,2,321.41
1468,1468,274,5,295.74
1469,1469,152,1,73.26
1470,1470,244,3,96.45
1471,1471,17,4,401.01
1472,1472,286,3,455.67
1473,1473,8,5,469.84
1474,1474,247,1,357.58
1475,1475,40,3,235.91
1476,1476,61,3,433.51
1477,1477,64,1,274.74
1478,1478,100,5,196.33
1479,1479,233,1,267.61
1480,1480,181,2,489.47
1481,1481,155,3,71.21
1482,1482,165,1,66.4
1483,1483,61,4,26.15
1484,1484,109,1,97.06
1485,1485,46,4,33.85
1486,1486,189,3,322.05
1487,1487,135,1,302.27
1488,1488,292,2,331.63
1489,1489,81,3,460.0
1490,1490,166,2,37.66
1491,1491,244,2,45.13
1492,1492,31,1,462.47
1493,1493,176,3,302.55
1494,1494,234,2,105.51
1495,1495,276,4,380.86
1496,1496,14,5,75.01
1497,1497,30,4,263.34
1498,1498,27,4,249.33
1499,1499,239,3,453.85
1500,1500,251,4,81.31
1501,1501,88,4,441.08
1502,1502,105,3,68.83
1503,1503,48,4,483.77
1504,1504,36,5,344.05
1505,1505,20,1,358.93
1506,1506,178,3,397.73
1507,1507,152,4,101.23
1508,1508,129,5,113.92
1509,1509,22,2,146.28
1510,1510,210,2,111.03
1511,1511,203,3,344.12
1512,1512,273,3,41.47
1513,1513,105,3,371.81
1514,1514,67,5,96.09
1515,1515,230,3,402.97
1516,1516,155,3,447.16
1517,1517,215,3,194.71
1518,1518,180,5,159.87
1519,1519,76,3,378.19
1520,1520,201,3,30.11
1521,1521,144,3,290.21
1522,1522,238,3,140.97
1523,1523,201,1,160.63
1524,1524,29,4,262.01
1525,1525,205,3,247.33
1526,1526,240,1,137.95
1527,1527,221,2,428.72
1528,1528,132,2,89.07
1529,1529,273,3,301.7
1530,1530,111,2,363.86
1531,1531,181,5,219.33
1532,1532,271,3,140.57
1533,1533,86,4,402.46
1534,1534,291,1,452.49
1535,1535,212,5,12.19
1536,1536,193,4,26.42
1537,1537,60,3,358.58
1538,1538,121,3,299.66
1539,1539,228,4,91.46
1540,1540,221,2,438.3
1541,1541,98,1,27.59
1542,1542,265,1,401.49
1543,1543,106,4,456.45
1544,1544,271,3,460.47
1545,1545,144,1,53.53
1546,1546,161,3,403.93
1547,1547,117,3,254.99
1548,1548,149,1,356.79
1549,1549,23,5,394.37
1550,1550,259,4,31.38
1551,1551,234,2,155.08
1552,1552,273,3,16.18
1553,1553,267,4,316.3
1554,1554,1,4,245.98
1555,1555,295,2,124.7
1556,1556,144,1,171.51
1557,1557,142,3,237.96
1558,1558,63,4,39.97
1559,1559,14,4,187.13
1560,1560,56,5,183.18
1561,1561,24,1,202.4
1562,1562,230,5,217.24
1563,1563,123,4,308.34
1564,1564,247,3,414.49
1565,1565,237,4,327.2
1566,1566,300,4,170.48
1567,1567,183,4,357.59
1568,1568,220,5,293.44
1569,1569,53,1,47.99
1570,1570,220,4,426.76
1571,1571,109,4,73.48
1572,1572,199,2,12.77
1573,1573,171,1,158.9
1574,1574,28,5,76.7
1575,1575,250,1,481.81
1576,1576,8,5,108.1
1577,1577,245,3,411.56
1578,1578,112,1,35.03
1579,1579,5,2,211.07
1580,1580,68,1,120.72
1581,1581,110,3,462.21
1582,1582,237,4,110.68
1583,1583,217,4,312.29
1584,1584,28,5,172.52
1585,1585,13,1,312.46
1586,1586,38,1,18.13
1587,1587,180,2,405.65
1588,1588,219,1,347.18
1589,1589,193,2,273.73
1590,1590,203,4,156.28
1591,1591,271,2,155.14
1592,1592,279,4,353.33
1593,1593,168,2,202.0
1594,1594,207,3,87.93
1595,1595,97,1,253.32
1596,1596,270,1,355.91
1597,1597,232,1,143.48
1598,1598,202,4,387.02
1599,1599,195,3,450.17
1600,1600,92,2,412.07
1601,1601,286,1,391.73
1602,1602,142,5,255.66
1603,1603,132,4,358.08
1604,1604,124,5,423.53
1605,1605,121,1,300.09
1606,1606,84,5,426.88
1607,1607,221,5,256.86
1608,1608,227,5,195.42
1609,1609,31,4,389.77
1610,1610,109,2,141.69
1611,1611,148,5,449.41
1612,1612,31,5,270.38
1613,1613,91,4,319.76
1614,1614,154,5,485.31
1615,1615,285,5,484.5
1616,1616,133,4,46.02
1617,1617,72,3,217.52
1618,1618,93,2,150.6
1619,1619,245,5,114.1
1620,1620,126,3,207.19
1621,1621,62,3,403.27
1622,1622,167,4,163.17
1623,1623,35,5,415.67
1624,1624,179,3,69.1
1625,1625,249,2,495.37
1626,1626,183,1,415.5
1627,1627,239,1,23.53
1628,1628,188,5,312.06
1629,1629,298,2,44.71
1630,1630,141,5,325.02
1631,1631,11,5,338.49
1632,1632,287,2,128.3
1633,1633,156,4,272.46
1634,1634,221,2,416.16
1635,1635,65,4,355.19
1636,1636,174,4,463.92
1637,1637,226,3,418.76
1638,1638,296,3,100.74
1639,1639,232,3,106.44
1640,1640,276,5,426.87
1641,1641,51,2,210.54
1642,1642,27,5,82.37
1643,1643,142,1,409.08
1644,1644,13,5,129.19
1645,1645,142,1,121.26
1646,1646,214,5,272.18
1647,1647,114,2,467.22
1648,1648,42,5,258.82
1649,1649,116,3,265.51
1650,1650,218,4,464.1
1651,1651,177,3,132.1
1652,1652,255,3,71.74
1653,1653,262,3,451.9
1654,1654,116,2,198.48
1655,1655,200,1,253.38
1656,1656,19,5,62.04
1657,1657,192,3,319.49
1658,1658,162,5,324.9
1659,1659,66,3,281.59
1660,1660,248,2,257.3
1661,1661,203,4,212.28
1662,1662,255,4,422.19
1663,1663,47,5,267.45
1664,1664,47,4,497.51
1665,1665,271,1,237.54
1666,1666,80,3,305.49
1667,1667,178,5,420.01
1668,1668,146,2,155.56
1669,1669,277,5,10.83
1670,1670,177,5,239.55
1671,1671,84,5,184.72
1672,1672,161,3,499.3
1673,1673,103,3,426.35
1674,1674,229,1,334.9
1675,1675,178,5,206.59
1676,1676,23,5,470.21
1677,1677,274,4,116.61
1678,1678,61,5,428.1
1679,1679,172,4,269.37
1680,1680,152,3,450.28
1681,1681,108,3,136.0
1682,1682,122,3,395.51
1683,1683,130,1,276.12
1684,1684,39,1,154.9
1685,1685,60,2,461.69
1686,1686,270,1,315.21
1687,1687,158,5,252.47
1688,1688,294,4,461.67
1689,1689,181,1,452.22
1690,1690,217,5,15.5
1691,1691,12,2,178.87
1692,1692,120,3,144.09
1693,1693,91,3,307.01
1694,1694,34,1,306.81
1695,1695,275,2,261.68
1696,1696,194,3,288.14
1697,1697,94,3,269.81
1698,1698,16,5,101.73
1699,1699,5,5,307.89
1700,1700,274,5,83.2
1701,1701,1,4,103.99
1702,1702,117,4,148.73
1703,1703,124,4,334.0
1704,1704,164,3,268.36
1705,1705,185,3,68.48
1706,1706,172,3,388.2
1707,1707,243,4,187.55
1708,1708,268,5,233.19
1709,1709,74,1,366.15
1710,1710,228,3,380.99
1711,1711,142,4,91.83
1712,1712,297,2,152.11
1713,1713,208,2,342.29
1714,1714,67,3,429.85
1715,1715,19,3,161.52
1716,1716,120,2,149.41
1717,1717,264,5,169.28
1718,1718,105,3,23.8
1719,1719,228,4,449.36
1720,1720,113,1,121.48
1721,1721,208,2,188.91
1722,1722,62,4,483.83
1723,1723,300,5,14.01
1724,1724,109,4,455.73
1725,1725,35,1,145.49
1726,1726,74,3,346.52
1727,1727,1,5,292.04
1728,1728,65,1,268.85
1729,1729,144,2,87.48
1730,1730,16,1,259.51
1731,1731,126,3,151.28
1732,1732,106,3,440.91
1733,1733,163,5,102.96
1734,1734,37,5,416.77
1735,1735,40,1,422.42
1736,1736,64,1,217.46
1737,1737,109,5,51.63
1738,1738,106,2,369.72
1739,1739,126,3,296.13
1740,1740,245,1,36.31
1741,1741,176,1,166.21
1742,1742,95,1,177.8
1743,1743,147,5,421.8
1744,1744,163,1,445.52
1745,1745,22,2,228.96
1746,1746,149,5,110.09
1747,1747,230,5,259.42
1748,1748,59,2,104.7
1749,1749,44,1,120.04
1750,1750,185,3,283.66
1751,1751,200,2,401.38
1752,1752,185,4,458.55
1753,1753,246,1,337.29
1754,1754,162,4,447.46
1755,1755,7,2,256.5
1756,1756,298,3,249.38
1757,1757,220,1,223.14
1758,1758,58,5,306.63
1759,1759,235,2,345.2
1760,1760,11,4,58.69
1761,1761,286,5,181.93
1762,1762,167,5,60.48
1763,1763,289,4,273.75
1764,1764,77,5,144.84
1765,1765,206,4,14.8
1766,1766,237,5,54.16
1767,1767,27,2,478.95
1768,1768,89,4,439.41
1769,1769,58,2,308.21
1770,1770,103,4,496.26
1771,1771,26,4,417.51
1772,1772,227,4,30.25
1773,1773,263,4,14.88
1774,1774,98,4,126.7
1775,1775,182,4,81.24
1776,1776,67,2,314.11
1777,1777,150,3,191.86
1778,1778,165,3,53.2
1779,1779,114,2,11.9
1780,1780,93,1,346.61
1781,1781,249,5,151.47
1782,1782,16,3,316.01
1783,1783,159,4,444.19
1784,1784,267,2,251.51
1785,1785,265,5,135.42
1786,1786,167,3,81.18
1787,1787,108,2,165.17
1788,1788,122,3,30.78
1789,1789,192,3,303.86
1790,1790,210,2,210.63
1791,1791,288,3,310.23
1792,1792,99,2,266.49
1793,1793,120,2,21.38
1794,1794,237,3,447.96
1795,1795,143,5,381.16
1796,1796,278,2,245.14
1797,1797,47,5,136.78
1798,1798,49,1,238.4
1799,1799,154,4,479.38
1800,1800,84,4,154.4
1801,1801,49,4,132.33
1802,1802,6,4,367.78
1803,1803,156,4,77.61
1804,1804,135,1,409.28
1805,1805,156,1,415.19
1806,1806,121,2,305.11
1807,1807,176,3,123.85
1808,1808,264,4,475.97
1809,1809,200,2,356.62
1810,1810,262,3,399.3
1811,1811,171,4,394.2
1812,1812,147,3,336.03
1813,1813,281,1,269.73
1814,1814,50,4,464.86
1815,1815,52,5,11.79
1816,1816,228,3,303.64
1817,1817,92,2,304.19
1818,1818,8,3,227.4
1819,1819,178,3,14.63
1820,1820,169,3,437.26
1821,1821,33,2,426.83
1822,1822,235,1,485.07
1823,1823,133,4,240.53
1824,1824,185,1,300.91
1825,1825,248,4,156.37
1826,1826,248,3,179.46
1827,1827,153,3,485.19
1828,1828,57,5,179.33
1829,1829,57,2,262.47
1830,1830,64,3,300.28
1831,1831,207,3,408.83
1832,1832,95,2,236.13
1833,1833,140,3,154.96
1834,1834,66,1,486.2
1835,1835,294,4,256.38
1836,1836,52,2,238.34
1837,1837,167,3,17.57
1838,1838,249,2,111.97
1839,1839,196,4,60.54
1840,1840,207,5,456.93
1841,1841,286,3,263.93
1842,1842,18,2,314.99
1843,1843,183,4,439.77
1844,1844,149,4,11.29
1845,1845,272,3,497.16
1846,1846,156,5,388.61
1847,1847,278,5,118.1
1848,1848,289,3,206.52
1849,1849,163,5,373.75
1850,1850,43,4,30.14
1851,1851,279,3,178.13
1852,1852,61,5,377.67
1853,1853,52,1,471.26
1854,1854,164,4,246.71
1855,1855,250,3,393.26
1856,1856,238,3,200.64
1857,1857,191,3,172.08
1858,1858,250,2,117.98
1859,1859,152,1,115.77
1860,1860,117,4,34.04
1861,1861,15,4,299.95
1862,1862,41,5,470.26
1863,1863,9,1,437.51
1864,1864,166,5,271.51
1865,1865,269,4,447.15
1866,1866,149,4,108.54
1867,1867,113,5,497.71
1868,1868,143,4,47.27
1869,1869,9,4,421.26
1870,1870,122,5,422.79
1871,1871,6,1,337.48
1872,1872,168,4,472.7
1873,1873,127,4,389.93
1874,1874,175,4,385.53
1875,1875,274,2,447.19
1876,1876,3,2,312.26
1877,1877,212,5,452.46
1878,1878,18,4,310.42
1879,1879,247,2,338.55
1880,1880,149,4,52.73
1881,1881,5,4,27.09
1882,1882,284,4,485.56
1883,1883,203,4,457.06
1884,1884,12,5,445.59
1885,1885,290,4,354.87
1886,1886,264,2,482.67
1887,1887,268,1,97.93
1888,1888,296,4,343.39
1889,1889,78,2,10.2
1890,1890,189,5,173.76
1891,1891,291,1,155.76
1892,1892,77,2,170.72
1893,1893,110,1,223.57
1894,1894,247,3,121.56
1895,1895,223,1,93.46
1896,1896,240,1,364.84
1897,1897,22,1,13.41
1898,1898,106,1,320.54
1899,1899,19,1,444.31
1900,1900,142,1,68.77
1901,1901,41,5,424.6
1902,1902,203,3,273.64
1903,1903,243,1,33.34
1904,1904,88,2,30.1
1905,1905,296,1,55.83
1906,1906,173,2,495.84
1907,1907,60,4,113.68
1908,1908,157,5,200.86
1909,1909,163,1,468.03
1910,1910,160,3,215.09
1911,1911,52,2,309.78
1912,1912,121,1,273.05
1913,1913,136,4,347.15
1914,1914,55,1,35.01
1915,1915,186,4,64.43
1916,1916,12,5,308.99
1917,1917,27,4,45.45
1918,1918,83,3,70.18
1919,1919,252,3,63.44
1920,1920,209,1,53.95
1921,1921,117,5,112.28
1922,1922,150,2,106.8
1923,1923,262,2,269.55
1924,1924,204,4,211.03
1925,1925,204,3,185.87
1926,1926,260,3,438.66
1927,1927,186,3,364.61
1928,1928,85,4,26.87
1929,1929,20,4,18.8
1930,1930,168,3,184.96
1931,1931,230,2,335.39
1932,1932,239,3,141.31
1933,1933,174,3,225.4
1934,1934,152,5,312.82
1935,1935,212,2,176.6
1936,1936,257,1,257.3
1937,1937,134,3,418.73
1938,1938,83,3,286.69
1939,1939,115,4,370.03
1940,1940,67,1,127.13
1941,1941,201,2,325.52
1942,1942,156,3,405.8
1943,1943,58,4,133.08
1944,1944,105,1,331.98
1945,1945,116,2,56.61
1946,1946,236,1,103.79
1947,1947,28,4,48.35
1948,1948,272,3,334.34
1949,1949,245,3,413.99
1950,1950,241,1,194.87
1951,1951,198,3,263.63
1952,1952,101,1,292.5
1953,1953,165,1,76.97
1954,1954,223,1,346.5
1955,1955,107,5,138.61
1956,1956,296,3,76.14
1957,1957,56,2,403.82
1958,1958,231,4,297.46
1959,1959,237,2,190.47
1960,1960,175,1,37.88
1961,1961,266,5,401.86
1962,1962,103,3,21.86
1963,1963,44,3,197.0
1964,1964,207,3,434.47
1965,1965,116,4,154.12
1966,1966,123,5,466.52
1967,1967,153,3,96.38
1968,1968,39,3,10.9
1969,1969,12,1,138.48
1970,1970,215,4,410.19
1971,1971,118,5,275.76
1972,1972,72,3,346.65
1973,1973,237,3,320.42
1974,1974,237,3,303.47
1975,1975,58,2,103.08
1976,1976,233,4,83.58
1977,1977,248,2,499.58
1978,1978,53,1,241.62
1979,1979,20,3,387.74
1980,1980,191,2,11.95
1981,1981,70,2,38.75
1982,1982,198,2,269.78
1983,1983,206,1,456.73
1984,1984,156,5,482.93
1985,1985,93,5,379.17
1986,1986,141,3,85.91
1987,1987,121,2,462.68
1988,1988,5,4,356.76
1989,1989,112,2,225.86
1990,1990,256,1,397.32
1991,1991,13,2,498.05
1992,1992,175,1,272.74
1993,1993,268,2,380.88
1994,1994,190,4,345.89
1995,1995,108,3,465.19
1996,1996,254,1,158.98
1997,1997,15,3,401.63
1998,1998,75,2,191.57
1999,1999,134,2,145.41
2000,2000,25,5,63.53
2001,2001,73,3,242.2
2002,2002,85,2,57.65
2003,2003,4,5,334.4
2004,2004,242,5,428.8
2005,2005,178,3,274.19
2006,2006,44,5,407.12
2007,2007,209,5,242.38
2008,2008,94,5,424.78
2009,2009,175,4,133.82
2010,2010,105,5,459.44
2011,2011,269,4,337.73
2012,2012,8,4,295.5
2013,2013,63,4,273.88
2014,2014,268,5,440.84
2015,2015,152,5,109.15
2016,2016,108,1,29.93
2017,2017,18,5,467.85
2018,2018,280,5,92.46
2019,2019,113,3,415.1
2020,2020,285,1,182.96
2021,2021,299,1,423.24
2022,2022,64,1,423.56
2023,2023,192,5,235.02
2024,2024,257,5,161.35
2025,2025,10,1,243.88
2026,2026,168,2,170.71
2027,2027,3,4,281.93
2028,2028,194,4,157.07
2029,2029,53,5,87.04
2030,2030,6,4,397.7
2031,2031,98,3,85.81
2032,2032,152,1,111.99
2033,2033,293,3,457.89
2034,2034,274,1,136.17
2035,2035,64,4,154.59
2036,2036,36,4,18.51
2037,2037,166,3,449.34
2038,2038,161,5,480.72
2039,2039,80,3,40.9
2040,2040,12,4,330.71
2041,2041,292,1,260.46
2042,2042,62,5,261.32
2043,2043,214,1,119.45
2044,2044,179,4,321.42
2045,2045,194,2,334.29
2046,2046,142,5,420.87
2047,2047,249,5,205.25
2048,2048,19,3,62.55
2049,2049,107,3,388.95
2050,2050,243,4,310.34
2051,2051,186,5,191.94
2052,2052,143,4,478.74
2053,2053,126,3,36.78
2054,2054,68,5,85.4
2055,2055,72,3,93.63
2056,2056,34,3,215.63
2057,2057,68,3,83.1
2058,2058,109,1,44.02
2059,2059,265,4,429.45
2060,2060,102,1,447.14
2061,2061,155,1,263.58
2062,2062,296,4,85.68
2063,2063,124,5,424.59
2064,2064,116,2,140.55
2065,2065,244,4,38.48
2066,2066,126,4,338.25
2067,2067,54,4,375.74
2068,2068,266,3,470.75
2069,2069,251,1,455.04
2070,2070,32,1,171.97
2071,2071,248,4,64.0
2072,2072,246,1,249.51
2073,2073,3,3,29.82
2074,2074,245,5,139.01
2075,2075,71,5,159.03
2076,2076,102,5,70.25
2077,2077,125,5,359.14
2078,2078,50,2,438.15
2079,2079,122,3,379.71
2080,2080,78,1,126.94
2081,2081,275,1,403.67
2082,2082,92,4,493.58
2083,2083,257,4,125.75
2084,2084,265,2,169.71
2085,2085,113,2,393.45
2086,2086,132,5,121.99
2087,2087,241,5,156.45
2088,2088,58,5,238.39
2089,2089,23,2,132.53
2090,2090,276,1,147.6
2091,2091,5,4,473.57
2092,2092,48,5,274.47
2093,2093,119,4,333.36
2094,2094,139,2,490.0
2095,2095,241,1,111.36
2096,2096,8,1,479.16
2097,2097,17,1,267.61
2098,2098,29,4,393.57
2099,2099,117,1,393.92
2100,2100,228,3,477.24
2101,2101,185,4,201.5
2102,2102,26,3,91.8
2103,2103,160,2,478.5
2104,2104,153,3,436.11
2105,2105,109,5,38.2
2106,2106,198,4,67.07
2107,2107,156,4,59.13
2108,2108,42,2,433.23
2109,2109,151,2,350.13
2110,2110,215,5,124.09
2111,2111,257,1,141.78
2112,2112,166,5,444.15
2113,2113,291,5,476.93
2114,2114,158,2,335.35
2115,2115,151,2,225.12
2116,2116,58,2,422.29
2117,2117,248,3,173.31
2118,2118,106,2,82.01
2119,2119,132,2,459.48
2120,2120,290,5,92.14
2121,2121,93,2,124.23
2122,2122,66,1,70.6
2123,2123,6,5,394.15
2124,2124,245,3,65.62
2125,2125,208,1,255.22
2126,2126,227,4,257.77
2127,2127,261,4,437.21
2128,2128,18,5,34.55
2129,2129,5,5,58.7
2130,2130,15,4,477.91
2131,2131,233,1,357.26
2132,2132,196,2,51.78
2133,2133,57,1,27.49
2134,2134,72,3,25.15
2135,2135,11,1,323.73
2136,2136,114,4,463.71
2137,2137,299,2,193.64
2138,2138,82,1,254.75
2139,2139,172,4,365.08
2140,2140,120,5,293.94
2141,2141,93,5,105.51
2142,2142,184,5,196.42
2143,2143,5,5,186.91
2144,2144,131,1,173.83
2145,2145,94,2,289.34
2146,2146,268,4,272.49
2147,2147,165,4,94.72
2148,2148,165,3,123.53
2149,2149,189,2,439.81
2150,2150,88,5,474.28
2151,2151,227,5,341.27
2152,2152,160,3,450.39
2153,2153,294,3,130.26
2154,2154,181,2,47.62
2155,2155,132,3,373.32
2156,2156,188,2,140.53
2157,2157,131,2,216.53
2158,2158,239,2,371.42
2159,2159,269,2,489.93
2160,2160,255,1,273.81
2161,2161,286,3,307.89
2162,2162,247,3,297.96
2163,2163,274,5,148.19
2164,2164,94,4,340.13
2165,2165,216,4,233.03
2166,2166,119,1,256.85
2167,2167,168,5,465.38
2168,2168,171,1,280.73
2169,2169,236,3,360.5
2170,2170,105,1,247.52
2171,2171,163,4,28.46
2172,2172,10,2,100.04
2173,2173,204,2,396.16
2174,2174,102,4,273.4
2175,2175,145,1,359.17
2176,2176,236,4,315.06
2177,2177,190,2,200.52
2178,2178,293,3,98.82
2179,2179,207,3,45.79
2180,2180,143,4,178.7
2181,2181,267,2,365.2
2182,2182,9,5,418.18
2183,2183,100,1,243.66
2184,2184,200,1,360.55
2185,2185,62,3,466.21
2186,2186,6,4,281.62
2187,2187,20,3,364.35
2188,2188,189,1,205.33
2189,2189,123,3,151.69
2190,2190,269,4,173.27
2191,2191,244,1,240.07
2192,2192,21,1,265.23
2193,2193,149,5,81.02
2194,2194,192,5,151.56
2195,2195,206,5,287.35
2196,2196,268,2,322.0
2197,2197,265,3,208.01
2198,2198,213,3,51.67
2199,2199,153,1,149.26
2200,2200,160,5,331.48
2201,2201,25,3,486.02
2202,2202,252,3,327.9
2203,2203,225,5,119.1
2204,2204,60,4,466.06
2205,2205,46,4,80.86
2206,2206,83,5,300.23
2207,2207,17,2,192.03
2208,2208,39,4,259.3
2209,2209,71,5,323.93
2210,2210,260,5,77.23
2211,2211,118,1,164.63
2212,2212,4,5,50.83
2213,2213,47,2,125.59
2214,2214,161,1,247.75
2215,2215,144,2,488.84
2216,2216,234,2,263.33
2217,2217,190,3,211.26
2218,2218,297,1,255.48
2219,2219,244,5,139.84
2220,2220,292,4,438.68
2221,2221,176,4,206.02
2222,2222,161,1,350.89
2223,2223,242,5,153.13
2224,2224,271,2,475.9
2225,2225,224,4,370.34
2226,2226,268,1,487.38
2227,2227,180,1,43.55
2228,2228,219,3,73.73
2229,2229,267,5,470.57
2230,2230,224,5,444.35
2231,2231,272,1,246.57
2232,2232,183,5,141.3
2233,2233,266,2,164.46
2234,2234,241,5,50.68
2235,2235,219,4,41.46
2236,2236,29,2,215.02
2237,2237,199,3,92.17
2238,2238,184,2,304.36
2239,2239,140,3,237.76
2240,2240,198,5,328.06
2241,2241,116,4,241.09
2242,2242,68,1,380.64
2243,2243,57,2,499.07
2244,2244,40,3,269.76
2245,2245,176,3,289.0
2246,2246,116,4,151.97
2247,2247,42,1,299.71
2248,2248,214,1,315.11
2249,2249,216,2,355.81
2250,2250,273,5,82.61
2251,2251,265,1,115.64
2252,2252,97,5,414.87
2253,2253,212,4,486.0
2254,2254,95,4,214.83
2255,2255,6,5,120.18
2256,2256,291,5,405.98
2257,2257,234,5,262.17
2258,2258,247,2,161.87
2259,2259,10,1,423.69
2260,2260,65,2,262.62
2261,2261,132,2,32.65
2262,2262,63,3,91.78
2263,2263,233,4,281.16
2264,2264,134,4,338.85
2265,2265,222,5,457.62
2266,2266,184,5,195.61
2267,2267,149,4,96.23
2268,2268,240,3,59.11
2269,2269,140,5,409.98
2270,2270,208,1,37.34
2271,2271,55,1,132.8
2272,2272,4,1,227.26
2273,2273,88,1,357.98
2274,2274,32,5,142.53
2275,2275,290,1,38.62
2276,2276,205,5,107.31
2277,2277,76,5,359.6
2278,2278,95,5,445.0
2279,2279,1,2,328.2
2280,2280,269,3,301.84
2281,2281,195,4,210.88
2282,2282,186,2,399.33
2283,2283,280,2,24.08
2284,2284,30,4,309.0
2285,2285,131,2,239.75
2286,2286,102,5,405.23
2287,2287,196,1,316.04
2288,2288,61,5,333.16
2289,2289,253,3,119.26
2290,2290,248,1,274.37
2291,2291,41,2,341.51
2292,2292,224,2,238.04
2293,2293,39,3,187.93
2294,2294,287,4,306.86
2295,2295,35,1,367.57
2296,2296,50,4,434.17
2297,2297,12,2,368.99
2298,2298,277,2,350.8
2299,2299,299,2,91.37
2300,2300,25,3,434.96
2301,2301,60,3,190.55
2302,2302,215,5,146.11
2303,2303,109,1,344.21
2304,2304,81,3,28.37
2305,2305,223,4,450.1
2306,2306,272,4,161.92
2307,2307,261,3,461.65
2308,2308,133,4,362.08
2309,2309,36,1,394.79
2310,2310,224,3,51.56
2311,2311,102,1,72.64
2312,2312,188,5,393.41
2313,2313,54,2,92.47
2314,2314,56,5,211.73
2315,2315,245,2,91.13
2316,2316,95,3,191.13
2317,2317,293,4,159.16
2318,2318,218,4,341.59
2319,2319,226,4,320.4
2320,2320,241,3,385.13
2321,2321,270,2,432.32
2322,2322,193,1,360.3
2323,2323,269,3,172.31
2324,2324,122,2,20.45
2325,2325,28,4,188.28
2326,2326,277,2,42.25
2327,2327,291,5,358.7
2328,2328,190,1,148.06
2329,2329,183,3,275.18
2330,2330,105,5,432.32
2331,2331,148,3,320.41
2332,2332,118,3,57.41
2333,2333,106,4,105.69
2334,2334,147,1,403.16
2335,2335,81,5,157.01
2336,2336,208,2,307.49
2337,2337,206,2,231.52
2338,2338,137,1,89.25
2339,2339,115,1,410.93
2340,2340,92,5,104.13
2341,2341,160,5,301.43
2342,2342,42,2,178.03
2343,2343,86,3,493.15
2344,2344,8,4,382.94
2345,2345,165,3,233.79
2346,2346,70,2,308.46
2347,2347,107,3,199.76
2348,2348,1,5,46.46
2349,2349,194,3,211.7
2350,2350,95,4,349.58
2351,2351,282,2,60.47
2352,2352,208,5,272.14
2353,2353,269,2,85.28
2354,2354,292,1,178.14
2355,2355,262,2,403.78
2356,2356,248,3,105.35
2357,2357,169,1,235.61
2358,2358,270,5,314.36
2359,2359,151,2,71.08
2360,2360,12,1,198.5
2361,2361,148,5,159.76
2362,2362,5,3,445.99
2363,2363,173,5,55.04
2364,2364,165,3,46.22
2365,2365,46,2,25.1
2366,2366,15,4,79.27
2367,2367,13,4,216.31
2368,2368,50,1,375.88
2369,2369,83,2,488.13
2370,2370,77,3,326.86
2371,2371,205,4,258.06
2372,2372,255,5,321.76
2373,2373,231,4,297.45
2374,2374,9,1,92.41
2375,2375,212,1,219.77
2376,2376,49,4,57.52
2377,2377,50,2,418.3
2378,2378,270,5,452.41
2379,2379,245,1,90.37
2380,2380,93,1,157.12
2381,2381,42,2,30.57
2382,2382,190,5,407.21
2383,2383,169,5,155.22
2384,2384,17,3,48.23
2385,2385,164,4,159.79
2386,2386,237,5,472.4
2387,2387,243,2,410.85
2388,2388,22,4,345.55
2389,2389,113,3,95.47
2390,2390,256,4,483.15
2391,2391,17,5,161.23
2392,2392,219,5,382.68
2393,2393,214,1,455.64
2394,2394,193,5,44.4
2395,2395,75,2,294.63
2396,2396,91,2,362.76
2397,2397,202,4,369.08
2398,2398,41,2,117.12
2399,2399,64,1,293.43
2400,2400,144,5,439.34
2401,2401,296,1,355.7
2402,2402,198,5,243.52
2403,2403,48,3,237.22
2404,2404,261,2,307.74
2405,2405,296,1,137.43
2406,2406,105,2,56.59
2407,2407,213,4,114.09
2408,2408,35,2,473.13
2409,2409,110,5,71.28
2410,2410,69,2,403.53
2411,2411,199,1,293.72
2412,2412,287,5,310.4
2413,2413,264,4,130.09
2414,2414,291,2,132.09
2415,2415,149,3,48.76
2416,2416,246,5,261.51
2417,2417,254,1,275.75
2418,2418,255,2,309.91
2419,2419,289,4,110.97
2420,2420,146,2,296.46
2421,2421,40,5,199.79
2422,2422,89,3,227.41
2423,2423,78,5,19.01
2424,2424,209,4,457.27
2425,2425,17,4,473.74
2426,2426,290,3,199.34
2427,2427,204,5,192.97
2428,2428,245,5,367.04
2429,2429,130,1,22.41
2430,2430,277,5,447.8
2431,2431,244,5,239.93
2432,2432,235,1,30.44
2433,2433,121,1,304.5
2434,2434,233,2,118.77
2435,2435,161,1,47.25
2436,2436,245,2,486.73
2437,2437,206,1,157.56
2438,2438,119,1,308.12
2439,2439,100,5,103.83
2440,2440,126,2,251.89
2441,2441,289,4,475.66
2442,2442,108,5,195.13
2443,2443,237,2,96.58
2444,2444,194,5,331.06
2445,2445,20,5,339.75
2446,2446,92,3,188.69
2447,2447,145,3,329.75
2448,2448,26,3,310.4
2449,2449,215,4,168.36
2450,2450,16,3,379.26
2451,2451,258,1,100.15
2452,2452,144,5,23.88
2453,2453,296,3,143.47
2454,2454,297,5,498.41
2455,2455,278,2,379.38
2456,2456,298,3,351.42
2457,2457,144,2,405.56
2458,2458,162,3,288.12
2459,2459,48,4,93.91
2460,2460,266,1,494.35
2461,2461,276,5,218.57
2462,2462,285,5,161.54
2463,2463,215,3,437.1
2464,2464,15,2,196.3
2465,2465,247,2,120.49
2466,2466,234,4,256.34
2467,2467,18,2,333.44
2468,2468,36,3,317.46
2469,2469,135,2,262.76
2470,2470,138,4,494.28
2471,2471,55,4,297.23
2472,2472,210,3,366.85
2473,2473,266,2,108.94
2474,2474,296,3,161.87
2475,2475,86,5,461.71
2476,2476,209,4,402.77
2477,2477,179,5,118.44
2478,2478,143,4,20.6
2479,2479,126,2,152.09
2480,2480,209,3,45.76
2481,2481,187,5,54.8
2482,2482,214,2,233.77
2483,2483,224,1,296.62
2484,2484,162,5,32.5
2485,2485,106,5,144.92
2486,2486,248,3,452.95
2487,2487,34,3,275.12
2488,2488,158,1,209.09
2489,2489,23,1,429.73
2490,2490,245,4,448.41
2491,2491,234,5,351.54
2492,2492,240,1,185.28
2493,2493,273,4,358.69
2494,2494,276,3,326.34
2495,2495,114,4,208.96
2496,2496,93,4,423.45
2497,2497,260,5,105.15
2498,2498,199,1,226.51
2499,2499,221,2,326.25
2500,2500,68,1,176.63
2501,2501,136,5,368.77
2502,2502,106,5,44.06
2503,2503,287,3,59.19
2504,2504,284,1,417.28
2505,2505,196,1,221.54
2506,2506,178,3,76.75
2507,2507,42,4,411.0
2508,2508,58,1,203.15
2509,2509,224,5,150.71
2510,2510,218,3,382.49
2511,2511,82,5,113.0
2512,2512,195,4,416.39
2513,2513,268,1,463.61
2514,2514,92,4,146.68
2515,2515,27,2,456.03
2516,2516,182,3,277.91
2517,2517,63,1,358.8
2518,2518,207,1,221.12
2519,2519,139,5,325.51
2520,2520,153,1,433.52
2521,2521,277,3,377.92
2522,2522,44,2,373.35
2523,2523,283,5,47.96
2524,2524,251,4,424.36
2525,2525,5,3,263.15
2526,2526,216,1,272.03
2527,2527,179,2,394.46
2528,2528,124,1,56.62
2529,2529,252,4,168.73
2530,2530,92,1,385.26
2531,2531,295,4,463.84
2532,2532,8,2,172.62
2533,2533,95,2,35.06
2534,2534,71,5,129.55
2535,2535,66,4,189.76
2536,2536,198,4,419.27
2537,2537,144,4,356.19
2538,2538,206,3,342.91
2539,2539,52,2,32.19
2540,2540,26,1,211.75
2541,2541,122,1,268.82
2542,2542,257,5,344.97
2543,2543,77,5,166.13
2544,2544,9,5,65.48
2545,2545,61,1,489.1
2546,2546,171,5,405.42
2547,2547,245,2,288.13
2548,2548,287,1,316.82
2549,2549,192,1,323.07
2550,2550,1,4,28.29
2551,2551,34,4,169.2
2552,2552,47,1,459.9
2553,2553,175,3,421.93
2554,2554,74,2,203.67
2555,2555,217,5,405.73
2556,2556,25,3,497.45
2557,2557,290,1,81.35
2558,2558,75,5,234.56
2559,2559,13,5,35.79
2560,2560,42,4,55.13
2561,2561,220,5,318.13
2562,2562,177,1,357.89
2563,2563,208,5,231.64
2564,2564,267,3,301.63
2565,2565,219,2,94.36
2566,2566,209,5,416.72
2567,2567,244,4,352.87
2568,2568,281,3,469.91
2569,2569,226,2,407.33
2570,2570,248,5,79.45
2571,2571,238,4,28.35
2572,2572,266,2,159.33
2573,2573,169,4,91.45
2574,2574,53,4,295.81
2575,2575,37,3,167.62
2576,2576,286,2,341.69
2577,2577,270,5,164.69
2578,2578,134,4,42.11
2579,2579,149,2,414.99
2580,2580,16,4,201.13
2581,2581,58,1,182.08
2582,2582,149,2,448.95
2583,2583,54,1,44.22
2584,2584,285,2,305.85
2585,2585,179,4,30.93
2586,2586,17,5,296.54
2587,2587,266,1,350.67
2588,2588,37,1,340.8
2589,2589,16,2,113.16
2590,2590,170,3,52.38
2591,2591,227,2,356.94
2592,2592,191,3,13.59
2593,2593,207,1,359.57
2594,2594,80,1,33.61
2595,2595,96,3,161.37
2596,2596,178,3,190.37
2597,2597,212,2,107.29
2598,2598,199,5,470.62
2599,2599,30,2,159.84
2600,2600,248,5,433.63
2601,2601,15,3,406.52
2602,2602,63,4,191.17
2603,2603,88,3,21.68
2604,2604,38,3,23.67
2605,2605,116,1,136.17
2606,2606,230,1,281.22
2607,2607,214,4,34.89
2608,2608,145,1,214.31
2609,2609,131,3,48.41
2610,2610,139,5,444.04
2611,2611,162,1,235.58
2612,2612,131,3,357.44
2613,2613,11,4,308.57
2614,2614,211,1,365.93
2615,2615,112,3,64.69
2616,2616,150,1,378.0
2617,2617,231,5,125.39
2618,2618,215,5,78.39
2619,2619,285,3,269.1
2620,2620,164,5,92.44
2621,2621,271,2,262.64
2622,2622,183,2,401.04
2623,2623,263,4,433.29
2624,2624,213,4,484.57
2625,2625,244,2,303.66
2626,2626,278,1,214.76
2627,2627,139,2,441.41
2628,2628,23,1,51.32
2629,2629,189,4,491.93
2630,2630,220,4,371.43
2631,2631,292,5,54.39
2632,2632,49,3,253.65
2633,2633,177,2,117.43
2634,2634,191,4,408.33
2635,2635,198,1,428.25
2636,2636,158,5,335.79
2637,2637,69,4,497.68
2638,2638,95,3,301.89
2639,2639,146,1,328.71
2640,2640,201,5,114.24
2641,2641,248,2,140.27
2642,2642,275,4,186.46
2643,2643,147,4,44.95
2644,2644,36,4,256.53
2645,2645,56,3,397.74
2646,2646,204,4,190.89
2647,2647,231,1,152.96
2648,2648,77,5,491.17
2649,2649,220,5,483.87
2650,2650,238,2,95.73
2651,2651,97,4,436.88
2652,2652,287,3,288.91
2653,2653,217,1,19.88
2654,2654,204,2,486.21
2655,2655,258,3,428.16
2656,2656,75,2,76.1
2657,2657,154,4,407.73
2658,2658,223,1,151.8
2659,2659,291,5,63.36
2660,2660,43,1,280.4
2661,2661,6,5,100.92
2662,2662,201,5,315.3
2663,2663,208,3,33.22
2664,2664,196,4,198.57
2665,2665,251,4,363.9
2666,2666,131,5,364.63
2667,2667,163,1,449.83
2668,2668,150,4,211.26
2669,2669,168,5,209.33
2670,2670,183,2,29.69
2671,2671,60,5,460.37
2672,2672,144,5,133.88
2673,2673,82,4,326.88
2674,2674,106,2,232.76
2675,2675,267,3,168.33
2676,2676,234,3,236.71
2677,2677,22,1,112.63
2678,2678,43,4,355.86
2679,2679,36,1,36.94
2680,2680,271,5,205.51
2681,2681,22,4,217.04
2682,2682,29,4,425.67
2683,2683,185,5,84.78
2684,2684,216,5,99.58
2685,2685,19,5,449.03
2686,2686,295,2,239.91
2687,2687,24,1,469.2
2688,2688,187,1,194.83
2689,2689,226,4,164.64
2690,2690,85,1,359.58
2691,2691,165,4,48.32
2692,2692,197,3,158.69
2693,2693,188,5,314.37
2694,2694,42,2,99.7
2695,2695,298,4,398.09
2696,2696,185,5,61.81
2697,2697,180,5,187.3
2698,2698,37,1,171.96
2699,2699,37,5,104.23
2700,2700,114,1,132.0
2701,2701,16,4,323.01
2702,2702,143,4,408.1
2703,2703,121,1,356.83
2704,2704,142,1,463.51
2705,2705,132,1,374.9
2706,2706,54,4,347.54
2707,2707,102,4,410.61
2708,2708,54,3,101.82
2709,2709,137,2,128.98
2710,2710,291,5,16.91
2711,2711,22,2,154.24
2712,2712,164,5,293.45
2713,2713,237,5,376.06
2714,2714,72,4,345.37
2715,2715,153,5,217.28
2716,2716,242,1,72.97
2717,2717,294,2,314.92
2718,2718,252,1,223.72
2719,2719,146,4,268.87
2720,2720,186,1,157.13
2721,2721,86,5,36.29
2722,2722,12,5,453.0
2723,2723,137,1,242.23
2724,2724,80,5,434.61
2725,2725,40,4,146.0
2726,2726,146,3,48.63
2727,2727,294,5,157.34
2728,2728,29,4,306.24
2729,2729,50,1,277.15
2730,2730,274,4,270.78
2731,2731,82,1,295.25
2732,2732,204,5,213.53
2733,2733,149,1,482.4
2734,2734,152,3,443.16
2735,2735,60,3,487.1
2736,2736,151,1,387.57
2737,2737,67,2,445.75
2738,2738,243,5,234.86
2739,2739,6,2,266.19
2740,2740,60,4,32.94
2741,2741,141,5,181.82
2742,2742,288,3,461.42
2743,2743,291,2,209.15
2744,2744,215,3,174.94
2745,2745,111,5,483.65
2746,2746,173,5,64.15
2747,2747,247,5,220.11
2748,2748,88,2,482.95
2749,2749,165,3,47.67
2750,2750,214,5,107.09
2751,2751,240,3,425.5
2752,2752,167,5,88.15
2753,2753,295,2,196.45
2754,2754,195,1,414.71
2755,2755,123,2,284.14
2756,2756,246,3,383.73
2757,2757,296,4,374.28
2758,2758,188,5,441.84
2759,2759,176,2,217.59
2760,2760,140,1,295.54
2761,2761,32,1,76.2
2762,2762,200,4,446.45
2763,2763,77,2,281.56
2764,2764,186,2,373.08
2765,2765,113,1,114.09
2766,2766,88,5,179.8
2767,2767,285,4,121.51
2768,2768,242,3,211.53
2769,2769,55,5,389.88
2770,2770,110,1,82.85
2771,2771,255,5,243.14
2772,2772,192,5,376.43
2773,2773,5,1,189.95
2774,2774,193,2,105.19
2775,2775,33,4,28.52
2776,2776,254,5,239.82
2777,2777,167,2,244.83
2778,2778,62,3,389.92
2779,2779,87,5,289.11
2780,2780,216,4,315.42
2781,2781,68,1,307.21
2782,2782,134,5,485.05
2783,2783,252,3,157.16
2784,2784,272,5,198.82
2785,2785,242,2,314.12
2786,2786,125,4,331.78
2787,2787,17,5,387.37
2788,2788,201,3,145.19
2789,2789,127,5,167.47
2790,2790,11,2,236.04
2791,2791,159,1,277.49
2792,2792,288,4,431.17
2793,2793,96,4,372.95
2794,2794,172,2,281.01
2795,2795,200,1,447.03
2796,2796,171,3,439.48
2797,2797,150,1,75.11
2798,2798,188,3,248.55
2799,2799,96,3,93.14
2800,2800,36,5,473.73
2801,2801,46,5,91.51
2802,2802,74,2,298.94
2803,2803,51,4,163.73
2804,2804,203,4,272.69
2805,2805,100,3,412.21
2806,2806,116,1,419.85
2807,2807,215,3,329.98
2808,2808,186,1,217.14
2809,2809,272,4,26.62
2810,2810,226,1,154.52
2811,2811,228,3,252.47
2812,2812,164,4,247.41
2813,2813,287,3,169.52
2814,2814,232,4,304.04
2815,2815,186,2,419.22
2816,2816,197,1,117.29
2817,2817,252,4,397.27
2818,2818,15,2,215.74
2819,2819,70,4,424.52
2820,2820,127,1,318.33
2821,2821,253,4,162.32
2822,2822,287,5,401.57
2823,2823,169,4,147.01
2824,2824,182,3,384.53
2825,2825,281,5,138.22
2826,2826,32,1,123.86
2827,2827,268,1,13.96
2828,2828,251,5,62.83
2829,2829,253,4,21.46
2830,2830,46,3,121.56
2831,2831,284,1,365.52
2832,2832,101,4,310.29
2833,2833,91,4,401.51
2834,2834,133,3,417.63
2835,2835,199,3,416.74
2836,2836,10,4,397.05
2837,2837,31,2,216.35
2838,2838,43,1,149.17
2839,2839,145,5,471.12
2840,2840,261,2,244.72
2841,2841,121,2,331.41
2842,2842,222,1,272.91
2843,2843,266,5,359.84
2844,2844,101,1,257.0
2845,2845,40,4,324.23
2846,2846,8,2,13.56
2847,2847,201,1,318.08
2848,2848,167,3,306.59
2849,2849,15,1,91.99
2850,2850,4,1,493.08
2851,2851,61,3,353.67
2852,2852,196,1,197.66
2853,2853,111,3,373.21
2854,2854,188,3,464.44
2855,2855,78,2,194.15
2856,2856,20,5,311.1
2857,2857,107,5,215.9
2858,2858,180,3,274.71
2859,2859,52,4,202.37
2860,2860,194,3,86.95
2861,2861,50,1,305.81
2862,2862,178,1,297.83
2863,2863,65,4,144.88
2864,2864,14,1,127.36
2865,2865,259,2,318.04
2866,2866,82,4,123.18
2867,2867,100,5,295.8
2868,2868,87,5,159.49
2869,2869,42,3,459.46
2870,2870,179,4,493.54
2871,2871,55,4,467.11
2872,2872,98,4,75.45
2873,2873,185,5,77.76
2874,2874,147,2,381.76
2875,2875,227,4,13.57
2876,2876,174,2,372.44
2877,2877,55,1,323.7
2878,2878,265,3,209.18
2879,2879,246,1,36.63
2880,2880,57,5,50.07
2881,2881,258,5,94.22
2882,2882,122,4,59.66
2883,2883,193,2,433.71
2884,2884,227,2,482.04
2885,2885,24,5,494.26
2886,2886,4,1,456.77
2887,2887,152,3,402.8
2888,2888,76,3,401.89
2889,2889,121,5,387.63
2890,2890,90,1,296.41
2891,2891,193,5,218.78
2892,2892,95,2,89.21
2893,2893,255,1,388.88
2894,2894,215,5,272.62
2895,2895,21,2,418.44
2896,2896,227,4,336.04
2897,2897,105,4,301.22
2898,2898,262,5,36.84
2899,2899,88,3,257.25
2900,2900,297,5,357.4
2901,2901,222,5,242.19
2902,2902,138,4,203.13
2903,2903,173,5,98.35
2904,2904,79,5,334.56
2905,2905,258,4,153.32
2906,2906,2,1,106.29
2907,2907,147,1,389.47
2908,2908,150,4,73.26
2909,2909,103,5,82.25
2910,2910,18,5,445.6
2911,2911,202,5,456.9
2912,2912,221,5,201.01
2913,2913,83,2,279.05
2914,2914,123,1,36.24
2915,2915,174,4,456.99
2916,2916,112,4,15.81
2917,2917,24,3,459.01
2918,2918,57,4,454.31
2919,2919,135,2,254.37
2920,2920,238,5,166.01
2921,2921,276,5,427.11
2922,2922,80,4,22.8
2923,2923,114,2,433.9
2924,2924,155,4,494.52
2925,2925,209,2,143.91
2926,2926,58,4,348.34
2927,2927,71,3,231.59
2928,2928,117,5,20.67
2929,2929,173,5,443.64
2930,2930,4,4,49.78
2931,2931,215,4,335.36
2932,2932,150,5,250.23
2933,2933,202,5,271.38
2934,2934,226,2,360.0
2935,2935,75,3,99.95
2936,2936,139,3,158.52
2937,2937,38,5,99.42
2938,2938,34,2,436.85
2939,2939,172,4,229.85
2940,2940,53,4,123.3
2941,2941,250,3,222.58
2942,2942,173,5,147.68
2943,2943,191,3,359.43
2944,2944,292,4,107.99
2945,2945,123,1,14.34
2946,2946,265,2,286.02
2947,2947,178,2,262.66
2948,2948,170,3,144.81
2949,2949,287,4,249.37
2950,2950,242,3,79.56
2951,2951,17,5,109.31
2952,2952,140,5,72.23
2953,2953,39,3,113.16
2954,2954,167,2,92.08
2955,2955,18,1,296.36
2956,2956,166,4,247.88
2957,2957,198,5,492.09
2958,2958,33,1,498.27
2959,2959,102,5,470.42
2960,2960,225,5,236.47
2961,2961,195,2,346.2
2962,2962,245,4,205.45
2963,2963,11,4,219.41
2964,2964,46,2,187.69
2965,2965,281,5,198.53
2966,2966,6,5,131.42
2967,2967,111,4,42.41
2968,2968,32,5,33.16
2969,2969,218,1,13.91
2970,2970,51,4,46.67
2971,2971,49,4,294.81
2972,2972,193,1,187.7
2973,2973,123,4,24.43
2974,2974,206,5,457.67
2975,2975,231,2,471.02
2976,2976,202,5,298.67
2977,2977,211,2,427.51
2978,2978,101,4,432.74
2979,2979,120,3,458.62
2980,2980,271,5,86.3
2981,2981,116,5,99.59
2982,2982,172,1,475.19
2983,2983,51,1,433.57
2984,2984,264,3,183.83
2985,2985,224,2,139.53
2986,2986,65,4,499.92
2987,2987,143,2,431.74
2988,2988,79,3,148.09
2989,2989,254,5,400.02
2990,2990,136,1,173.28
2991,2991,54,4,183.94
2992,2992,285,1,407.46
2993,2993,64,4,472.48
2994,2994,271,3,20.89
2995,2995,42,3,144.99
2996,2996,96,1,463.88
2997,2997,225,5,206.61
2998,2998,210,1,445.46
2999,2999,272,1,116.02
3000,3000,100,5,58.43
