order_id,user_id,order_date,shipping_fee
1,17,2021-02-13,9.8
2,387,2021-05-24,3.29
3,379,2021-04-12,8.52
4,199,2021-12-06,2.31
5,242,2021-02-10,6.32
6,128,2021-12-26,2.3
7,158,2021-08-10,8.53
8,84,2021-12-22,1.27
9,188,2021-11-10,1.95
10,101,2021-12-20,7.03
11,95,2021-03-17,3.92
12,280,2021-03-04,3.14
13,149,2021-07-28,1.68
14,187,2021-06-05,7.88
15,205,2021-03-15,7.1
16,73,2021-07-09,9.77
17,328,2021-01-18,1.98
18,55,2021-01-09,6.96
19,90,2021-08-18,4.16
20,85,2021-08-18,1.34
21,325,2021-05-17,6.0
22,392,2021-02-13,5.47
23,426,2021-06-09,1.34
24,43,2021-08-25,5.76
25,42,2021-12-19,6.67
26,251,2021-03-17,6.04
27,337,2021-07-08,7.24
28,343,2021-10-23,4.32
29,430,2021-11-20,9.53
30,498,2021-01-03,9.33
31,267,2021-10-16,5.16
32,26,2021-12-06,7.35
33,342,2021-01-01,5.7
34,274,2021-01-27,0.42
35,146,2021-10-10,0.27
36,426,2021-03-11,9.81
37,281,2021-09-21,4.36
38,394,2021-08-15,6.67
39,137,2021-01-02,2.88
40,152,2021-08-03,9.74
41,205,2021-06-04,6.61
42,238,2021-09-13,5.64
43,377,2021-01-02,5.01
44,63,2021-07-01,1.54
45,417,2021-04-14,4.87
46,316,2021-08-20,9.07
47,386,2021-08-12,9.45
48,471,2021-05-17,6.29
49,462,2021-07-14,9.38
50,108,2021-03-26,7.58
51,424,2021-03-27,7.68
52,247,2021-02-20,7.94
53,241,2021-11-25,7.79
54,372,2021-04-06,8.99
55,20,2021-08-11,7.67
56,202,2021-05-15,7.95
57,207,2021-04-15,2.31
58,269,2021-07-06,7.52
59,381,2021-06-06,3.67
60,67,2021-10-05,1.3
61,441,2021-09-13,2.57
62,333,2021-10-21,3.4
63,367,2021-08-21,5.12
64,177,2021-12-08,8.76
65,142,2021-10-27,1.8
66,136,2021-08-17,7.84
67,115,2021-10-28,4.02
68,466,2021-08-09,5.45
69,219,2021-06-15,3.52
70,24,2021-09-08,6.09
71,146,2021-04-09,7.87
72,351,2021-12-10,0.63
73,356,2021-06-07,2.1
74,437,2021-02-15,1.42
75,245,2021-05-06,8.44
76,160,2021-12-15,6.54
77,500,2021-01-22,5.18
78,379,2021-07-22,1.68
79,350,2021-12-14,1.34
80,291,2021-07-08,8.36
81,377,2021-07-09,0.83
82,479,2021-07-10,4.05
83,347,2021-11-20,5.24
84,364,2021-02-07,0.07
85,247,2021-11-10,8.58
86,119,2021-01-20,9.96
87,105,2021-09-17,7.99
88,388,2021-02-22,8.44
89,44,2021-02-13,3.86
90,57,2021-07-03,1.45
91,102,2021-02-19,8.76
92,252,2021-09-28,8.98
93,213,2021-07-15,1.42
94,456,2021-04-09,6.29
95,86,2021-01-11,2.51
96,166,2021-10-13,8.91
97,348,2021-01-24,4.78
98,10,2021-02-21,4.51
99,356,2021-11-27,9.1
100,144,2021-03-26,9.04
101,442,2021-10-13,2.1
102,217,2021-06-11,8.78
103,178,2021-03-14,8.79
104,427,2021-08-07,1.64
105,108,2021-03-08,4.46
106,448,2021-03-05,6.92
107,442,2021-12-14,4.13
108,196,2021-10-03,9.81
109,339,2021-07-25,5.97
110,345,2021-03-22,1.18
111,278,2021-02-11,7.95
112,292,2021-12-23,0.95
113,77,2021-06-13,0.53
114,52,2021-02-19,5.35
115,137,2021-11-14,8.02
116,167,2021-09-10,8.54
117,16,2021-08-12,0.9
118,31,2021-07-23,2.17
119,320,2021-08-01,4.13
120,324,2021-11-24,2.96
121,486,2021-08-11,4.5
122,115,2021-10-20,4.56
123,462,2021-10-09,0.81
124,346,2021-05-04,6.28
125,125,2021-08-25,9.9
126,345,2021-12-23,5.92
127,80,2021-04-17,6.0
128,429,2021-07-06,9.03
129,268,2021-06-05,6.92
130,140,2021-04-24,6.0
131,112,2021-03-07,5.75
132,118,2021-05-21,5.59
133,253,2021-08-11,1.52
134,430,2021-03-04,3.03
135,405,2021-02-03,9.71
136,286,2021-02-16,5.76
137,187,2021-04-19,9.06
138,304,2021-05-15,2.88
139,256,2021-08-16,4.04
140,2,2021-05-15,7.15
141,304,2021-06-05,1.58
142,451,2021-08-17,6.75
143,408,2021-08-14,2.07
144,442,2021-08-16,7.11
145,432,2021-05-26,5.07
146,206,2021-12-19,4.08
147,255,2021-10-06,9.9
148,314,2021-12-15,4.06
149,78,2021-10-05,4.45
150,18,2021-03-02,6.76
151,82,2021-05-25,4.47
152,108,2021-08-13,2.7
153,216,2021-03-26,8.94
154,66,2021-12-05,6.37
155,134,2021-03-23,4.3
156,26,2021-09-16,8.67
157,475,2021-05-21,7.11
158,352,2021-01-17,7.89
159,25,2021-02-05,1.56
160,361,2021-10-22,1.43
161,409,2021-02-24,4.33
162,64,2021-06-10,5.08
163,194,2021-10-27,1.44
164,17,2021-10-24,5.86
165,373,2021-05-27,0.49
166,379,2021-11-26,3.61
167,4,2021-04-23,1.12
168,90,2021-07-08,2.47
169,181,2021-07-09,6.85
170,348,2021-05-09,6.68
171,285,2021-10-06,8.21
172,58,2021-02-28,6.52
173,232,2021-09-12,0.52
174,246,2021-03-11,6.34
175,371,2021-01-01,7.38
176,282,2021-03-09,2.24
177,240,2021-10-21,3.34
178,315,2021-03-27,4.02
179,237,2021-10-15,5.73
180,277,2021-05-20,8.98
181,243,2021-10-21,0.9
182,120,2021-11-24,5.9
183,59,2021-12-05,2.67
184,274,2021-08-12,2.81
185,354,2021-02-27,5.62
186,14,2021-06-12,6.04
187,430,2021-06-21,9.6
188,448,2021-12-14,4.1
189,389,2021-10-24,7.58
190,25,2021-12-26,5.11
191,101,2021-08-22,1.81
192,296,2021-05-14,0.82
193,138,2021-05-04,1.77
194,363,2021-12-11,0.75
195,255,2021-07-04,2.23
196,52,2021-01-11,2.44
197,355,2021-10-17,5.0
198,277,2021-02-06,8.66
199,169,2021-10-08,6.96
200,108,2021-01-27,6.65
201,5,2021-04-21,3.93
202,191,2021-01-02,5.46
203,321,2021-05-12,0.3
204,484,2021-10-24,5.78
205,173,2021-07-20,3.29
206,335,2021-05-18,7.1
207,47,2021-12-08,5.16
208,61,2021-01-26,0.2
209,327,2021-08-14,9.17
210,174,2021-07-10,8.55
211,334,2021-06-15,8.4
212,305,2021-09-13,6.72
213,459,2021-05-09,5.82
214,267,2021-02-22,7.53
215,162,2021-08-20,7.77
216,476,2021-12-10,1.07
217,453,2021-01-13,9.16
218,435,2021-09-17,2.85
219,93,2021-01-28,2.16
220,300,2021-05-06,4.6
221,143,2021-06-17,5.71
222,269,2021-01-25,8.16
223,36,2021-04-14,2.73
224,45,2021-09-23,8.3
225,283,2021-06-08,3.85
226,217,2021-08-13,8.82
227,417,2021-05-18,5.18
228,473,2021-11-01,7.81
229,27,2021-08-20,3.02
230,184,2021-06-14,0.12
231,363,2021-12-23,5.56
232,284,2021-01-09,0.76
233,191,2021-10-24,6.5
234,234,2021-11-07,0.95
235,145,2021-09-06,0.06
236,219,2021-08-19,5.8
237,488,2021-10-09,8.45
238,251,2021-12-08,8.47
239,354,2021-03-06,4.98
240,410,2021-10-26,8.25
241,93,2021-05-20,5.1
242,463,2021-05-17,0.28
243,447,2021-07-28,1.21
244,168,2021-05-13,2.44
245,72,2021-10-01,4.76
246,393,2021-09-11,2.94
247,228,2021-05-03,5.06
248,430,2021-07-24,6.66
249,228,2021-08-19,9.08
250,197,2021-11-04,2.99
251,415,2021-01-10,7.93
252,436,2021-02-26,1.76
253,400,2021-08-23,6.65
254,294,2021-07-07,1.02
255,74,2021-08-25,4.28
256,94,2021-10-23,6.75
257,302,2021-04-14,8.1
258,266,2021-02-04,2.89
259,19,2021-11-19,3.49
260,356,2021-07-13,3.73
261,249,2021-12-25,3.64
262,317,2021-02-14,6.87
263,20,2021-10-07,7.88
264,444,2021-09-23,0.07
265,311,2021-04-25,3.38
266,395,2021-05-01,3.28
267,56,2021-10-10,0.23
268,88,2021-03-20,5.14
269,245,2021-06-06,9.81
270,425,2021-11-06,8.22
271,248,2021-12-13,2.74
272,184,2021-06-27,6.08
273,4,2021-09-06,7.48
274,51,2021-02-26,9.6
275,3,2021-08-28,1.77
276,94,2021-12-23,8.84
277,265,2021-01-11,7.28
278,177,2021-10-04,1.59
279,279,2021-04-23,6.77
280,421,2021-03-11,3.58
281,200,2021-12-25,5.56
282,35,2021-02-25,2.03
283,125,2021-09-26,7.96
284,35,2021-11-23,4.98
285,6,2021-08-01,9.58
286,304,2021-09-15,3.64
287,414,2021-12-13,2.39
288,33,2021-12-15,5.16
289,208,2021-07-02,3.37
290,404,2021-02-09,8.35
291,344,2021-03-21,2.23
292,42,2021-04-07,9.32
293,300,2021-10-11,9.43
294,282,2021-08-05,9.94
295,199,2021-07-24,6.19
296,449,2021-04-18,2.5
297,495,2021-06-11,2.03
298,321,2021-11-15,1.43
299,286,2021-09-16,3.58
300,454,2021-08-04,1.71
301,450,2021-10-13,8.87
302,316,2021-12-10,5.22
303,235,2021-12-05,6.63
304,274,2021-11-02,9.48
305,262,2021-07-04,0.93
306,220,2021-07-08,2.71
307,322,2021-10-16,7.49
308,108,2021-01-06,9.86
309,130,2021-11-06,1.83
310,473,2021-05-15,5.65
311,338,2021-07-02,7.79
312,33,2021-03-06,3.46
313,325,2021-06-05,9.62
314,31,2021-04-01,7.81
315,400,2021-07-13,0.69
316,81,2021-03-20,8.21
317,114,2021-01-19,4.94
318,109,2021-08-03,5.08
319,270,2021-02-20,9.32
320,400,2021-10-01,8.4
321,37,2021-03-18,6.49
322,219,2021-11-24,8.43
323,437,2021-01-07,0.43
324,30,2021-02-08,7.95
325,268,2021-10-28,6.22
326,287,2021-11-25,5.36
327,75,2021-04-12,6.98
328,35,2021-11-25,3.08
329,193,2021-11-14,7.56
330,95,2021-05-16,5.5
331,118,2021-03-03,2.81
332,88,2021-09-07,8.47
333,331,2021-07-22,1.9
334,153,2021-05-26,0.31
335,267,2021-10-01,6.29
336,90,2021-11-04,8.66
337,418,2021-04-08,9.5
338,12,2021-12-12,3.4
339,183,2021-04-01,4.9
340,116,2021-03-20,7.98
341,107,2021-03-12,0.45
342,429,2021-11-08,0.92
343,420,2021-09-23,2.24
344,439,2021-09-27,9.83
345,165,2021-06-27,9.02
346,247,2021-04-20,7.89
347,461,2021-06-16,1.7
348,208,2021-07-26,6.28
349,281,2021-01-22,5.0
350,191,2021-10-12,1.37
351,165,2021-09-17,3.63
352,139,2021-03-05,6.83
353,447,2021-08-12,0.22
354,485,2021-07-18,3.04
355,139,2021-03-21,1.78
356,411,2021-02-26,0.47
357,37,2021-12-20,4.71
358,400,2021-09-20,5.52
359,298,2021-05-18,6.58
360,90,2021-06-14,9.44
361,69,2021-05-27,4.62
362,71,2021-02-12,8.36
363,147,2021-08-20,1.08
364,320,2021-02-08,6.19
365,391,2021-05-27,3.08
366,479,2021-09-03,9.05
367,393,2021-03-02,8.26
368,418,2021-07-14,7.86
369,94,2021-03-03,1.41
370,192,2021-08-19,8.95
371,437,2021-11-12,7.56
372,17,2021-05-27,6.05
373,486,2021-04-05,9.74
374,448,2021-04-15,9.84
375,310,2021-12-20,6.37
376,151,2021-03-20,4.72
377,475,2021-12-01,1.6
378,14,2021-11-20,8.66
379,357,2021-11-26,5.31
380,287,2021-01-07,0.84
381,257,2021-04-23,3.99
382,87,2021-09-14,9.42
383,17,2021-06-09,7.53
384,298,2021-12-19,8.36
385,357,2021-08-07,6.41
386,377,2021-09-24,3.84
387,197,2021-06-26,7.66
388,474,2021-06-15,9.11
389,214,2021-07-21,0.52
390,60,2021-07-20,6.64
391,84,2021-01-26,6.58
392,124,2021-04-22,8.03
393,359,2021-06-19,3.29
394,235,2021-06-15,6.23
395,448,2021-06-19,2.66
396,167,2021-04-02,6.91
397,380,2021-04-05,6.3
398,72,2021-08-12,4.15
399,44,2021-02-25,5.13
400,338,2021-10-27,3.4
401,482,2021-03-18,0.58
402,279,2021-04-11,3.45
403,164,2021-01-02,8.32
404,470,2021-06-18,6.09
405,316,2021-05-11,6.95
406,452,2021-01-13,4.3
407,292,2021-10-02,6.19
408,158,2021-12-06,5.13
409,376,2021-07-05,0.67
410,10,2021-07-12,2.01
411,322,2021-11-04,9.36
412,68,2021-04-11,7.06
413,164,2021-06-17,0.66
414,47,2021-02-20,3.03
415,201,2021-03-03,4.5
416,150,2021-05-26,4.37
417,166,2021-11-26,0.52
418,115,2021-02-24,3.64
419,486,2021-09-01,0.07
420,188,2021-01-18,6.69
421,237,2021-01-16,1.3
422,483,2021-12-25,2.12
423,94,2021-01-07,8.69
424,263,2021-10-16,4.42
425,105,2021-07-23,8.52
426,236,2021-03-24,9.16
427,118,2021-12-15,0.42
428,472,2021-11-23,0.33
429,31,2021-10-12,2.96
430,284,2021-03-23,5.49
431,324,2021-08-23,5.93
432,358,2021-04-07,5.76
433,212,2021-12-06,3.1
434,208,2021-07-05,4.46
435,26,2021-08-08,4.21
436,479,2021-08-20,7.85
437,500,2021-08-20,1.54
438,259,2021-10-23,4.68
439,140,2021-10-03,0.54
440,411,2021-11-21,3.4
441,213,2021-09-13,9.4
442,40,2021-02-18,6.05
443,157,2021-09-06,5.26
444,12,2021-06-03,2.01
445,264,2021-01-16,2.8
446,373,2021-10-14,8.03
447,264,2021-04-21,7.41
448,268,2021-08-09,7.5
449,337,2021-11-11,7.69
450,140,2021-10-22,9.31
451,39,2021-12-18,5.33
452,94,2021-06-26,8.63
453,171,2021-03-19,7.57
454,385,2021-05-18,7.53
455,38,2021-07-17,2.86
456,355,2021-06-21,3.61
457,379,2021-10-09,3.02
458,346,2021-08-22,2.51
459,212,2021-07-02,7.76
460,99,2021-08-10,3.32
461,156,2021-09-12,2.3
462,297,2021-06-05,6.86
463,410,2021-08-02,7.73
464,262,2021-12-16,5.94
465,291,2021-05-10,8.58
466,191,2021-06-28,4.83
467,124,2021-07-18,1.42
468,222,2021-10-20,3.3
469,181,2021-04-11,5.36
470,488,2021-03-18,4.98
471,233,2021-07-16,8.17
472,185,2021-01-20,3.97
473,476,2021-05-02,1.01
474,236,2021-09-07,8.94
475,422,2021-07-06,0.62
476,226,2021-09-23,5.51
477,464,2021-10-01,5.23
478,153,2021-12-07,0.79
479,167,2021-04-13,2.25
480,234,2021-10-19,4.0
481,72,2021-08-05,1.05
482,266,2021-06-09,8.07
483,470,2021-10-07,7.58
484,363,2021-04-17,7.77
485,80,2021-04-21,6.98
486,350,2021-05-22,3.36
487,455,2021-03-03,2.23
488,247,2021-11-22,6.05
489,459,2021-04-17,7.63
490,54,2021-12-08,5.59
491,375,2021-01-14,5.41
492,144,2021-12-01,7.67
493,380,2021-07-14,5.51
494,41,2021-10-19,7.44
495,420,2021-12-04,6.49
496,54,2021-02-17,8.11
497,284,2021-03-12,4.9
498,438,2021-01-20,9.01
499,231,2021-06-15,6.48
500,276,2021-10-28,0.29
501,225,2021-02-12,9.03
502,191,2021-07-20,6.52
503,342,2021-11-14,5.27
504,167,2021-06-06,1.6
505,151,2021-03-10,7.17
506,128,2021-10-01,9.04
507,112,2021-05-10,9.98
508,199,2021-08-28,7.63
509,302,2021-11-24,0.52
510,43,2021-09-16,7.92
511,311,2021-04-01,8.09
512,103,2021-08-27,7.77
513,340,2021-01-12,4.38
514,133,2021-03-05,3.53
515,112,2021-09-21,8.36
516,298,2021-05-25,2.78
517,152,2021-12-07,2.29
518,176,2021-03-17,9.68
519,466,2021-06-13,0.92
520,484,2021-05-08,6.06
521,208,2021-02-09,8.9
522,314,2021-05-08,7.36
523,298,2021-11-10,1.65
524,106,2021-02-04,1.22
525,130,2021-09-09,9.54
526,120,2021-07-20,3.78
527,409,2021-01-27,2.31
528,485,2021-04-13,8.69
529,121,2021-10-14,8.68
530,125,2021-06-19,2.55
531,420,2021-12-26,8.16
532,399,2021-07-18,9.7
533,175,2021-07-13,2.87
534,207,2021-04-28,5.8
535,459,2021-08-08,6.82
536,80,2021-05-18,0.7
537,71,2021-10-03,2.95
538,88,2021-06-12,2.04
539,110,2021-05-23,5.15
540,39,2021-05-12,0.43
541,11,2021-02-07,2.95
542,13,2021-03-23,0.87
543,250,2021-09-19,2.8
544,409,2021-01-14,2.01
545,364,2021-10-02,3.03
546,442,2021-04-23,3.56
547,259,2021-06-15,5.42
548,403,2021-09-28,7.56
549,86,2021-12-01,6.81
550,228,2021-03-01,0.14
551,63,2021-11-03,5.12
552,100,2021-06-07,9.87
553,224,2021-06-09,9.29
554,474,2021-03-02,6.9
555,182,2021-05-20,1.38
556,202,2021-09-10,5.94
557,412,2021-02-12,2.48
558,314,2021-07-04,5.7
559,24,2021-12-12,0.97
560,114,2021-08-26,7.55
561,129,2021-02-11,5.76
562,460,2021-05-20,6.03
563,332,2021-02-06,4.39
564,168,2021-10-09,0.63
565,201,2021-01-19,5.04
566,487,2021-06-17,9.06
567,203,2021-02-24,3.48
568,228,2021-02-22,5.35
569,204,2021-01-19,8.69
570,22,2021-04-17,0.08
571,229,2021-11-04,6.07
572,464,2021-01-16,9.97
573,21,2021-02-15,7.91
574,18,2021-02-04,5.61
575,472,2021-12-26,7.65
576,53,2021-08-27,8.87
577,100,2021-09-12,1.01
578,146,2021-11-14,4.01
579,463,2021-02-07,7.09
580,229,2021-08-15,8.85
581,75,2021-10-19,9.02
582,457,2021-01-09,4.87
583,65,2021-03-02,5.58
584,126,2021-10-21,8.46
585,270,2021-06-25,8.43
586,403,2021-12-27,2.0
587,156,2021-03-06,9.8
588,87,2021-01-10,8.7
589,171,2021-09-08,7.92
590,199,2021-12-03,0.73
591,49,2021-07-14,4.63
592,38,2021-04-04,7.55
593,498,2021-05-02,7.11
594,113,2021-09-16,5.05
595,254,2021-07-06,4.87
596,225,2021-03-22,8.29
597,452,2021-03-11,5.69
598,267,2021-12-05,6.46
599,124,2021-05-02,0.75
600,30,2021-04-08,0.26
601,492,2021-08-21,8.35
602,308,2021-02-04,6.34
603,484,2021-02-20,2.85
604,44,2021-03-17,7.38
605,349,2021-04-04,9.83
606,27,2021-02-03,8.27
607,102,2021-10-26,0.85
608,335,2021-06-03,7.55
609,349,2021-06-22,8.32
610,189,2021-01-11,9.39
611,84,2021-07-22,0.69
612,315,2021-02-01,7.92
613,259,2021-03-06,1.11
614,270,2021-08-17,1.99
615,193,2021-11-02,4.31
616,93,2021-12-07,8.92
617,428,2021-08-14,9.64
618,3,2021-12-05,5.43
619,130,2021-02-05,0.97
620,331,2021-02-02,3.76
621,373,2021-11-22,5.22
622,288,2021-06-28,7.94
623,304,2021-01-02,4.98
624,160,2021-12-15,6.41
625,50,2021-08-16,6.59
626,278,2021-09-23,9.88
627,304,2021-03-28,9.57
628,484,2021-10-13,2.18
629,412,2021-01-15,0.46
630,379,2021-06-17,6.78
631,164,2021-01-21,8.51
632,394,2021-06-01,3.26
633,362,2021-06-19,9.45
634,492,2021-02-09,6.06
635,132,2021-06-22,8.57
636,122,2021-04-08,8.95
637,344,2021-06-19,2.27
638,59,2021-01-18,9.4
639,388,2021-11-02,7.34
640,120,2021-07-12,0.21
641,249,2021-12-08,6.35
642,21,2021-06-18,4.49
643,405,2021-09-28,0.9
644,94,2021-03-05,2.48
645,236,2021-02-11,8.61
646,343,2021-06-22,8.74
647,203,2021-07-20,0.56
648,240,2021-01-05,2.74
649,206,2021-04-25,5.81
650,228,2021-02-28,5.37
651,339,2021-05-01,1.28
652,217,2021-07-09,7.72
653,240,2021-04-28,6.87
654,309,2021-06-08,5.84
655,200,2021-11-28,2.08
656,73,2021-08-19,5.51
657,289,2021-09-10,0.39
658,486,2021-07-04,3.46
659,322,2021-01-16,4.36
660,423,2021-11-24,0.01
661,44,2021-02-10,7.18
662,366,2021-07-04,3.41
663,305,2021-09-10,2.27
664,294,2021-08-13,2.51
665,472,2021-02-13,0.94
666,82,2021-03-08,7.4
667,112,2021-02-18,0.53
668,118,2021-07-11,4.39
669,208,2021-01-22,8.22
670,423,2021-02-25,4.76
671,25,2021-01-01,0.15
672,198,2021-11-01,9.24
673,426,2021-10-27,0.99
674,209,2021-05-02,8.92
675,18,2021-06-06,8.7
676,397,2021-08-28,4.54
677,36,2021-06-14,5.81
678,14,2021-05-10,0.77
679,22,2021-11-28,7.92
680,56,2021-06-14,5.49
681,369,2021-02-25,4.03
682,35,2021-07-21,7.68
683,335,2021-11-02,5.42
684,419,2021-08-27,7.28
685,176,2021-11-23,0.79
686,64,2021-04-22,3.46
687,108,2021-10-01,0.45
688,149,2021-05-18,8.44
689,341,2021-05-18,2.75
690,468,2021-07-02,8.94
691,407,2021-06-14,8.47
692,75,2021-03-12,8.53
693,149,2021-08-12,9.29
694,393,2021-03-16,1.32
695,227,2021-01-25,3.12
696,236,2021-03-11,8.89
697,33,2021-01-14,3.09
698,157,2021-06-09,2.84
699,450,2021-10-11,5.16
700,429,2021-10-05,8.91
701,79,2022-04-20,9.96
702,414,2022-03-20,8.38
703,440,2022-11-13,0.19
704,111,2022-02-20,3.06
705,300,2022-07-04,4.14
706,58,2022-03-01,3.86
707,389,2022-10-01,5.02
708,269,2022-07-26,7.84
709,66,2022-04-23,4.95
710,320,2022-02-01,1.4
711,280,2022-08-03,3.18
712,371,2022-07-18,3.39
713,152,2022-09-07,5.16
714,225,2022-06-17,1.58
715,500,2022-01-26,5.41
716,56,2022-07-27,8.73
717,210,2022-05-28,9.87
718,38,2022-10-23,8.96
719,408,2022-01-07,2.03
720,359,2022-02-25,9.62
721,187,2022-10-03,2.99
722,212,2022-11-13,5.55
723,125,2022-07-26,7.05
724,436,2022-06-09,0.97
725,362,2022-04-11,8.86
726,248,2022-01-24,9.18
727,292,2022-05-20,3.6
728,350,2022-07-15,8.61
729,19,2022-03-11,6.72
730,170,2022-08-07,7.38
731,326,2022-01-25,9.28
732,450,2022-06-26,4.14
733,440,2022-02-19,0.82
734,353,2022-12-21,6.04
735,449,2022-09-13,4.6
736,138,2022-04-07,0.86
737,223,2022-05-14,3.69
738,309,2022-04-09,9.18
739,494,2022-05-28,6.91
740,339,2022-07-10,6.75
741,218,2022-07-25,2.27
742,15,2022-09-01,5.94
743,75,2022-05-07,1.71
744,301,2022-09-18,1.85
745,178,2022-11-05,0.65
746,201,2022-07-26,5.61
747,192,2022-12-06,9.05
748,143,2022-11-02,0.03
749,412,2022-05-09,1.2
750,95,2022-08-23,4.3
751,155,2022-04-12,1.51
752,27,2022-10-16,6.76
753,264,2022-02-14,1.57
754,246,2022-07-02,5.31
755,255,2022-12-14,0.6
756,208,2022-09-20,4.4
757,247,2022-02-27,6.63
758,241,2022-03-19,3.26
759,353,2022-06-09,3.9
760,477,2022-10-11,0.94
761,421,2022-02-26,9.08
762,191,2022-09-27,3.42
763,426,2022-10-25,1.63
764,469,2022-09-22,6.75
765,186,2022-11-16,7.9
766,29,2022-11-04,5.95
767,345,2022-04-19,6.8
768,150,2022-11-14,6.38
769,387,2022-09-27,4.33
770,228,2022-03-14,1.27
771,43,2022-04-11,8.53
772,55,2022-12-01,8.85
773,206,2022-05-11,7.47
774,157,2022-02-09,3.88
775,184,2022-08-06,8.86
776,227,2022-05-19,4.01
777,61,2022-12-03,8.36
778,205,2022-05-26,9.69
779,218,2022-12-28,9.98
780,25,2022-11-17,7.36
781,113,2022-11-04,7.81
782,126,2022-10-07,2.71
783,124,2022-01-10,7.54
784,189,2022-12-21,8.51
785,342,2022-06-24,8.62
786,84,2022-04-19,8.53
787,326,2022-11-06,6.11
788,179,2022-11-28,7.86
789,302,2022-05-02,7.09
790,302,2022-05-07,7.25
791,391,2022-11-12,1.85
792,10,2022-01-05,9.54
793,310,2022-03-02,3.55
794,73,2022-10-17,1.92
795,59,2022-10-28,7.78
796,255,2022-05-10,1.15
797,435,2022-04-22,4.0
798,226,2022-03-15,7.16
799,428,2022-05-23,5.3
800,479,2022-06-16,1.67
801,352,2022-10-11,2.4
802,53,2022-05-15,1.65
803,59,2022-06-07,6.84
804,282,2022-10-06,2.94
805,80,2022-06-02,9.5
806,81,2022-09-22,4.54
807,119,2022-07-17,7.07
808,383,2022-06-15,2.77
809,258,2022-08-24,5.17
810,215,2022-01-23,0.3
811,491,2022-12-19,7.26
812,485,2022-06-03,1.3
813,88,2022-12-25,3.8
814,171,2022-08-05,3.29
815,480,2022-05-05,3.68
816,342,2022-10-12,2.02
817,267,2022-01-20,9.82
818,234,2022-07-17,4.56
819,277,2022-03-28,7.83
820,240,2022-02-10,9.7
821,179,2022-02-12,2.85
822,70,2022-01-05,8.82
823,18,2022-09-14,2.63
824,214,2022-05-05,5.42
825,323,2022-10-20,9.61
826,248,2022-12-14,8.88
827,225,2022-02-02,3.16
828,26,2022-06-08,3.71
829,421,2022-11-15,5.06
830,85,2022-06-10,2.66
831,213,2022-09-17,6.48
832,256,2022-10-28,5.17
833,174,2022-06-19,1.98
834,446,2022-09-14,2.91
835,16,2022-04-18,0.05
836,443,2022-07-04,2.17
837,113,2022-01-07,5.37
838,133,2022-03-22,3.29
839,490,2022-03-19,5.2
840,346,2022-07-19,0.38
841,317,2022-08-01,2.46
842,402,2022-11-08,7.7
843,133,2022-03-11,5.11
844,289,2022-12-19,9.53
845,343,2022-12-08,0.45
846,119,2022-06-25,7.92
847,135,2022-10-11,0.87
848,47,2022-03-01,5.22
849,496,2022-11-18,0.93
850,319,2022-12-09,9.44
851,140,2022-08-03,3.85
852,345,2022-07-04,8.19
853,84,2022-10-21,1.91
854,266,2022-06-02,1.9
855,131,2022-09-04,8.58
856,119,2022-06-21,8.84
857,188,2022-05-08,7.11
858,421,2022-09-12,8.87
859,318,2022-01-18,9.14
860,80,2022-03-08,3.2
861,455,2022-01-19,1.36
862,2,2022-12-13,9.6
863,471,2022-04-14,2.56
864,105,2022-01-15,0.81
865,467,2022-08-23,0.28
866,251,2022-09-02,7.43
867,370,2022-07-03,9.85
868,499,2022-01-19,3.77
869,35,2022-12-27,1.7
870,477,2022-07-27,7.92
871,158,2022-11-11,3.41
872,248,2022-08-12,2.87
873,223,2022-08-27,2.37
874,313,2022-09-28,8.73
875,112,2022-07-22,6.55
876,164,2022-09-18,6.94
877,483,2022-05-10,8.86
878,351,2022-07-28,4.36
879,343,2022-03-27,5.75
880,300,2022-03-26,6.31
881,170,2022-11-06,8.81
882,374,2022-12-17,2.62
883,140,2022-02-13,5.98
884,29,2022-10-25,4.89
885,391,2022-09-16,9.67
886,488,2022-01-21,7.02
887,467,2022-11-27,0.67
888,314,2022-12-19,0.61
889,175,2022-08-04,4.81
890,219,2022-10-03,9.29
891,481,2022-11-24,7.64
892,98,2022-11-07,0.61
893,350,2022-12-19,6.49
894,372,2022-10-28,3.87
895,478,2022-10-01,4.44
896,72,2022-12-07,8.86
897,184,2022-06-24,1.74
898,138,2022-11-11,3.34
899,151,2022-09-14,0.24
900,486,2022-10-18,3.06
901,367,2022-11-18,1.1
902,41,2022-04-14,6.33
903,331,2022-07-25,2.73
904,9,2022-06-18,1.48
905,255,2022-06-16,1.95
906,255,2022-02-16,3.38
907,251,2022-10-03,2.01
908,89,2022-11-27,5.16
909,318,2022-01-27,3.32
910,318,2022-03-12,3.63
911,92,2022-08-22,5.64
912,190,2022-05-09,8.6
913,276,2022-11-14,0.49
914,60,2022-03-11,5.12
915,477,2022-06-16,9.25
916,397,2022-08-03,4.24
917,111,2022-05-12,5.36
918,438,2022-06-04,2.37
919,424,2022-05-08,1.52
920,371,2022-07-24,7.76
921,141,2022-04-09,2.68
922,68,2022-09-12,1.54
923,391,2022-03-25,4.44
924,486,2022-11-07,5.29
925,250,2022-05-12,4.51
926,431,2022-04-06,2.39
927,191,2022-02-05,2.5
928,42,2022-08-04,3.32
929,417,2022-03-09,9.82
930,344,2022-10-04,7.32
931,351,2022-11-05,6.32
932,161,2022-06-09,5.54
933,324,2022-01-14,7.67
934,356,2022-06-16,1.92
935,11,2022-05-10,2.78
936,31,2022-04-26,7.63
937,423,2022-07-22,8.63
938,23,2022-09-09,3.66
939,392,2022-02-06,0.99
940,123,2022-08-11,2.13
941,204,2022-03-21,1.47
942,237,2022-06-05,0.8
943,452,2022-09-28,7.06
944,422,2022-11-20,1.2
945,390,2022-09-01,0.69
946,329,2022-11-12,3.37
947,243,2022-02-21,5.0
948,126,2022-11-22,1.19
949,16,2022-02-02,5.96
950,168,2022-11-01,3.92
951,422,2022-10-08,8.18
952,133,2022-08-21,8.29
953,429,2022-10-06,3.66
954,390,2022-10-24,5.9
955,231,2022-03-20,3.66
956,161,2022-07-07,7.5
957,123,2022-08-16,1.25
958,270,2022-07-21,1.43
959,93,2022-08-09,8.3
960,183,2022-06-25,1.24
961,369,2022-10-19,9.5
962,493,2022-12-02,4.05
963,456,2022-10-07,1.77
964,479,2022-07-24,6.3
965,67,2022-02-22,8.31
966,117,2022-05-11,0.5
967,241,2022-10-19,4.53
968,336,2022-09-23,9.42
969,236,2022-06-19,8.1
970,381,2022-04-04,5.73
971,153,2022-01-27,7.14
972,290,2022-03-10,1.86
973,478,2022-10-23,2.19
974,7,2022-03-08,5.64
975,277,2022-12-02,7.8
976,28,2022-02-23,1.97
977,198,2022-11-12,6.62
978,10,2022-06-27,4.33
979,94,2022-11-18,9.4
980,109,2022-02-08,5.07
981,373,2022-07-18,5.52
982,468,2022-01-03,1.57
983,81,2022-09-19,2.42
984,327,2022-06-27,4.59
985,304,2022-09-01,6.06
986,352,2022-12-21,1.72
987,184,2022-02-24,7.11
988,321,2022-10-19,6.96
989,460,2022-11-20,9.96
990,416,2022-10-22,5.12
991,115,2022-11-17,6.24
992,28,2022-02-22,5.49
993,151,2022-05-21,2.34
994,83,2022-06-05,2.51
995,313,2022-05-12,7.47
996,310,2022-09-08,4.17
997,460,2022-11-01,3.84
998,417,2022-07-19,7.19
999,428,2022-04-19,6.81
1000,57,2022-08-20,0.61
1001,47,2022-01-27,8.53
1002,350,2022-03-24,7.22
1003,103,2022-07-20,4.35
1004,475,2022-09-04,7.2
1005,446,2022-03-22,6.83
1006,265,2022-11-13,8.18
1007,351,2022-11-15,7.85
1008,123,2022-12-11,2.46
1009,360,2022-09-12,5.15
1010,171,2022-03-12,8.58
1011,382,2022-06-01,8.53
1012,435,2022-11-14,2.79
1013,396,2022-12-16,0.12
1014,423,2022-08-16,3.84
1015,255,2022-05-19,1.89
1016,164,2022-09-02,6.87
1017,190,2022-02-08,8.87
1018,41,2022-11-23,4.11
1019,263,2022-04-02,8.23
1020,95,2022-08-28,3.77
1021,434,2022-06-26,3.78
1022,326,2022-02-19,1.64
1023,343,2022-03-09,2.17
1024,405,2022-05-28,6.82
1025,409,2022-09-20,1.32
1026,188,2022-05-08,3.34
1027,351,2022-12-13,1.75
1028,288,2022-03-25,2.56
1029,41,2022-11-13,7.63
1030,111,2022-10-11,8.84
1031,167,2022-07-17,8.46
1032,69,2022-05-05,4.05
1033,19,2022-08-28,0.91
1034,205,2022-06-04,2.1
1035,287,2022-11-19,1.66
1036,347,2022-06-14,5.4
1037,400,2022-08-27,0.51
1038,14,2022-05-17,6.78
1039,64,2022-11-23,7.25
1040,40,2022-07-03,0.19
1041,97,2022-03-07,8.04
1042,301,2022-12-24,4.83
1043,62,2022-07-22,5.45
1044,441,2022-02-15,7.42
1045,358,2022-01-18,7.59
1046,84,2022-09-10,2.4
1047,70,2022-04-04,3.47
1048,110,2022-08-08,2.07
1049,180,2022-08-02,6.92
1050,376,2022-09-04,9.5
1051,44,2022-08-02,2.72
1052,68,2022-06-16,8.45
1053,455,2022-02-06,3.7
1054,20,2022-05-15,2.23
1055,483,2022-05-17,3.52
1056,378,2022-02-23,9.74
1057,139,2022-01-09,2.37
1058,123,2022-11-23,9.41
1059,139,2022-04-20,9.77
1060,114,2022-01-01,9.67
1061,463,2022-10-25,6.77
1062,469,2022-03-17,7.94
1063,248,2022-09-23,5.96
1064,185,2022-02-05,9.39
1065,349,2022-08-22,3.2
1066,422,2022-05-19,8.52
1067,213,2022-01-21,9.14
1068,416,2022-06-10,5.73
1069,131,2022-11-08,1.81
1070,412,2022-04-01,4.95
1071,247,2022-03-10,0.59
1072,62,2022-03-17,8.4
1073,486,2022-02-12,4.33
1074,249,2022-06-22,4.38
1075,418,2022-02-09,5.15
1076,373,2022-08-28,2.68
1077,213,2022-03-14,0.83
1078,80,2022-06-08,9.89
1079,197,2022-10-27,8.51
1080,317,2022-08-21,8.64
1081,107,2022-12-09,7.11
1082,375,2022-12-03,3.68
1083,4,2022-03-14,2.48
1084,140,2022-12-16,6.15
1085,312,2022-09-01,6.3
1086,183,2022-01-22,9.04
1087,84,2022-10-21,6.19
1088,406,2022-04-19,7.48
1089,217,2022-06-15,5.31
1090,42,2022-04-25,2.06
1091,443,2022-11-27,0.67
1092,405,2022-08-05,9.58
1093,290,2022-02-17,5.57
1094,254,2022-02-22,6.33
1095,161,2022-05-05,1.7
1096,217,2022-04-23,1.75
1097,471,2022-03-09,0.51
1098,190,2022-04-04,7.27
1099,395,2022-11-23,3.14
1100,337,2022-09-23,0.65
1101,226,2022-12-16,4.5
1102,182,2022-04-06,0.45
1103,337,2022-09-11,7.86
1104,373,2022-09-08,5.79
1105,420,2022-10-17,9.89
1106,393,2022-04-24,1.23
1107,347,2022-06-05,9.66
1108,60,2022-06-04,8.87
1109,384,2022-06-21,0.8
1110,206,2022-06-09,1.5
1111,225,2022-05-13,6.06
1112,471,2022-10-19,6.58
1113,385,2022-03-16,4.74
1114,250,2022-05-21,2.86
1115,385,2022-08-20,7.95
1116,397,2022-07-14,9.34
1117,239,2022-10-14,0.41
1118,106,2022-12-16,1.79
1119,427,2022-05-19,6.54
1120,220,2022-04-20,6.39
1121,210,2022-05-10,7.1
1122,117,2022-12-25,5.36
1123,156,2022-04-16,5.51
1124,110,2022-07-04,6.53
1125,288,2022-03-14,7.66
1126,9,2022-06-22,5.5
1127,195,2022-01-16,9.2
1128,107,2022-08-27,1.18
1129,194,2022-12-28,2.78
1130,466,2022-09-15,2.11
1131,91,2022-03-04,4.94
1132,14,2022-11-14,7.62
1133,327,2022-12-17,8.92
1134,460,2022-04-20,2.32
1135,484,2022-04-18,5.69
1136,454,2022-02-25,8.8
1137,220,2022-03-24,7.97
1138,403,2022-08-15,2.74
1139,470,2022-07-15,2.12
1140,403,2022-04-04,6.95
1141,465,2022-03-28,2.39
1142,463,2022-11-24,7.88
1143,157,2022-04-21,1.72
1144,274,2022-10-21,9.76
1145,308,2022-09-16,0.29
1146,363,2022-05-07,5.81
1147,458,2022-09-23,5.6
1148,481,2022-02-19,5.29
1149,338,2022-10-19,1.67
1150,289,2022-10-20,6.82
1151,473,2022-01-25,6.06
1152,373,2022-02-24,5.33
1153,460,2022-11-03,5.68
1154,350,2022-10-07,6.48
1155,258,2022-01-18,7.32
1156,117,2022-04-08,1.77
1157,121,2022-01-03,2.99
1158,413,2022-11-20,1.75
1159,311,2022-11-07,2.36
1160,132,2022-10-15,4.18
1161,276,2022-04-04,2.26
1162,293,2022-07-04,1.77
1163,267,2022-01-09,3.98
1164,188,2022-06-25,0.47
1165,226,2022-10-16,2.96
1166,253,2022-09-16,2.58
1167,232,2022-02-10,7.83
1168,295,2022-07-04,3.11
1169,378,2022-03-13,6.17
1170,322,2022-05-26,8.55
1171,50,2022-11-19,3.72
1172,73,2022-03-27,1.43
1173,30,2022-02-22,4.78
1174,193,2022-05-06,7.81
1175,254,2022-08-26,6.51
1176,186,2022-02-17,8.69
1177,30,2022-12-07,1.21
1178,433,2022-10-27,0.8
1179,336,2022-11-09,4.68
1180,232,2022-10-25,5.72
1181,161,2022-04-12,2.28
1182,87,2022-11-11,5.82
1183,213,2022-09-22,1.74
1184,87,2022-06-09,8.38
1185,280,2022-09-19,4.25
1186,123,2022-12-12,7.52
1187,284,2022-12-22,8.21
1188,383,2022-06-18,3.14
1189,399,2022-05-17,5.84
1190,298,2022-01-01,1.78
1191,15,2022-12-12,3.94
1192,131,2022-09-18,5.28
1193,4,2022-05-11,8.18
1194,350,2022-04-04,8.76
1195,200,2022-08-11,5.72
1196,253,2022-03-27,3.77
1197,372,2022-09-21,1.01
1198,464,2022-07-06,4.21
1199,177,2022-11-23,7.5
1200,130,2022-05-06,5.3
1201,360,2022-05-10,4.25
1202,335,2022-08-02,5.06
1203,474,2022-09-27,9.93
1204,246,2022-11-14,1.85
1205,391,2022-01-18,5.57
1206,88,2022-02-03,4.67
1207,199,2022-07-18,6.97
1208,236,2022-07-05,7.28
1209,487,2022-01-02,8.13
1210,269,2022-06-10,7.05
1211,59,2022-05-18,3.42
1212,77,2022-01-08,9.99
1213,201,2022-09-17,5.8
1214,17,2022-07-09,6.81
1215,444,2022-05-19,2.1
1216,232,2022-08-23,1.86
1217,211,2022-08-04,9.04
1218,479,2022-04-15,4.6
1219,268,2022-04-07,4.1
1220,393,2022-08-10,5.74
1221,250,2022-11-23,4.13
1222,176,2022-11-06,7.49
1223,270,2022-09-03,3.23
1224,413,2022-03-06,3.21
1225,175,2022-03-21,7.4
1226,289,2022-10-28,0.69
1227,110,2022-12-15,8.98
1228,247,2022-01-14,5.86
1229,103,2022-05-20,0.42
1230,316,2022-11-17,5.87
1231,189,2022-10-05,5.26
1232,480,2022-06-04,2.89
1233,16,2022-10-05,0.36
1234,278,2022-10-07,9.6
1235,318,2022-05-13,1.28
1236,117,2022-12-26,3.31
1237,468,2022-06-23,7.05
1238,455,2022-06-24,7.07
1239,54,2022-09-17,8.16
1240,135,2022-08-06,8.31
1241,416,2022-05-14,0.3
1242,345,2022-01-28,4.96
1243,412,2022-11-28,3.3
1244,65,2022-06-19,9.55
1245,426,2022-01-09,4.03
1246,262,2022-11-15,7.72
1247,76,2022-09-06,2.01
1248,314,2022-08-12,9.27
1249,2,2022-01-09,0.43
1250,33,2022-02-07,7.67
1251,118,2022-04-23,1.41
1252,456,2022-08-04,6.18
1253,64,2022-05-16,4.58
1254,237,2022-03-23,6.65
1255,444,2022-06-12,0.24
1256,278,2022-09-13,7.11
1257,422,2022-08-20,5.12
1258,208,2022-09-25,9.13
1259,442,2022-10-21,8.6
1260,146,2022-09-12,9.06
1261,367,2022-11-27,5.68
1262,417,2022-04-21,4.13
1263,191,2022-08-10,7.42
1264,19,2022-04-08,5.27
1265,11,2022-06-25,8.37
1266,438,2022-03-14,4.7
1267,274,2022-06-14,9.5
1268,369,2022-12-20,9.7
1269,318,2022-05-08,5.33
1270,56,2022-07-10,8.68
1271,193,2022-08-19,9.46
1272,365,2022-12-07,9.5
1273,293,2022-11-23,1.55
1274,49,2022-03-12,8.35
1275,347,2022-07-13,0.36
1276,57,2022-04-08,9.87
1277,146,2022-11-02,7.5
1278,96,2022-10-24,0.6
1279,458,2022-12-02,9.14
1280,71,2022-07-27,1.32
1281,265,2022-01-22,7.25
1282,2,2022-02-04,4.2
1283,268,2022-09-28,6.96
1284,105,2022-02-01,4.54
1285,154,2022-02-12,3.39
1286,478,2022-12-28,3.27
1287,348,2022-02-17,0.42
1288,393,2022-11-11,5.32
1289,242,2022-06-18,6.08
1290,283,2022-04-28,9.88
1291,498,2022-02-05,2.84
1292,469,2022-02-28,1.84
1293,189,2022-02-02,4.38
1294,97,2022-06-12,8.71
1295,170,2022-06-27,5.97
1296,202,2022-11-17,1.37
1297,208,2022-12-17,9.68
1298,40,2022-04-17,5.71
1299,1,2022-08-13,8.67
1300,478,2022-09-05,0.85
1301,93,2022-10-16,5.36
1302,132,2022-03-26,4.16
1303,159,2022-07-09,1.2
1304,56,2022-11-10,7.53
1305,6,2022-07-10,0.93
1306,135,2022-09-10,1.05
1307,237,2022-04-05,3.85
1308,49,2022-08-25,9.03
1309,348,2022-12-15,5.66
1310,186,2022-06-10,7.98
1311,66,2022-05-13,6.53
1312,8,2022-03-14,2.16
1313,418,2022-02-27,0.28
1314,476,2022-05-26,7.62
1315,309,2022-04-27,1.48
1316,128,2022-04-21,7.08
1317,154,2022-07-21,7.24
1318,113,2022-10-23,9.8
1319,288,2022-10-22,1.82
1320,251,2022-10-14,4.01
1321,300,2022-08-12,1.61
1322,96,2022-03-12,9.79
1323,23,2022-11-06,0.36
1324,225,2022-04-17,2.89
1325,52,2022-01-11,1.07
1326,359,2022-06-02,8.97
1327,406,2022-03-11,2.44
1328,258,2022-11-27,4.31
1329,319,2022-04-27,5.7
1330,242,2022-06-16,1.96
1331,28,2022-03-23,2.17
1332,256,2022-05-18,2.08
1333,488,2022-05-20,9.7
1334,401,2022-02-01,9.27
1335,333,2022-09-13,6.47
1336,265,2022-09-03,8.24
1337,247,2022-05-05,7.42
1338,482,2022-12-22,1.71
1339,399,2022-06-09,7.69
1340,201,2022-11-28,6.85
1341,358,2022-11-17,0.65
1342,139,2022-10-25,8.1
1343,271,2022-09-21,9.15
1344,4,2022-11-25,2.3
1345,134,2022-05-15,7.46
1346,262,2022-08-20,3.12
1347,277,2022-07-17,7.06
1348,127,2022-10-26,5.8
1349,254,2022-07-17,6.96
1350,163,2022-08-05,4.29
1351,410,2022-01-14,1.87
1352,383,2022-05-05,9.09
1353,291,2022-04-04,7.29
1354,402,2022-08-07,9.3
1355,208,2022-04-02,1.73
1356,492,2022-10-14,9.56
1357,100,2022-11-03,2.62
1358,80,2022-08-19,8.52
1359,277,2022-10-14,5.23
1360,39,2022-01-24,0.58
1361,403,2022-01-27,2.28
1362,491,2022-04-12,2.45
1363,224,2022-06-13,6.66
1364,308,2022-03-02,3.99
1365,320,2022-08-16,9.8
1366,115,2022-04-13,2.59
1367,387,2022-07-15,0.37
1368,98,2022-11-26,1.88
1369,173,2022-05-02,7.47
1370,206,2022-05-16,4.33
1371,123,2022-11-12,3.47
1372,115,2022-04-05,6.5
1373,266,2022-10-25,3.27
1374,434,2022-05-11,1.69
1375,192,2022-09-27,8.42
1376,458,2022-09-26,4.09
1377,120,2022-09-05,5.52
1378,262,2022-07-14,0.36
1379,70,2022-01-04,7.98
1380,498,2022-08-17,5.53
1381,476,2022-11-14,5.31
1382,263,2022-03-18,5.6
1383,389,2022-05-06,6.98
1384,416,2022-12-22,8.72
1385,54,2022-10-12,8.82
1386,437,2022-08-20,3.49
1387,221,2022-08-21,1.86
1388,415,2022-01-18,0.14
1389,444,2022-06-13,3.45
1390,407,2022-06-04,7.23
1391,355,2022-05-21,7.25
1392,384,2022-06-16,5.43
1393,233,2022-04-28,9.27
1394,126,2022-01-24,7.97
1395,305,2022-01-05,9.06
1396,360,2022-07-04,2.09
1397,100,2022-07-18,4.01
1398,432,2022-09-08,2.94
1399,235,2022-03-27,4.37
1400,104,2022-12-09,6.61
1401,257,2022-10-02,4.65
1402,286,2022-04-26,4.44
1403,341,2022-11-10,7.25
1404,365,2022-04-17,8.27
1405,25,2022-12-19,4.97
1406,271,2022-08-11,7.62
1407,325,2022-01-08,8.73
1408,340,2022-01-01,0.05
1409,153,2022-01-25,2.91
1410,54,2022-02-23,0.27
1411,373,2022-05-20,5.37
1412,365,2022-03-24,3.6
1413,46,2022-02-03,2.75
1414,447,2022-10-25,1.58
1415,172,2022-06-21,8.15
1416,336,2022-08-05,7.83
1417,83,2022-02-13,8.57
1418,470,2022-12-13,4.44
1419,314,2022-01-16,0.78
1420,312,2022-09-17,2.13
1421,165,2022-05-03,6.12
1422,341,2022-12-28,1.84
1423,210,2022-04-18,9.87
1424,423,2022-11-09,6.61
1425,184,2022-01-09,8.05
1426,212,2022-05-04,0.04
1427,429,2022-04-05,3.64
1428,134,2022-04-17,3.12
1429,74,2022-01-09,8.54
1430,26,2022-11-28,7.42
1431,162,2022-08-16,5.97
1432,89,2022-08-04,8.42
1433,38,2022-05-15,1.07
1434,198,2022-12-02,8.17
1435,411,2022-05-07,7.74
1436,11,2022-09-25,5.46
1437,206,2022-12-24,5.58
1438,100,2022-09-12,4.11
1439,103,2022-11-26,1.62
1440,292,2022-09-28,7.69
1441,244,2022-10-15,0.57
1442,46,2022-01-28,2.53
1443,59,2022-07-17,3.33
1444,230,2022-04-24,3.35
1445,167,2022-05-17,4.53
1446,13,2022-06-27,2.68
1447,75,2022-10-28,8.96
1448,74,2022-11-05,5.9
1449,166,2022-10-11,5.94
1450,368,2022-11-19,8.11
1451,308,2022-07-04,3.57
1452,29,2022-04-18,4.52
1453,117,2022-12-25,9.76
1454,57,2022-07-17,6.41
1455,331,2022-05-12,9.15
1456,335,2022-12-02,5.5
1457,253,2022-06-25,8.48
1458,432,2022-04-08,9.52
1459,7,2022-07-19,6.11
1460,261,2022-04-07,7.63
1461,16,2022-05-02,8.07
1462,328,2022-02-01,1.01
1463,423,2022-06-16,5.0
1464,215,2022-06-20,7.79
1465,14,2022-06-13,7.5
1466,500,2022-04-20,0.52
1467,440,2022-08-27,2.19
1468,220,2022-07-07,0.88
1469,64,2022-09-17,3.73
1470,208,2022-09-23,8.52
1471,78,2022-04-13,2.66
1472,292,2022-12-07,6.67
1473,98,2022-08-06,6.88
1474,380,2022-05-15,9.06
1475,57,2022-01-26,4.95
1476,168,2022-07-22,4.17
1477,233,2022-02-27,8.6
1478,427,2022-06-10,7.26
1479,377,2022-12-06,8.26
1480,326,2022-05-05,7.26
1481,372,2022-02-20,6.25
1482,454,2022-05-01,0.77
1483,425,2022-08-03,0.28
1484,427,2022-04-08,5.61
1485,308,2022-03-02,5.03
1486,372,2022-10-24,2.94
1487,116,2022-11-21,6.43
1488,308,2022-06-05,4.22
1489,166,2022-09-15,7.48
1490,227,2022-05-18,9.8
1491,310,2022-03-05,9.52
1492,176,2022-03-09,4.7
1493,348,2022-05-16,5.54
1494,97,2022-06-13,6.82
1495,35,2022-05-13,6.91
1496,476,2022-07-22,6.65
1497,75,2022-09-11,8.45
1498,425,2022-04-08,5.83
1499,122,2022-07-14,3.97
1500,238,2022-12-02,8.84
1501,302,2022-06-15,1.04
1502,51,2022-12-26,2.9
1503,11,2022-10-09,6.26
1504,254,2022-05-08,8.77
1505,57,2022-07-22,4.51
1506,81,2022-03-02,1.49
1507,87,2022-12-10,1.26
1508,343,2022-08-16,8.21
1509,257,2022-08-13,9.32
1510,97,2022-10-13,4.74
1511,207,2022-06-24,9.58
1512,473,2022-07-12,5.03
1513,176,2022-01-14,0.42
1514,223,2022-11-01,2.84
1515,108,2022-12-15,2.27
1516,24,2022-01-11,8.47
1517,58,2022-07-12,4.77
1518,292,2022-12-17,3.43
1519,420,2022-02-25,9.51
1520,178,2022-03-12,0.23
1521,350,2022-03-11,3.88
1522,385,2022-12-19,3.16
1523,108,2022-06-20,2.81
1524,3,2022-11-01,0.94
1525,330,2022-03-10,1.57
1526,481,2022-09-23,5.91
1527,220,2022-03-05,4.23
1528,392,2022-10-04,9.91
1529,194,2022-07-09,6.62
1530,410,2022-11-09,1.9
1531,169,2022-04-27,5.8
1532,243,2022-04-08,5.05
1533,31,2022-11-10,5.35
1534,359,2022-10-25,2.13
1535,365,2022-04-02,2.05
1536,429,2022-10-20,7.55
1537,37,2022-05-18,9.64
1538,235,2022-12-02,6.65
1539,405,2022-12-16,7.64
1540,46,2022-03-02,3.39
1541,372,2022-11-12,1.25
1542,262,2022-06-04,5.31
1543,323,2022-12-06,3.75
1544,410,2022-05-08,0.07
1545,437,2022-04-14,1.82
1546,262,2022-07-18,8.48
1547,248,2022-07-11,5.18
1548,360,2022-04-19,9.5
1549,482,2022-03-24,6.77
1550,338,2022-08-10,6.65
1551,156,2022-10-27,5.62
1552,155,2022-07-18,1.8
1553,381,2022-10-07,4.06
1554,39,2022-03-10,4.55
1555,250,2022-02-21,2.92
1556,335,2022-10-28,0.62
1557,318,2022-12-01,8.42
1558,233,2022-09-19,2.4
1559,49,2022-10-02,7.78
1560,103,2022-07-04,4.38
1561,2,2022-09-13,0.94
1562,166,2022-12-06,0.33
1563,151,2022-05-01,5.46
1564,251,2022-09-22,5.67
1565,205,2022-01-18,7.26
1566,217,2022-12-04,4.89
1567,210,2022-04-06,2.05
1568,189,2022-12-23,1.33
1569,341,2022-08-11,9.2
1570,499,2022-11-16,6.32
1571,21,2022-11-21,8.87
1572,322,2022-01-17,0.18
1573,467,2022-09-06,2.9
1574,468,2022-05-02,2.24
1575,357,2022-12-04,0.71
1576,42,2022-06-21,8.76
1577,324,2022-05-04,5.62
1578,238,2022-12-16,0.76
1579,384,2022-07-03,0.02
1580,199,2022-03-20,9.96
1581,7,2022-09-04,6.15
1582,216,2022-11-25,3.39
1583,134,2022-06-17,0.62
1584,348,2022-06-19,0.71
1585,72,2022-03-21,2.09
1586,86,2022-03-05,8.99
1587,198,2022-02-03,5.57
1588,128,2022-04-08,1.76
1589,408,2022-12-21,3.44
1590,442,2022-07-01,5.69
1591,490,2022-08-17,5.4
1592,185,2022-06-05,9.52
1593,276,2022-03-10,6.1
1594,252,2022-05-18,2.34
1595,266,2022-04-04,4.65
1596,281,2022-12-12,7.13
1597,285,2022-07-23,6.05
1598,105,2022-01-27,4.18
1599,261,2022-03-13,3.59
1600,200,2022-07-11,4.03
1601,422,2022-07-22,9.09
1602,232,2022-03-16,6.2
1603,483,2022-09-03,5.5
1604,14,2022-07-10,0.91
1605,398,2022-10-21,8.34
1606,15,2022-06-11,7.75
1607,380,2022-10-18,0.03
1608,211,2022-02-06,7.89
1609,488,2022-09-06,1.54
1610,147,2022-02-01,2.38
1611,231,2022-11-17,5.27
1612,145,2022-04-06,5.74
1613,196,2022-10-06,6.54
1614,455,2022-09-26,4.58
1615,35,2022-02-01,6.65
1616,189,2022-11-09,5.62
1617,158,2022-12-04,5.92
1618,101,2022-04-04,1.86
1619,422,2022-08-19,1.7
1620,393,2022-12-22,0.61
1621,353,2022-01-18,9.32
1622,460,2022-12-02,0.48
1623,395,2022-02-13,7.77
1624,31,2022-05-28,3.55
1625,326,2022-09-12,6.17
1626,126,2022-05-09,7.4
1627,432,2022-05-20,7.66
1628,430,2022-06-20,4.27
1629,55,2022-05-10,1.29
1630,427,2022-09-18,9.3
1631,322,2022-11-17,5.28
1632,369,2022-01-18,8.32
1633,400,2022-05-26,7.69
1634,350,2022-12-15,1.79
1635,18,2022-03-10,7.71
1636,466,2022-09-03,7.32
1637,305,2022-10-19,0.85
1638,212,2022-12-07,7.54
1639,230,2022-06-26,1.65
1640,277,2022-06-08,2.27
1641,28,2022-09-19,0.57
1642,138,2022-06-21,5.57
1643,289,2022-03-14,6.38
1644,11,2022-07-03,5.86
1645,233,2022-11-13,6.28
1646,6,2022-12-24,9.29
1647,15,2022-09-22,7.31
1648,446,2022-06-24,2.16
1649,159,2022-07-06,7.21
1650,473,2022-04-23,7.65
1651,159,2022-07-09,0.73
1652,285,2022-08-08,2.66
1653,473,2022-10-04,6.7
1654,77,2022-10-18,7.91
1655,424,2022-04-17,7.53
1656,61,2022-12-20,0.52
1657,408,2022-12-07,6.27
1658,47,2022-12-11,9.11
1659,392,2022-06-02,5.85
1660,11,2022-06-04,0.05
1661,441,2022-10-25,1.79
1662,267,2022-10-01,0.2
1663,254,2022-06-11,4.8
1664,75,2022-09-07,8.57
1665,301,2022-07-05,4.97
1666,199,2022-12-17,6.81
1667,130,2022-03-14,5.38
1668,434,2022-07-08,1.48
1669,313,2022-01-17,7.14
1670,344,2022-11-17,8.51
1671,464,2022-02-16,5.18
1672,406,2022-02-23,4.56
1673,138,2022-06-16,7.13
1674,143,2022-08-18,1.41
1675,330,2022-03-24,6.17
1676,391,2022-11-09,2.53
1677,264,2022-08-10,0.98
1678,436,2022-07-07,9.59
1679,275,2022-01-05,4.82
1680,122,2022-07-20,5.6
1681,32,2022-09-24,5.27
1682,153,2022-05-17,0.7
1683,55,2022-04-18,2.03
1684,414,2022-03-05,6.79
1685,380,2022-11-02,9.31
1686,352,2022-03-22,3.73
1687,340,2022-01-02,6.93
1688,460,2022-02-05,5.18
1689,205,2022-09-14,8.71
1690,286,2022-05-06,2.09
1691,6,2022-04-28,2.86
1692,12,2022-01-22,7.37
1693,128,2022-06-12,7.9
1694,280,2022-03-13,8.61
1695,368,2022-10-03,1.14
1696,82,2022-01-03,7.92
1697,431,2022-08-12,1.03
1698,22,2022-04-23,5.78
1699,372,2022-02-08,3.45
1700,168,2022-05-01,3.53
1701,357,2022-05-08,7.6
1702,257,2022-07-09,2.88
1703,271,2022-10-28,5.68
1704,333,2022-08-27,3.85
1705,121,2022-06-03,7.88
1706,421,2022-07-18,1.0
1707,275,2022-07-09,5.87
1708,216,2022-12-17,4.26
1709,102,2022-04-25,5.87
1710,366,2022-03-16,1.71
1711,242,2022-06-12,6.19
1712,364,2022-03-19,9.49
1713,401,2022-05-20,2.11
1714,371,2022-03-02,1.59
1715,33,2022-11-28,2.95
1716,36,2022-01-27,8.14
1717,334,2022-01-21,6.86
1718,14,2022-06-01,9.23
1719,465,2022-03-23,1.42
1720,67,2022-04-12,8.83
1721,289,2022-12-24,4.16
1722,368,2022-03-04,4.62
1723,310,2022-01-23,4.32
1724,472,2022-01-20,5.76
1725,143,2022-04-28,9.6
1726,107,2022-03-04,8.42
1727,218,2022-02-02,8.55
1728,157,2022-09-07,1.93
1729,164,2022-05-22,5.43
1730,170,2022-03-28,3.29
1731,112,2022-05-21,9.01
1732,130,2022-12-22,3.6
1733,171,2022-05-27,7.01
1734,113,2022-06-02,9.22
1735,59,2022-12-23,4.45
1736,98,2022-12-02,5.6
1737,332,2022-06-28,9.56
1738,260,2022-12-09,2.72
1739,188,2022-05-01,6.33
1740,142,2022-03-27,3.64
1741,442,2022-02-18,1.95
1742,121,2022-12-12,9.47
1743,252,2022-10-03,4.63
1744,292,2022-10-28,0.13
1745,210,2022-01-11,8.26
1746,28,2022-02-08,0.67
1747,246,2022-08-11,6.33
1748,368,2022-08-11,0.03
1749,203,2022-01-08,3.08
1750,393,2022-06-10,4.14
1751,362,2022-05-02,0.73
1752,183,2022-06-24,8.26
1753,25,2022-04-22,4.02
1754,265,2022-08-06,2.31
1755,182,2022-01-23,4.6
1756,401,2022-06-28,2.71
1757,7,2022-02-28,3.61
1758,282,2022-01-20,8.67
1759,45,2022-09-12,7.83
1760,272,2022-07-01,3.02
1761,187,2022-05-27,7.62
1762,418,2022-10-10,0.18
1763,487,2022-08-08,5.43
1764,486,2022-04-22,2.61
1765,262,2022-09-07,5.73
1766,108,2022-05-21,3.78
1767,495,2022-02-14,6.01
1768,230,2022-06-20,1.83
1769,214,2022-12-14,6.75
1770,167,2022-06-12,2.89
1771,284,2022-07-15,3.89
1772,277,2022-09-13,9.6
1773,381,2022-12-08,3.12
1774,256,2022-06-20,3.69
1775,321,2022-02-16,6.33
1776,144,2022-10-16,1.54
1777,333,2022-07-15,1.91
1778,297,2022-03-20,8.86
1779,254,2022-12-06,4.5
1780,429,2022-12-16,6.92
1781,339,2022-08-06,4.79
1782,41,2022-06-18,5.87
1783,154,2022-08-25,1.69
1784,336,2022-07-23,1.18
1785,10,2022-01-25,1.93
1786,95,2022-09-03,4.11
1787,31,2022-08-09,5.85
1788,156,2022-05-15,0.65
1789,140,2022-09-25,3.91
1790,445,2022-08-24,3.27
1791,243,2022-10-01,5.11
1792,2,2022-05-24,5.5
1793,111,2022-10-26,4.27
1794,426,2022-10-04,4.41
1795,64,2022-04-16,8.3
1796,172,2022-02-04,3.07
1797,67,2022-05-17,6.96
1798,200,2022-10-28,0.43
1799,319,2022-02-24,2.56
1800,466,2022-12-04,0.36
1801,36,2022-04-25,1.02
1802,64,2022-03-11,9.36
1803,122,2022-03-19,8.29
1804,500,2022-01-28,7.18
1805,10,2022-09-05,7.34
1806,370,2022-06-01,9.42
1807,112,2022-03-15,8.31
1808,71,2022-01-27,2.1
1809,245,2022-08-05,6.81
1810,155,2022-08-25,3.56
1811,242,2022-12-17,4.83
1812,386,2022-09-09,5.48
1813,466,2022-03-08,7.6
1814,300,2022-11-27,0.13
1815,327,2022-11-07,2.12
1816,308,2022-02-01,2.73
1817,413,2022-10-28,7.7
1818,157,2022-06-03,7.75
1819,416,2022-01-16,1.65
1820,117,2022-06-07,4.52
1821,141,2022-06-17,2.49
1822,77,2022-03-24,2.92
1823,247,2022-03-20,5.36
1824,252,2022-02-23,3.12
1825,445,2022-03-24,1.63
1826,396,2022-04-20,3.51
1827,277,2022-03-05,9.21
1828,124,2022-07-18,6.46
1829,297,2022-06-10,7.17
1830,119,2022-11-21,6.68
1831,49,2022-09-10,2.72
1832,436,2022-01-28,7.14
1833,269,2022-11-26,9.94
1834,406,2022-09-01,5.25
1835,231,2022-11-01,2.62
1836,443,2022-09-05,5.88
1837,135,2022-02-11,3.13
1838,405,2022-01-22,9.67
1839,119,2022-09-20,5.93
1840,73,2022-02-12,1.69
1841,499,2022-03-02,1.02
1842,184,2022-12-27,4.4
1843,216,2022-12-04,2.96
1844,255,2022-06-26,7.97
1845,240,2022-03-21,3.64
1846,490,2022-03-08,7.47
1847,337,2022-02-12,5.27
1848,107,2022-06-22,1.61
1849,425,2022-03-23,3.81
1850,325,2022-03-21,3.72
1851,150,2022-03-10,7.57
1852,328,2022-10-28,8.45
1853,95,2022-05-24,7.95
1854,274,2022-02-06,8.6
1855,206,2022-04-03,1.62
1856,309,2022-07-21,3.12
1857,264,2022-07-20,1.21
1858,211,2022-02-20,3.03
1859,255,2022-11-15,1.76
1860,4,2022-08-25,5.44
1861,225,2022-04-02,5.7
1862,460,2022-06-27,9.36
1863,93,2022-05-07,0.54
1864,173,2022-08-21,4.01
1865,20,2022-07-03,9.06
1866,242,2022-02-04,8.03
1867,318,2022-03-19,0.7
1868,223,2022-09-09,1.11
1869,30,2022-03-04,8.52
1870,461,2022-07-23,1.2
1871,296,2022-08-03,5.81
1872,193,2022-11-02,6.2
1873,8,2022-08-02,0.72
1874,141,2022-01-12,0.62
1875,316,2022-05-09,0.79
1876,12,2022-05-12,9.21
1877,142,2022-08-16,7.81
1878,465,2022-05-20,7.41
1879,306,2022-09-01,3.23
1880,40,2022-09-21,7.44
1881,281,2022-07-22,2.85
1882,335,2022-02-26,7.88
1883,426,2022-04-01,1.93
1884,117,2022-10-25,7.59
1885,314,2022-05-19,6.28
1886,213,2022-02-06,5.0
1887,406,2022-01-19,3.09
1888,216,2022-08-11,6.02
1889,208,2022-05-08,4.83
1890,284,2022-06-26,2.61
1891,369,2022-06-09,1.36
1892,327,2022-09-25,4.08
1893,419,2022-04-06,2.84
1894,349,2022-10-22,5.52
1895,30,2022-01-19,1.72
1896,446,2022-01-09,5.85
1897,82,2022-05-21,5.88
1898,372,2022-11-07,4.28
1899,289,2022-03-01,8.35
1900,85,2022-10-01,2.32
1901,497,2022-04-25,2.61
1902,310,2022-03-04,0.07
1903,420,2022-07-19,0.47
1904,474,2022-03-22,9.51
1905,98,2022-12-08,5.7
1906,412,2022-08-14,9.22
1907,464,2022-06-13,6.11
1908,371,2022-04-13,2.9
1909,486,2022-09-04,8.73
1910,433,2022-03-18,6.73
1911,327,2022-10-25,4.63
1912,456,2022-04-26,1.67
1913,69,2022-05-01,4.51
1914,425,2022-11-22,7.86
1915,342,2022-04-19,6.93
1916,50,2022-07-28,7.57
1917,277,2022-10-16,2.27
1918,346,2022-10-14,0.99
1919,420,2022-02-09,4.38
1920,253,2022-06-19,7.83
1921,341,2022-01-22,1.55
1922,423,2022-01-22,7.69
1923,80,2022-08-20,0.63
1924,479,2022-08-03,7.73
1925,131,2022-06-19,7.09
1926,224,2022-07-20,8.44
1927,27,2022-12-14,7.92
1928,156,2022-07-15,4.11
1929,492,2022-03-16,8.97
1930,444,2022-06-21,0.81
1931,322,2022-10-09,8.33
1932,325,2022-05-10,9.95
1933,335,2022-10-09,6.9
1934,307,2022-01-08,8.54
1935,63,2022-05-24,3.36
1936,184,2022-08-07,2.9
1937,399,2022-06-27,4.8
1938,18,2022-02-07,1.53
1939,187,2022-05-13,4.31
1940,177,2022-06-25,5.13
1941,132,2022-10-24,0.9
1942,370,2022-06-27,1.91
1943,458,2022-05-24,2.5
1944,108,2022-12-18,5.01
1945,207,2022-08-20,1.4
1946,47,2022-09-21,4.49
1947,464,2022-08-03,2.72
1948,220,2022-10-25,5.78
1949,99,2022-11-05,2.82
1950,474,2022-03-13,3.2
1951,106,2022-05-10,0.59
1952,11,2022-09-15,4.75
1953,323,2022-12-08,1.7
1954,477,2022-09-05,1.04
1955,192,2022-12-12,6.45
1956,15,2022-09-04,8.78
1957,15,2022-11-22,3.86
1958,219,2022-05-25,3.97
1959,487,2022-11-27,1.78
1960,278,2022-01-13,3.9
1961,124,2022-12-19,2.97
1962,93,2022-09-06,2.97
1963,182,2022-03-16,0.63
1964,213,2022-07-22,1.34
1965,75,2022-04-11,6.93
1966,146,2022-11-11,9.27
1967,337,2022-12-23,3.3
1968,401,2022-03-05,1.31
1969,168,2022-11-07,3.19
1970,345,2022-11-25,4.73
1971,100,2022-01-04,7.86
1972,422,2022-01-03,6.75
1973,52,2022-04-22,2.07
1974,98,2022-05-27,2.85
1975,297,2022-08-09,3.88
1976,494,2022-10-01,7.04
1977,455,2022-05-27,6.4
1978,10,2022-11-08,3.84
1979,64,2022-09-15,6.32
1980,407,2022-12-09,2.0
1981,358,2022-11-18,0.53
1982,268,2022-12-14,2.58
1983,139,2022-02-17,4.17
1984,35,2022-02-24,1.34
1985,144,2022-06-08,0.99
1986,397,2022-02-07,0.03
1987,88,2022-04-05,5.63
1988,208,2022-07-08,2.2
1989,245,2022-11-10,4.76
1990,445,2022-03-25,3.39
1991,230,2022-02-26,5.09
1992,416,2022-05-23,3.32
1993,466,2022-07-19,6.71
1994,106,2022-04-22,3.75
1995,357,2022-05-12,8.5
1996,241,2022-03-03,4.19
1997,376,2022-12-23,1.45
1998,363,2022-08-18,6.16
1999,128,2022-03-03,1.9
2000,308,2022-01-26,1.32
2001,3,2023-05-25,3.39
2002,258,2023-03-22,1.55
2003,371,2023-07-18,9.09
2004,464,2023-08-24,1.79
2005,78,2023-10-03,6.87
2006,221,2023-02-08,8.27
2007,106,2023-04-10,8.22
2008,369,2023-05-03,4.36
2009,389,2023-01-25,3.91
2010,30,2023-09-25,2.59
2011,76,2023-12-06,1.39
2012,139,2023-06-22,0.74
2013,428,2023-12-14,3.99
2014,271,2023-02-04,5.46
2015,260,2023-06-11,3.17
2016,310,2023-02-02,2.05
2017,66,2023-09-16,1.65
2018,258,2023-02-01,7.21
2019,350,2023-12-09,6.94
2020,398,2023-11-18,0.33
2021,450,2023-09-22,9.88
2022,436,2023-02-27,2.69
2023,281,2023-10-05,6.38
2024,212,2023-07-10,3.88
2025,262,2023-09-27,5.65
2026,129,2023-11-26,3.42
2027,87,2023-07-06,2.37
2028,35,2023-03-26,0.8
2029,9,2023-03-23,6.47
2030,494,2023-12-12,7.66
2031,249,2023-10-13,7.46
2032,101,2023-01-10,8.09
2033,78,2023-05-21,5.53
2034,31,2023-10-20,3.68
2035,184,2023-01-04,9.51
2036,358,2023-10-11,9.57
2037,12,2023-06-08,2.83
2038,181,2023-03-21,5.6
2039,14,2023-03-10,6.09
2040,400,2023-03-15,5.79
2041,309,2023-08-05,3.94
2042,11,2023-03-15,9.51
2043,455,2023-07-27,5.34
2044,172,2023-07-15,7.32
2045,120,2023-12-01,2.24
2046,482,2023-04-09,4.95
2047,360,2023-09-24,8.08
2048,209,2023-02-28,1.86
2049,269,2023-05-18,8.82
2050,119,2023-11-11,4.06
2051,289,2023-10-27,3.18
2052,348,2023-01-03,7.17
2053,290,2023-05-19,3.97
2054,219,2023-06-18,2.86
2055,395,2023-02-22,5.74
2056,76,2023-04-25,6.95
2057,129,2023-04-10,4.49
2058,477,2023-09-18,3.55
2059,219,2023-08-09,3.88
2060,364,2023-06-07,2.87
2061,19,2023-11-05,3.65
2062,334,2023-03-22,6.58
2063,2,2023-10-25,5.32
2064,318,2023-05-26,0.66
2065,108,2023-05-25,0.42
2066,196,2023-11-25,7.62
2067,272,2023-06-02,0.25
2068,420,2023-11-03,4.17
2069,44,2023-08-26,1.55
2070,69,2023-05-10,0.23
2071,430,2023-10-27,0.01
2072,277,2023-03-08,4.86
2073,283,2023-07-18,3.58
2074,284,2023-02-05,5.94
2075,255,2023-02-06,2.15
2076,266,2023-07-14,0.36
2077,279,2023-09-11,4.72
2078,36,2023-07-06,3.87
2079,237,2023-06-19,5.14
2080,180,2023-11-01,3.08
2081,295,2023-10-06,3.52
2082,468,2023-12-24,3.6
2083,148,2023-11-07,9.9
2084,86,2023-12-28,8.52
2085,201,2023-02-11,9.96
2086,80,2023-09-02,4.93
2087,124,2023-09-14,8.3
2088,254,2023-07-07,1.94
2089,80,2023-10-06,1.84
2090,237,2023-07-07,3.41
2091,269,2023-08-19,9.49
2092,49,2023-12-03,4.7
2093,440,2023-07-20,0.29
2094,308,2023-11-04,2.87
2095,290,2023-06-25,3.88
2096,149,2023-05-18,3.59
2097,9,2023-03-12,1.36
2098,373,2023-03-15,5.87
2099,59,2023-05-11,2.11
2100,45,2023-12-18,9.83
2101,107,2023-02-16,1.65
2102,389,2023-11-17,8.2
2103,423,2023-05-23,7.4
2104,156,2023-06-26,0.44
2105,197,2023-03-09,6.58
2106,424,2023-08-13,7.75
2107,126,2023-11-04,2.95
2108,442,2023-10-13,9.19
2109,55,2023-09-04,7.34
2110,9,2023-11-28,8.19
2111,74,2023-03-25,8.43
2112,484,2023-06-04,7.36
2113,9,2023-09-09,6.53
2114,485,2023-07-01,0.36
2115,47,2023-10-03,7.51
2116,190,2023-05-09,7.54
2117,480,2023-08-10,8.98
2118,428,2023-03-06,7.11
2119,163,2023-07-04,6.19
2120,251,2023-05-07,1.02
2121,255,2023-09-04,0.09
2122,386,2023-08-15,0.14
2123,62,2023-07-17,6.64
2124,192,2023-12-12,1.98
2125,413,2023-02-19,8.98
2126,412,2023-09-04,5.16
2127,191,2023-08-07,5.66
2128,251,2023-11-05,4.46
2129,64,2023-03-09,0.22
2130,368,2023-12-22,4.24
2131,473,2023-09-04,4.5
2132,362,2023-08-15,1.52
2133,434,2023-05-20,9.81
2134,493,2023-12-19,2.69
2135,374,2023-01-18,6.83
2136,211,2023-04-07,8.47
2137,353,2023-02-25,6.53
2138,46,2023-10-05,7.75
2139,328,2023-07-24,7.38
2140,266,2023-03-12,1.27
2141,343,2023-02-12,6.82
2142,31,2023-03-27,3.59
2143,23,2023-04-22,5.63
2144,481,2023-07-09,2.48
2145,18,2023-12-04,1.98
2146,234,2023-04-18,1.99
2147,139,2023-04-05,9.68
2148,110,2023-02-19,0.85
2149,205,2023-12-10,4.87
2150,56,2023-06-09,6.83
2151,381,2023-11-04,1.8
2152,369,2023-05-10,0.24
2153,358,2023-01-27,0.24
2154,209,2023-05-01,8.15
2155,485,2023-02-14,1.83
2156,180,2023-02-21,1.78
2157,372,2023-05-16,3.37
2158,265,2023-04-12,2.38
2159,75,2023-01-21,2.56
2160,258,2023-01-15,3.28
2161,434,2023-08-24,1.95
2162,92,2023-08-05,0.29
2163,427,2023-09-22,8.96
2164,405,2023-10-18,3.63
2165,100,2023-02-11,3.36
2166,325,2023-08-18,5.29
2167,269,2023-11-11,3.67
2168,435,2023-02-10,4.82
2169,265,2023-06-22,7.1
2170,399,2023-02-11,3.41
2171,161,2023-05-12,2.8
2172,214,2023-09-16,2.93
2173,8,2023-07-15,8.15
2174,135,2023-07-09,7.2
2175,468,2023-09-27,4.7
2176,424,2023-08-22,0.89
2177,293,2023-08-02,6.85
2178,204,2023-08-19,5.44
2179,34,2023-05-28,6.64
2180,380,2023-05-18,4.87
2181,54,2023-04-23,9.05
2182,134,2023-08-12,1.16
2183,351,2023-02-02,0.92
2184,369,2023-09-07,8.22
2185,156,2023-12-25,5.96
2186,50,2023-01-04,2.72
2187,476,2023-10-21,2.74
2188,366,2023-05-11,0.08
2189,160,2023-09-06,8.88
2190,427,2023-12-04,2.06
2191,496,2023-07-05,9.48
2192,5,2023-10-13,3.46
2193,66,2023-05-16,3.34
2194,308,2023-07-08,9.16
2195,98,2023-11-13,6.39
2196,81,2023-10-07,2.53
2197,227,2023-09-16,6.46
2198,178,2023-03-17,3.72
2199,152,2023-03-15,9.2
2200,342,2023-11-25,3.36
2201,85,2023-02-25,5.21
2202,149,2023-05-27,3.09
2203,385,2023-03-27,8.37
2204,178,2023-08-24,7.34
2205,107,2023-01-04,5.0
2206,89,2023-12-12,1.25
2207,416,2023-02-15,2.46
2208,288,2023-06-07,0.34
2209,352,2023-04-03,6.59
2210,341,2023-08-17,5.19
2211,76,2023-09-20,5.57
2212,477,2023-09-12,5.05
2213,22,2023-06-23,4.04
2214,399,2023-01-13,8.75
2215,381,2023-05-10,2.27
2216,63,2023-02-23,3.97
2217,340,2023-04-03,7.66
2218,205,2023-05-03,6.46
2219,414,2023-03-27,2.93
2220,147,2023-06-10,3.0
2221,69,2023-05-27,3.43
2222,76,2023-12-03,8.11
2223,479,2023-11-07,2.06
2224,293,2023-07-20,6.01
2225,341,2023-01-21,8.12
2226,56,2023-02-04,3.6
2227,230,2023-11-07,9.38
2228,220,2023-01-19,2.03
2229,199,2023-01-28,7.74
2230,18,2023-05-27,6.97
2231,146,2023-05-24,4.33
2232,406,2023-12-04,8.11
2233,438,2023-04-18,6.76
2234,124,2023-11-05,2.12
2235,378,2023-10-15,3.02
2236,126,2023-02-26,8.14
2237,401,2023-02-23,6.07
2238,166,2023-11-08,3.33
2239,84,2023-12-11,8.86
2240,184,2023-12-15,3.32
2241,61,2023-10-05,1.65
2242,255,2023-06-03,5.72
2243,289,2023-12-01,4.4
2244,327,2023-06-20,2.33
2245,50,2023-10-15,6.2
2246,414,2023-06-17,7.22
2247,330,2023-08-20,5.87
2248,430,2023-10-19,3.2
2249,117,2023-07-19,7.67
2250,56,2023-08-12,0.5
2251,461,2023-07-27,5.15
2252,79,2023-12-16,2.21
2253,259,2023-08-24,9.24
2254,86,2023-12-07,5.97
2255,267,2023-07-23,4.41
2256,136,2023-03-22,7.29
2257,202,2023-03-05,2.78
2258,478,2023-09-13,7.87
2259,124,2023-08-26,6.76
2260,453,2023-05-02,5.4
2261,142,2023-05-22,5.05
2262,166,2023-03-21,2.63
2263,27,2023-09-28,9.94
2264,404,2023-08-26,2.47
2265,411,2023-11-16,3.83
2266,55,2023-06-12,4.76
2267,145,2023-03-05,8.57
2268,28,2023-07-14,6.75
2269,407,2023-12-13,6.67
2270,491,2023-09-27,0.63
2271,133,2023-02-13,0.85
2272,45,2023-08-21,9.21
2273,374,2023-09-11,0.17
2274,203,2023-10-25,0.06
2275,376,2023-03-15,2.82
2276,354,2023-09-08,4.54
2277,172,2023-06-13,2.81
2278,228,2023-06-18,6.53
2279,400,2023-04-02,1.78
2280,49,2023-02-05,2.57
2281,178,2023-02-13,5.07
2282,51,2023-11-13,6.83
2283,345,2023-04-26,1.53
2284,407,2023-06-03,4.6
2285,110,2023-09-20,7.71
2286,462,2023-07-03,7.79
2287,106,2023-04-16,1.57
2288,270,2023-10-23,4.54
2289,369,2023-08-08,4.68
2290,379,2023-04-06,1.2
2291,319,2023-11-22,4.06
2292,476,2023-04-16,2.05
2293,450,2023-03-20,5.75
2294,247,2023-06-08,5.17
2295,439,2023-08-15,4.72
2296,480,2023-07-25,5.45
2297,279,2023-01-11,3.03
2298,47,2023-01-05,4.2
2299,329,2023-05-08,4.54
2300,40,2023-05-05,9.37
2301,389,2023-08-24,2.74
2302,487,2023-04-23,9.81
2303,178,2023-11-05,1.87
2304,377,2023-12-25,5.29
2305,354,2023-07-20,3.63
2306,299,2023-07-18,5.12
2307,313,2023-08-15,9.99
2308,466,2023-12-07,6.87
2309,203,2023-01-28,9.98
2310,15,2023-02-08,4.95
2311,334,2023-12-25,0.11
2312,487,2023-02-13,9.72
2313,470,2023-08-22,5.47
2314,193,2023-04-20,8.8
2315,198,2023-06-20,3.4
2316,167,2023-08-09,0.73
2317,385,2023-07-16,8.57
2318,213,2023-11-10,9.77
2319,464,2023-10-20,6.86
2320,179,2023-06-25,2.73
2321,187,2023-04-07,2.01
2322,34,2023-09-10,6.77
2323,264,2023-05-19,4.57
2324,195,2023-01-27,1.93
2325,380,2023-07-10,4.12
2326,367,2023-03-12,2.67
2327,438,2023-02-24,1.03
2328,46,2023-08-09,4.44
2329,403,2023-11-15,8.73
2330,189,2023-08-24,9.5
2331,148,2023-01-14,2.21
2332,158,2023-02-08,1.61
2333,128,2023-03-12,2.07
2334,257,2023-03-21,5.53
2335,264,2023-02-22,2.92
2336,185,2023-02-21,5.4
2337,477,2023-03-25,0.96
2338,50,2023-10-28,9.9
2339,148,2023-02-03,8.75
2340,225,2023-05-06,8.94
2341,356,2023-08-13,2.76
2342,19,2023-05-07,0.97
2343,27,2023-12-18,6.96
2344,54,2023-09-05,2.51
2345,453,2023-12-15,8.93
2346,281,2023-09-03,1.27
2347,312,2023-11-21,9.72
2348,69,2023-06-13,2.84
2349,309,2023-09-10,9.28
2350,421,2023-01-21,5.15
2351,427,2023-06-27,9.63
2352,256,2023-03-11,1.96
2353,16,2023-02-15,2.87
2354,19,2023-06-17,4.72
2355,32,2023-09-27,0.73
2356,436,2023-11-22,3.07
2357,260,2023-10-22,8.71
2358,193,2023-04-14,6.47
2359,451,2023-01-07,3.69
2360,448,2023-09-19,0.81
2361,407,2023-08-17,9.35
2362,229,2023-09-20,3.65
2363,253,2023-03-21,3.73
2364,321,2023-02-11,7.3
2365,87,2023-09-17,1.57
2366,289,2023-10-19,3.27
2367,399,2023-10-27,4.33
2368,470,2023-01-20,7.48
2369,285,2023-03-13,7.18
2370,9,2023-05-06,1.93
2371,343,2023-02-04,1.35
2372,417,2023-09-01,8.54
2373,322,2023-11-15,5.65
2374,36,2023-02-27,1.69
2375,489,2023-08-12,2.72
2376,431,2023-09-24,1.17
2377,450,2023-02-21,6.82
2378,23,2023-07-04,4.28
2379,160,2023-12-01,0.09
2380,395,2023-03-18,1.11
2381,73,2023-02-16,9.72
2382,478,2023-03-05,3.43
2383,156,2023-03-07,6.91
2384,438,2023-06-05,7.01
2385,321,2023-01-05,0.87
2386,473,2023-07-20,2.39
2387,276,2023-01-16,7.13
2388,145,2023-11-16,5.02
2389,495,2023-06-10,6.49
2390,429,2023-12-05,9.54
2391,200,2023-11-13,1.2
2392,394,2023-12-03,8.8
2393,69,2023-08-22,7.85
2394,208,2023-06-20,7.93
2395,33,2023-02-20,5.61
2396,179,2023-11-05,8.51
2397,433,2023-05-09,4.62
2398,462,2023-04-05,3.0
2399,89,2023-09-08,6.35
2400,156,2023-02-08,9.85
2401,48,2023-07-01,6.39
2402,486,2023-05-16,1.45
2403,446,2023-02-09,7.29
2404,394,2023-09-19,1.46
2405,460,2023-01-22,3.55
2406,83,2023-10-27,0.52
2407,267,2023-07-19,2.05
2408,435,2023-07-18,6.93
2409,86,2023-09-27,0.67
2410,153,2023-03-27,4.07
2411,312,2023-04-25,6.76
2412,183,2023-08-09,0.55
2413,382,2023-01-05,5.25
2414,198,2023-02-20,3.98
2415,334,2023-07-28,1.49
2416,475,2023-02-19,6.52
2417,118,2023-02-12,4.78
2418,275,2023-01-13,3.62
2419,431,2023-04-06,4.01
2420,154,2023-02-17,3.29
2421,8,2023-09-20,1.14
2422,432,2023-03-01,8.65
2423,222,2023-05-04,8.39
2424,99,2023-08-07,0.23
2425,450,2023-03-28,6.19
2426,111,2023-12-27,6.83
2427,467,2023-02-06,5.17
2428,294,2023-06-10,7.88
2429,315,2023-10-12,7.27
2430,26,2023-12-25,1.7
2431,104,2023-03-03,6.76
2432,342,2023-12-24,5.07
2433,133,2023-01-09,7.96
2434,368,2023-01-08,4.51
2435,168,2023-10-09,5.28
2436,108,2023-05-28,2.61
2437,487,2023-10-22,5.41
2438,432,2023-10-14,1.91
2439,82,2023-08-16,3.68
2440,354,2023-06-27,1.77
2441,128,2023-02-01,2.29
2442,484,2023-08-12,4.91
2443,457,2023-12-07,4.77
2444,472,2023-06-25,0.19
2445,299,2023-09-19,4.37
2446,419,2023-08-08,6.0
2447,86,2023-12-15,9.11
2448,316,2023-04-26,5.29
2449,33,2023-08-10,2.57
2450,426,2023-09-05,6.17
2451,98,2023-06-25,6.51
2452,283,2023-05-10,5.88
2453,155,2023-03-03,4.03
2454,457,2023-03-03,8.56
2455,440,2023-02-14,3.47
2456,252,2023-01-25,5.91
2457,361,2023-07-27,2.23
2458,360,2023-04-25,0.04
2459,18,2023-11-08,3.19
2460,158,2023-06-13,7.4
2461,453,2023-04-19,3.49
2462,306,2023-12-14,5.14
2463,140,2023-02-04,5.73
2464,342,2023-07-27,5.35
2465,6,2023-08-07,8.11
2466,321,2023-02-28,8.94
2467,97,2023-04-08,9.75
2468,409,2023-02-01,6.2
2469,1,2023-08-27,6.79
2470,279,2023-08-04,8.97
2471,280,2023-10-12,2.28
2472,247,2023-12-15,0.85
2473,34,2023-02-23,4.61
2474,473,2023-09-25,1.83
2475,73,2023-03-20,2.09
2476,281,2023-09-26,4.79
2477,332,2023-06-01,5.32
2478,480,2023-08-26,4.4
2479,346,2023-03-19,8.39
2480,291,2023-01-07,6.97
2481,301,2023-11-24,7.88
2482,392,2023-12-11,7.95
2483,385,2023-09-28,9.28
2484,370,2023-12-02,4.13
2485,243,2023-07-23,2.71
2486,379,2023-04-03,6.34
2487,34,2023-03-06,2.94
2488,253,2023-01-03,2.03
2489,33,2023-06-17,0.1
2490,248,2023-12-11,9.79
2491,24,2023-06-24,9.98
2492,441,2023-09-19,8.22
2493,69,2023-08-26,3.66
2494,400,2023-08-17,8.2
2495,329,2023-08-25,5.03
2496,190,2023-03-07,3.53
2497,412,2023-09-11,9.45
2498,382,2023-01-22,9.58
2499,385,2023-09-21,9.76
2500,307,2023-04-25,8.64
2501,467,2023-07-07,8.64
2502,359,2023-06-12,6.75
2503,308,2023-03-18,5.58
2504,308,2023-02-21,7.31
2505,299,2023-05-23,5.12
2506,228,2023-05-08,5.5
2507,470,2023-11-21,1.83
2508,99,2023-03-12,1.82
2509,383,2023-11-18,5.76
2510,8,2023-08-21,1.89
2511,122,2023-07-26,0.52
2512,10,2023-11-08,6.85
2513,36,2023-07-01,8.18
2514,436,2023-12-18,4.21
2515,415,2023-08-24,7.77
2516,209,2023-11-05,4.98
2517,295,2023-12-21,8.06
2518,385,2023-09-12,0.53
2519,263,2023-07-16,3.33
2520,58,2023-09-06,0.02
2521,490,2023-01-22,3.91
2522,289,2023-05-26,0.67
2523,308,2023-06-28,2.09
2524,442,2023-05-22,4.73
2525,2,2023-09-13,5.3
2526,57,2023-01-22,7.7
2527,406,2023-12-05,2.95
2528,61,2023-06-26,0.64
2529,389,2023-04-19,5.07
2530,324,2023-08-02,5.29
2531,49,2023-07-02,4.11
2532,131,2023-09-22,7.17
2533,131,2023-12-17,2.62
2534,347,2023-09-01,5.58
2535,326,2023-07-01,1.49
2536,304,2023-08-15,1.35
2537,114,2023-02-01,8.2
2538,183,2023-03-23,0.73
2539,455,2023-09-24,4.91
2540,214,2023-08-25,5.64
2541,414,2023-03-06,1.29
2542,331,2023-06-19,4.49
2543,173,2023-02-22,1.4
2544,48,2023-11-20,6.86
2545,168,2023-03-19,7.7
2546,454,2023-10-03,4.97
2547,213,2023-06-25,5.93
2548,94,2023-12-11,5.77
2549,117,2023-03-18,6.31
2550,472,2023-08-13,6.99
2551,366,2023-08-03,4.14
2552,267,2023-05-24,6.27
2553,50,2023-07-13,0.35
2554,354,2023-12-16,7.79
2555,89,2023-06-11,8.96
2556,245,2023-01-24,3.32
2557,218,2023-08-20,9.13
2558,114,2023-09-21,4.04
2559,314,2023-01-14,2.96
2560,455,2023-07-08,8.39
2561,445,2023-11-21,1.8
2562,338,2023-12-08,4.82
2563,387,2023-07-26,9.0
2564,335,2023-09-07,6.34
2565,75,2023-08-03,3.89
2566,426,2023-06-10,0.53
2567,46,2023-06-15,6.45
2568,168,2023-03-19,9.9
2569,454,2023-10-25,3.27
2570,327,2023-07-03,6.66
2571,313,2023-07-26,0.12
2572,481,2023-06-25,7.37
2573,48,2023-05-28,4.57
2574,464,2023-10-01,9.34
2575,166,2023-03-04,7.39
2576,449,2023-03-24,7.28
2577,366,2023-05-14,8.49
2578,450,2023-04-28,9.97
2579,199,2023-12-18,0.59
2580,438,2023-08-23,7.54
2581,378,2023-06-22,5.32
2582,333,2023-01-15,7.05
2583,324,2023-11-19,3.91
2584,337,2023-12-23,0.27
2585,331,2023-12-04,3.87
2586,10,2023-08-20,6.44
2587,92,2023-04-03,6.13
2588,135,2023-07-09,4.0
2589,91,2023-07-26,0.27
2590,78,2023-03-17,0.65
2591,132,2023-09-06,3.82
2592,152,2023-05-15,0.47
2593,73,2023-11-23,8.94
2594,17,2023-11-24,2.01
2595,177,2023-02-04,7.5
2596,319,2023-08-17,1.95
2597,34,2023-12-08,8.71
2598,499,2023-12-12,6.83
2599,284,2023-11-25,4.74
2600,17,2023-01-09,2.68
2601,311,2023-07-28,5.61
2602,248,2023-04-08,6.12
2603,328,2023-05-12,7.86
2604,394,2023-05-09,0.99
2605,31,2023-12-14,0.64
2606,81,2023-04-15,9.76
2607,318,2023-03-03,4.88
2608,349,2023-04-25,0.95
2609,451,2023-09-16,1.15
2610,26,2023-01-07,7.68
2611,47,2023-10-04,2.07
2612,463,2023-04-04,3.27
2613,118,2023-02-24,2.03
2614,375,2023-12-23,9.03
2615,158,2023-02-21,1.1
2616,196,2023-11-25,3.21
2617,357,2023-01-28,0.27
2618,42,2023-05-11,0.53
2619,237,2023-06-14,4.18
2620,174,2023-11-19,9.09
2621,6,2023-02-26,5.41
2622,400,2023-06-03,1.19
2623,227,2023-04-04,2.02
2624,277,2023-09-15,2.75
2625,75,2023-02-25,5.13
2626,73,2023-01-14,6.94
2627,212,2023-08-06,0.73
2628,37,2023-02-07,6.28
2629,222,2023-07-20,2.88
2630,129,2023-01-28,4.92
2631,384,2023-08-16,7.15
2632,119,2023-09-13,0.88
2633,138,2023-04-25,4.51
2634,462,2023-02-04,0.32
2635,405,2023-10-12,3.43
2636,68,2023-08-09,9.81
2637,287,2023-06-09,2.69
2638,177,2023-03-26,4.32
2639,35,2023-09-26,1.65
2640,194,2023-03-15,6.7
2641,166,2023-06-05,2.45
2642,486,2023-12-04,4.17
2643,294,2023-07-08,6.41
2644,187,2023-11-24,1.32
2645,349,2023-04-05,1.29
2646,245,2023-03-04,5.02
2647,289,2023-01-13,5.0
2648,8,2023-07-17,4.87
2649,105,2023-11-08,5.62
2650,254,2023-06-19,4.98
2651,391,2023-09-09,7.61
2652,152,2023-05-14,9.23
2653,219,2023-03-19,1.62
2654,182,2023-07-14,0.8
2655,492,2023-11-04,5.61
2656,377,2023-08-16,9.72
2657,243,2023-12-12,3.44
2658,317,2023-05-17,3.3
2659,195,2023-09-04,7.92
2660,55,2023-01-16,9.52
2661,19,2023-03-03,2.96
2662,195,2023-04-22,4.05
2663,352,2023-07-15,3.28
2664,190,2023-01-03,3.85
2665,295,2023-12-17,1.1
2666,489,2023-02-05,6.1
2667,98,2023-02-23,6.14
2668,118,2023-02-08,2.48
2669,23,2023-08-04,1.59
2670,109,2023-04-16,2.82
2671,372,2023-02-08,6.95
2672,240,2023-10-25,8.5
2673,3,2023-04-18,9.41
2674,385,2023-03-14,9.15
2675,454,2023-02-26,4.03
2676,409,2023-11-07,0.01
2677,268,2023-02-04,9.76
2678,468,2023-05-06,3.32
2679,442,2023-01-11,0.56
2680,160,2023-06-21,0.45
2681,441,2023-06-16,1.88
2682,472,2023-04-23,0.33
2683,46,2023-02-08,0.08
2684,81,2023-09-21,8.99
2685,142,2023-06-24,8.29
2686,133,2023-07-05,9.47
2687,153,2023-08-18,2.74
2688,88,2023-02-21,6.77
2689,190,2023-05-20,2.35
2690,383,2023-03-10,7.79
2691,135,2023-07-25,0.6
2692,137,2023-09-18,9.01
2693,178,2023-10-20,1.98
2694,472,2023-06-25,2.0
2695,428,2023-08-18,0.11
2696,37,2023-02-01,5.39
2697,50,2023-12-20,3.65
2698,17,2023-07-15,4.25
2699,327,2023-08-15,5.04
2700,381,2023-11-14,6.13
2701,308,2023-03-14,4.81
2702,498,2023-11-18,4.49
2703,388,2023-06-11,3.0
2704,134,2023-11-17,0.96
2705,428,2023-11-08,4.02
2706,164,2023-05-19,8.04
2707,154,2023-03-08,7.91
2708,191,2023-01-20,5.42
2709,480,2023-11-09,3.83
2710,131,2023-11-04,5.88
2711,209,2023-09-10,2.81
2712,101,2023-08-23,1.04
2713,247,2023-04-14,5.82
2714,187,2023-07-16,4.65
2715,400,2023-07-24,4.19
2716,418,2023-06-13,8.32
2717,393,2023-11-01,3.74
2718,289,2023-06-12,8.74
2719,370,2023-10-04,7.32
2720,393,2023-01-15,6.31
2721,143,2023-07-06,7.76
2722,365,2023-02-21,1.29
2723,10,2023-12-08,4.68
2724,86,2023-03-01,8.61
2725,470,2023-11-26,1.74
2726,229,2023-05-07,1.19
2727,271,2023-01-21,7.81
2728,56,2023-01-16,6.9
2729,393,2023-06-23,4.38
2730,213,2023-08-06,8.54
2731,147,2023-09-16,6.3
2732,23,2023-01-18,6.74
2733,175,2023-05-23,7.88
2734,447,2023-01-11,7.99
2735,401,2023-04-14,0.45
2736,153,2023-09-11,8.57
2737,387,2023-03-12,6.16
2738,208,2023-06-22,3.98
2739,369,2023-06-18,4.45
2740,327,2023-09-08,0.19
2741,89,2023-07-25,4.94
2742,497,2023-03-27,7.52
2743,272,2023-05-05,6.93
2744,71,2023-07-17,9.85
2745,468,2023-04-13,6.12
2746,141,2023-10-10,3.81
2747,98,2023-04-08,7.63
2748,495,2023-04-15,7.62
2749,450,2023-01-21,8.57
2750,234,2023-04-16,1.82
2751,207,2023-11-22,9.5
2752,174,2023-08-10,2.93
2753,327,2023-02-05,7.46
2754,137,2023-01-28,6.55
2755,238,2023-08-22,8.98
2756,59,2023-03-11,1.79
2757,429,2023-02-12,3.92
2758,340,2023-09-18,5.2
2759,232,2023-08-08,5.26
2760,400,2023-02-11,4.1
2761,178,2023-10-25,1.95
2762,156,2023-10-20,5.22
2763,81,2023-08-24,5.63
2764,27,2023-03-05,4.51
2765,484,2023-02-03,2.27
2766,495,2023-02-24,0.69
2767,225,2023-09-19,4.89
2768,11,2023-08-18,1.75
2769,321,2023-12-18,4.43
2770,95,2023-09-26,3.96
2771,343,2023-04-27,0.62
2772,461,2023-12-21,2.29
2773,131,2023-06-07,7.49
2774,51,2023-01-01,9.29
2775,283,2023-09-24,8.02
2776,45,2023-03-01,6.79
2777,2,2023-12-08,3.32
2778,79,2023-06-14,8.34
2779,18,2023-10-16,2.94
2780,211,2023-12-24,5.5
2781,35,2023-06-09,6.79
2782,293,2023-05-15,1.44
2783,429,2023-08-17,3.6
2784,230,2023-01-04,6.48
2785,72,2023-01-23,7.64
2786,61,2023-07-09,0.49
2787,52,2023-07-27,0.69
2788,357,2023-11-08,8.3
2789,34,2023-12-04,4.39
2790,222,2023-11-04,0.09
2791,30,2023-07-28,2.05
2792,150,2023-10-09,1.7
2793,121,2023-08-21,8.85
2794,100,2023-04-27,0.56
2795,325,2023-08-28,4.29
2796,299,2023-01-12,7.81
2797,242,2023-09-03,0.38
2798,482,2023-08-26,2.07
2799,145,2023-08-17,9.88
2800,12,2023-10-28,7.15
2801,235,2023-06-20,5.65
2802,481,2023-10-12,6.13
2803,2,2023-03-20,9.51
2804,292,2023-07-13,0.02
2805,41,2023-04-24,9.05
2806,120,2023-08-20,2.49
2807,361,2023-10-27,4.89
2808,445,2023-01-02,8.76
2809,431,2023-04-10,4.99
2810,63,2023-12-24,3.65
2811,216,2023-06-22,5.08
2812,91,2023-06-15,7.42
2813,136,2023-06-13,9.51
2814,13,2023-12-28,5.51
2815,56,2023-02-13,6.67
2816,221,2023-04-24,2.4
2817,231,2023-03-03,0.48
2818,107,2023-08-01,1.03
2819,290,2023-10-19,7.42
2820,394,2023-03-26,6.76
2821,143,2023-02-25,7.99
2822,151,2023-06-10,1.44
2823,157,2023-09-25,0.53
2824,140,2023-10-27,9.35
2825,58,2023-06-08,8.32
2826,496,2023-09-07,6.92
2827,356,2023-06-07,0.57
2828,54,2023-11-05,3.38
2829,201,2023-03-08,8.57
2830,271,2023-08-10,3.33
2831,489,2023-10-11,1.44
2832,305,2023-10-10,8.88
2833,38,2023-04-06,2.96
2834,280,2023-03-01,9.09
2835,282,2023-09-16,0.21
2836,111,2023-05-28,9.33
2837,71,2023-02-21,3.14
2838,111,2023-08-18,5.75
2839,369,2023-10-05,1.07
2840,100,2023-09-17,8.08
2841,120,2023-07-16,9.85
2842,328,2023-01-13,2.86
2843,413,2023-09-06,2.61
2844,441,2023-07-27,2.33
2845,263,2023-11-11,7.14
2846,121,2023-10-11,4.93
2847,6,2023-03-07,2.68
2848,470,2023-03-26,3.94
2849,230,2023-09-22,9.88
2850,115,2023-10-24,9.02
2851,437,2023-08-22,0.83
2852,153,2023-01-27,3.79
2853,89,2023-02-21,3.98
2854,488,2023-06-12,4.43
2855,279,2023-10-03,2.63
2856,151,2023-09-21,4.19
2857,492,2023-07-19,3.95
2858,33,2023-10-22,6.64
2859,298,2023-04-10,3.11
2860,450,2023-10-19,9.08
2861,233,2023-02-17,7.63
2862,289,2023-02-05,1.03
2863,207,2023-09-08,3.24
2864,303,2023-06-20,0.18
2865,439,2023-04-09,0.94
2866,491,2023-03-27,7.91
2867,8,2023-09-04,0.88
2868,165,2023-02-12,4.99
2869,407,2023-05-20,5.41
2870,395,2023-08-11,4.02
2871,455,2023-09-13,8.07
2872,286,2023-04-26,8.49
2873,382,2023-10-26,9.43
2874,105,2023-06-01,1.98
2875,341,2023-07-15,5.74
2876,108,2023-04-23,7.04
2877,277,2023-10-02,6.84
2878,6,2023-01-12,4.51
2879,432,2023-06-07,9.16
2880,31,2023-05-23,1.3
2881,481,2023-09-25,0.88
2882,49,2023-10-24,8.67
2883,187,2023-01-25,3.23
2884,112,2023-12-01,8.01
2885,76,2023-04-06,7.17
2886,164,2023-06-24,2.34
2887,280,2023-02-07,6.7
2888,434,2023-09-12,6.64
2889,119,2023-05-10,6.1
2890,45,2023-02-14,7.94
2891,295,2023-04-27,2.3
2892,323,2023-06-14,5.39
2893,332,2023-01-06,6.57
2894,293,2023-12-11,5.43
2895,156,2023-02-02,7.62
2896,476,2023-06-07,6.68
2897,499,2023-10-17,2.58
2898,200,2023-08-02,6.67
2899,133,2023-10-20,4.06
2900,303,2023-11-27,3.83
2901,128,2023-04-13,4.05
2902,485,2023-01-27,9.01
2903,352,2023-04-07,7.45
2904,149,2023-08-17,6.61
2905,269,2023-01-28,7.34
2906,338,2023-05-25,1.69
2907,194,2023-07-09,4.78
2908,44,2023-07-09,5.62
2909,338,2023-04-25,7.64
2910,125,2023-10-01,8.8
2911,418,2023-08-15,1.36
2912,152,2023-06-08,8.91
2913,65,2023-10-09,1.67
2914,312,2023-05-20,7.7
2915,401,2023-07-15,8.65
2916,8,2023-10-03,0.36
2917,76,2023-08-20,7.67
2918,375,2023-02-23,4.47
2919,471,2023-08-15,3.08
2920,443,2023-01-02,6.43
2921,105,2023-07-08,3.12
2922,99,2023-11-18,9.5
2923,166,2023-07-11,7.75
2924,319,2023-01-01,3.67
2925,313,2023-03-21,9.53
2926,415,2023-07-24,6.06
2927,272,2023-11-21,8.01
2928,181,2023-05-15,8.18
2929,103,2023-11-18,7.28
2930,76,2023-09-22,7.99
2931,344,2023-04-18,2.21
2932,400,2023-06-15,9.7
2933,494,2023-11-19,5.33
2934,314,2023-02-27,7.77
2935,74,2023-01-11,3.47
2936,278,2023-03-26,9.54
2937,353,2023-07-10,6.71
2938,53,2023-09-07,2.05
2939,379,2023-12-25,0.2
2940,469,2023-06-08,0.58
2941,60,2023-03-20,4.2
2942,46,2023-06-19,1.44
2943,288,2023-10-20,0.04
2944,18,2023-04-21,9.74
2945,181,2023-05-21,4.88
2946,486,2023-10-05,6.19
2947,370,2023-05-15,3.18
2948,35,2023-03-23,6.32
2949,264,2023-01-05,7.89
2950,226,2023-10-23,9.99
2951,29,2023-03-25,5.26
2952,115,2023-11-14,4.49
2953,396,2023-06-23,8.59
2954,383,2023-12-09,3.66
2955,168,2023-10-12,4.29
2956,256,2023-11-12,9.92
2957,381,2023-10-17,0.93
2958,438,2023-03-21,9.12
2959,102,2023-09-28,9.14
2960,114,2023-04-12,8.09
2961,441,2023-03-24,8.98
2962,296,2023-11-15,1.79
2963,96,2023-03-03,3.35
2964,95,2023-10-24,6.97
2965,374,2023-03-27,7.38
2966,194,2023-05-16,7.26
2967,101,2023-10-23,1.18
2968,72,2023-11-11,3.66
2969,333,2023-12-27,2.08
2970,384,2023-02-09,7.6
2971,351,2023-03-04,6.96
2972,165,2023-08-03,0.29
2973,275,2023-09-23,0.69
2974,145,2023-06-24,8.9
2975,478,2023-08-08,1.75
2976,54,2023-04-05,1.29
2977,348,2023-03-01,7.12
2978,388,2023-07-07,2.21
2979,42,2023-06-06,4.03
2980,274,2023-11-15,8.06
2981,369,2023-02-09,2.08
2982,156,2023-07-28,3.8
2983,105,2023-07-23,9.9
2984,307,2023-11-06,2.74
2985,475,2023-11-06,9.46
2986,73,2023-04-10,0.44
2987,40,2023-12-02,5.35
2988,5,2023-05-12,8.96
2989,260,2023-06-13,4.28
2990,70,2023-05-21,2.31
2991,392,2023-08-10,7.44
2992,345,2023-05-21,4.46
2993,8,2023-06-03,3.88
2994,136,2023-06-18,0.22
2995,427,2023-12-23,6.34
2996,260,2023-08-25,1.9
2997,374,2023-08-07,3.99
2998,322,2023-07-12,3.61
2999,301,2023-12-16,9.49
3000,58,2023-10-02,4.8
