review_id,product_id,user_id,review_content,stars,post_date
1,218,175,デザインが美しく、機能的です。,4,2023-08-10 00:46:49
2,100,20,配送が遅れましたが、製品自体は良好です。,1,2022-01-06 21:22:43
3,54,201,素晴らしい製品でした！,5,2023-06-24 08:32:06
4,208,263,配送が遅れましたが、製品自体は良好です。,3,2021-03-06 11:38:07
5,256,466,素晴らしい製品でした！,4,2022-02-18 17:11:04
6,153,380,もう少し安ければ完璧です。,3,2021-12-20 23:02:42
7,294,138,使い方が難しいです。,1,2022-08-03 00:47:36
8,34,190,残念ながら期待はずれでした。,1,2021-04-18 12:11:31
9,65,494,色が写真と異なりました。,2,2022-01-30 01:48:44
10,258,239,もう少し安ければ完璧です。,2,2023-06-11 19:06:29
11,144,376,色が写真と異なりました。,3,2023-11-25 16:24:42
12,164,86,価格に見合う価値があります。,5,2023-04-02 11:18:02
13,169,96,価格に見合う価値があります。,5,2021-08-14 03:03:07
14,21,413,素晴らしい製品でした！,5,2022-11-16 05:59:06
15,72,106,使い方が難しいです。,2,2022-01-27 04:50:03
16,237,324,使い方が難しいです。,3,2022-07-04 05:12:51
17,121,458,配送が遅れましたが、製品自体は良好です。,2,2023-03-26 01:05:09
18,211,404,配送が遅れましたが、製品自体は良好です。,2,2022-06-04 16:25:54
19,149,42,デザインが美しく、機能的です。,4,2023-11-24 09:31:45
20,208,71,色が写真と異なりました。,1,2023-10-03 08:07:34
21,121,335,使い心地が良いです。,5,2022-06-21 22:51:13
22,116,152,使い心地が良いです。,5,2023-12-24 16:19:34
23,76,321,使い心地が良いです。,4,2022-03-18 07:25:52
24,1,19,配送が遅れましたが、製品自体は良好です。,2,2023-10-29 19:23:17
25,122,207,素晴らしい製品でした！,4,2023-10-15 07:19:43
26,48,5,デザインが美しく、機能的です。,4,2021-05-17 21:34:35
27,97,155,色が写真と異なりました。,3,2023-11-01 14:26:19
28,21,299,期待以上の性能で大満足です。,5,2022-07-12 18:53:29
29,292,151,デザインが美しく、機能的です。,4,2023-02-17 10:55:53
30,51,3,使い心地が良いです。,5,2021-06-17 06:41:11
31,202,284,素晴らしい製品でした！,5,2022-12-23 00:14:54
32,84,118,価格に見合う価値があります。,5,2021-04-26 18:01:57
33,17,57,期待以上の性能で大満足です。,5,2022-01-06 06:44:46
34,114,98,配送が遅れましたが、製品自体は良好です。,3,2023-07-11 10:57:02
35,292,232,デザインが美しく、機能的です。,4,2023-11-20 12:19:05
36,73,274,価格に見合う価値があります。,5,2021-02-22 15:10:57
37,98,199,使い心地が良いです。,4,2022-09-16 07:06:49
38,134,14,色が写真と異なりました。,1,2023-11-30 01:53:50
39,142,374,配送が遅れましたが、製品自体は良好です。,2,2023-09-02 03:21:07
40,275,97,デザインが美しく、機能的です。,4,2022-07-03 23:16:02
41,27,205,素晴らしい製品でした！,4,2022-06-25 10:09:06
42,123,263,使い方が難しいです。,2,2022-08-19 19:28:25
43,123,414,デザインが美しく、機能的です。,5,2023-11-03 15:27:12
44,180,62,使い心地が良いです。,4,2022-07-29 04:57:39
45,205,417,残念ながら期待はずれでした。,1,2022-11-29 22:34:50
46,208,463,色が写真と異なりました。,1,2023-11-04 01:22:45
47,163,269,もう少し安ければ完璧です。,2,2022-05-16 01:35:58
48,202,62,色が写真と異なりました。,2,2023-03-10 22:22:12
49,37,70,色が写真と異なりました。,3,2023-08-19 23:19:08
50,257,436,素晴らしい製品でした！,5,2023-10-11 21:52:57
51,234,267,使い心地が良いです。,4,2022-08-25 00:38:14
52,51,242,期待以上の性能で大満足です。,5,2021-07-05 21:00:14
53,226,133,期待以上の性能で大満足です。,4,2021-03-15 20:24:02
54,149,362,価格に見合う価値があります。,5,2021-06-16 19:00:55
55,286,92,配送が遅れましたが、製品自体は良好です。,3,2021-02-10 22:56:11
56,94,192,使い方が難しいです。,1,2022-08-23 10:11:37
57,43,270,期待以上の性能で大満足です。,5,2021-01-17 10:52:33
58,100,143,配送が遅れましたが、製品自体は良好です。,2,2021-05-28 10:26:43
59,112,44,使い方が難しいです。,2,2021-09-16 08:37:47
60,236,80,使い方が難しいです。,2,2021-10-09 04:30:50
61,110,325,色が写真と異なりました。,1,2023-07-07 09:31:30
62,271,195,もう少し安ければ完璧です。,1,2022-03-17 06:38:46
63,176,33,使い心地が良いです。,5,2022-05-23 06:15:28
64,181,343,価格に見合う価値があります。,5,2021-05-10 20:43:55
65,262,356,配送が遅れましたが、製品自体は良好です。,2,2021-06-11 01:49:00
66,103,150,デザインが美しく、機能的です。,4,2022-02-05 20:47:58
67,217,441,期待以上の性能で大満足です。,4,2023-01-06 06:17:45
68,118,376,価格に見合う価値があります。,4,2023-04-17 00:43:41
69,88,71,使い方が難しいです。,1,2022-11-02 01:23:12
70,257,200,期待以上の性能で大満足です。,4,2021-12-01 20:39:18
71,114,204,残念ながら期待はずれでした。,1,2021-02-02 04:18:52
72,2,478,デザインが美しく、機能的です。,5,2021-09-15 10:13:10
73,115,461,配送が遅れましたが、製品自体は良好です。,3,2023-04-21 15:17:10
74,194,70,デザインが美しく、機能的です。,5,2023-07-23 08:38:19
75,254,347,残念ながら期待はずれでした。,2,2023-11-23 11:52:47
76,133,165,素晴らしい製品でした！,4,2022-12-03 07:48:25
77,182,388,残念ながら期待はずれでした。,1,2023-12-17 05:53:05
78,222,413,残念ながら期待はずれでした。,2,2022-12-02 13:54:27
79,287,217,色が写真と異なりました。,3,2021-02-19 23:18:42
80,179,5,価格に見合う価値があります。,4,2023-03-13 17:56:17
81,65,261,価格に見合う価値があります。,5,2021-01-29 22:30:23
82,141,462,使い心地が良いです。,5,2022-06-03 18:38:17
83,271,427,価格に見合う価値があります。,4,2022-06-18 15:36:09
84,92,199,配送が遅れましたが、製品自体は良好です。,2,2023-02-14 15:47:21
85,197,223,もう少し安ければ完璧です。,1,2022-06-11 17:30:03
86,240,299,残念ながら期待はずれでした。,3,2023-08-22 18:42:11
87,5,40,素晴らしい製品でした！,4,2022-06-01 03:18:44
88,73,275,価格に見合う価値があります。,4,2021-04-26 22:11:25
89,250,3,素晴らしい製品でした！,5,2022-11-30 11:13:49
90,158,487,残念ながら期待はずれでした。,3,2021-10-01 03:55:16
91,72,122,デザインが美しく、機能的です。,4,2023-06-04 16:08:02
92,84,472,配送が遅れましたが、製品自体は良好です。,1,2023-08-29 04:26:44
93,244,306,もう少し安ければ完璧です。,1,2022-01-14 01:42:37
94,64,356,期待以上の性能で大満足です。,4,2023-02-03 07:41:22
95,80,418,デザインが美しく、機能的です。,5,2022-04-14 06:58:04
96,101,389,期待以上の性能で大満足です。,5,2023-02-20 20:43:59
97,277,370,残念ながら期待はずれでした。,2,2022-09-26 22:22:19
98,154,195,残念ながら期待はずれでした。,2,2022-05-05 11:03:17
99,35,472,使い心地が良いです。,5,2023-11-26 17:56:31
100,209,144,期待以上の性能で大満足です。,4,2023-01-10 11:43:57
101,194,219,使い方が難しいです。,2,2023-08-22 14:58:17
102,113,100,もう少し安ければ完璧です。,2,2022-10-29 15:22:52
103,97,30,使い方が難しいです。,3,2021-01-14 10:10:03
104,219,172,価格に見合う価値があります。,4,2023-02-19 02:55:04
105,7,498,残念ながら期待はずれでした。,3,2023-03-27 14:35:47
106,194,66,素晴らしい製品でした！,5,2023-05-09 18:19:33
107,60,455,使い方が難しいです。,2,2023-05-17 22:12:13
108,25,19,使い方が難しいです。,2,2023-02-28 22:47:26
109,297,387,素晴らしい製品でした！,5,2021-05-04 13:47:44
110,197,313,色が写真と異なりました。,3,2023-08-15 09:30:03
111,147,16,もう少し安ければ完璧です。,1,2022-03-14 02:44:12
112,258,60,使い方が難しいです。,1,2022-04-03 01:59:28
113,2,22,価格に見合う価値があります。,5,2021-02-28 16:24:56
114,53,258,デザインが美しく、機能的です。,5,2021-05-23 17:17:21
115,32,89,もう少し安ければ完璧です。,1,2022-03-22 03:11:35
116,281,295,使い心地が良いです。,4,2023-02-21 10:54:14
117,75,279,期待以上の性能で大満足です。,5,2021-05-08 10:56:29
118,266,2,価格に見合う価値があります。,4,2021-05-04 04:55:52
119,178,123,素晴らしい製品でした！,4,2023-08-02 09:24:16
120,141,192,色が写真と異なりました。,2,2023-12-08 18:14:26
121,194,434,素晴らしい製品でした！,5,2022-10-08 14:15:32
122,9,92,期待以上の性能で大満足です。,4,2023-05-02 07:55:06
123,46,36,デザインが美しく、機能的です。,4,2023-12-06 14:36:16
124,110,248,価格に見合う価値があります。,5,2022-06-16 04:32:37
125,233,145,期待以上の性能で大満足です。,5,2022-12-13 23:56:34
126,107,42,使い心地が良いです。,5,2021-09-25 08:45:21
127,284,35,使い方が難しいです。,2,2022-08-08 23:28:48
128,105,117,素晴らしい製品でした！,4,2022-08-15 01:48:19
129,48,412,使い方が難しいです。,3,2021-05-04 23:55:35
130,34,80,価格に見合う価値があります。,5,2022-05-17 01:30:52
131,270,419,価格に見合う価値があります。,5,2021-02-12 20:34:50
132,216,165,価格に見合う価値があります。,4,2021-02-25 16:09:30
133,104,51,色が写真と異なりました。,2,2022-06-20 02:09:05
134,56,119,素晴らしい製品でした！,5,2021-02-22 18:05:26
135,186,469,使い心地が良いです。,5,2022-02-21 04:26:28
136,6,353,素晴らしい製品でした！,5,2021-09-04 22:08:31
137,279,14,使い心地が良いです。,5,2022-07-01 18:02:23
138,4,55,使い方が難しいです。,3,2023-08-19 20:26:37
139,84,95,もう少し安ければ完璧です。,3,2021-11-18 11:07:17
140,185,435,素晴らしい製品でした！,5,2022-02-19 23:55:30
141,276,10,残念ながら期待はずれでした。,1,2023-07-21 06:50:16
142,128,448,もう少し安ければ完璧です。,3,2023-04-04 06:07:44
143,113,55,もう少し安ければ完璧です。,3,2021-09-12 23:31:52
144,200,147,期待以上の性能で大満足です。,5,2021-09-24 03:32:23
145,250,210,色が写真と異なりました。,3,2023-07-23 18:47:34
146,207,280,使い心地が良いです。,5,2023-02-17 18:26:53
147,262,9,もう少し安ければ完璧です。,1,2021-08-25 08:01:12
148,167,61,デザインが美しく、機能的です。,4,2021-10-04 14:00:26
149,119,4,素晴らしい製品でした！,5,2023-08-12 21:50:55
150,184,58,残念ながら期待はずれでした。,3,2023-11-01 14:07:55
151,224,467,素晴らしい製品でした！,4,2021-05-15 14:55:21
152,223,464,使い心地が良いです。,5,2022-02-09 07:13:00
153,67,133,配送が遅れましたが、製品自体は良好です。,1,2022-12-29 00:17:26
154,36,495,もう少し安ければ完璧です。,2,2021-01-13 12:12:50
155,134,301,価格に見合う価値があります。,5,2022-04-14 07:09:42
156,18,116,デザインが美しく、機能的です。,5,2023-09-11 23:39:20
157,115,233,素晴らしい製品でした！,5,2021-07-04 07:53:22
158,250,402,価格に見合う価値があります。,4,2023-05-21 15:08:30
159,212,348,価格に見合う価値があります。,4,2021-02-22 19:00:16
160,201,225,もう少し安ければ完璧です。,1,2023-03-24 07:07:11
161,147,443,色が写真と異なりました。,3,2023-08-28 15:44:38
162,90,446,残念ながら期待はずれでした。,3,2022-10-30 03:14:00
163,134,435,素晴らしい製品でした！,4,2023-04-15 07:45:19
164,243,109,素晴らしい製品でした！,5,2021-03-13 12:43:07
165,83,107,色が写真と異なりました。,2,2021-02-18 21:14:20
166,167,50,デザインが美しく、機能的です。,5,2021-09-16 18:29:59
167,56,219,残念ながら期待はずれでした。,2,2021-08-09 15:16:05
168,227,29,残念ながら期待はずれでした。,2,2023-08-28 08:41:21
169,181,230,デザインが美しく、機能的です。,4,2021-03-17 00:00:14
170,198,218,価格に見合う価値があります。,4,2021-07-14 03:02:48
171,29,382,使い方が難しいです。,1,2023-07-09 10:09:24
172,33,444,使い心地が良いです。,4,2022-07-04 10:56:08
173,188,466,使い方が難しいです。,3,2021-12-27 22:48:39
174,47,438,配送が遅れましたが、製品自体は良好です。,3,2022-04-26 01:30:45
175,64,104,使い心地が良いです。,4,2023-01-11 15:01:16
176,80,53,配送が遅れましたが、製品自体は良好です。,3,2022-12-11 17:22:47
177,109,175,素晴らしい製品でした！,4,2023-08-01 05:37:02
178,142,195,配送が遅れましたが、製品自体は良好です。,3,2023-04-23 13:36:02
179,89,465,期待以上の性能で大満足です。,4,2023-05-16 11:15:45
180,236,364,使い方が難しいです。,3,2022-09-01 11:15:20
181,9,469,使い方が難しいです。,1,2023-06-10 17:48:45
182,174,222,使い方が難しいです。,1,2021-08-23 01:13:39
183,10,366,使い方が難しいです。,3,2022-02-09 04:02:04
184,203,230,配送が遅れましたが、製品自体は良好です。,1,2022-01-18 04:22:00
185,259,363,使い心地が良いです。,4,2022-06-02 11:35:03
186,163,347,デザインが美しく、機能的です。,5,2021-01-27 08:08:39
187,58,427,もう少し安ければ完璧です。,1,2021-10-02 11:45:09
188,262,216,使い方が難しいです。,2,2022-05-01 02:23:55
189,300,322,もう少し安ければ完璧です。,3,2022-08-03 07:10:05
190,263,152,配送が遅れましたが、製品自体は良好です。,1,2023-06-07 11:24:54
191,272,304,素晴らしい製品でした！,4,2021-10-20 16:18:41
192,125,317,使い方が難しいです。,3,2022-04-28 07:48:01
193,223,303,価格に見合う価値があります。,5,2021-04-06 17:56:40
194,117,93,配送が遅れましたが、製品自体は良好です。,1,2022-12-13 23:20:46
195,282,108,素晴らしい製品でした！,5,2021-12-09 06:52:36
196,187,223,色が写真と異なりました。,1,2022-12-20 04:22:14
197,150,495,残念ながら期待はずれでした。,2,2023-11-07 15:25:13
198,26,162,使い方が難しいです。,1,2022-12-29 03:03:58
199,259,447,価格に見合う価値があります。,5,2023-04-15 11:16:01
200,213,486,色が写真と異なりました。,2,2023-09-30 10:17:34
201,220,305,期待以上の性能で大満足です。,4,2021-02-13 16:24:47
202,50,261,もう少し安ければ完璧です。,2,2022-01-01 10:39:15
203,110,312,素晴らしい製品でした！,5,2021-11-21 23:53:00
204,38,48,配送が遅れましたが、製品自体は良好です。,2,2022-11-23 13:38:33
205,240,140,使い方が難しいです。,2,2021-07-31 04:21:05
206,152,40,期待以上の性能で大満足です。,5,2021-06-09 10:24:22
207,134,163,使い心地が良いです。,5,2021-04-12 14:04:17
208,234,378,残念ながら期待はずれでした。,2,2021-11-03 00:34:56
209,223,119,価格に見合う価値があります。,4,2022-10-28 23:11:30
210,229,397,使い心地が良いです。,5,2021-10-15 05:30:33
211,284,211,使い方が難しいです。,3,2022-11-29 00:45:07
212,173,433,残念ながら期待はずれでした。,2,2023-01-15 11:27:42
213,277,161,期待以上の性能で大満足です。,5,2023-04-29 06:38:34
214,116,64,残念ながら期待はずれでした。,2,2022-07-27 10:35:05
215,212,114,残念ながら期待はずれでした。,1,2021-07-27 15:25:48
216,39,371,配送が遅れましたが、製品自体は良好です。,2,2022-05-10 10:52:01
217,239,300,使い方が難しいです。,2,2023-07-13 04:40:49
218,144,193,使い方が難しいです。,2,2022-06-26 07:54:03
219,259,421,色が写真と異なりました。,3,2021-07-09 21:10:36
220,149,292,デザインが美しく、機能的です。,5,2021-11-15 21:55:01
221,167,297,配送が遅れましたが、製品自体は良好です。,2,2023-12-24 07:15:11
222,121,428,デザインが美しく、機能的です。,5,2023-05-02 17:20:40
223,285,218,価格に見合う価値があります。,4,2022-05-29 18:09:09
224,266,169,残念ながら期待はずれでした。,3,2022-02-07 07:51:49
225,58,356,デザインが美しく、機能的です。,4,2022-01-20 19:24:20
226,171,331,デザインが美しく、機能的です。,4,2022-09-19 21:07:46
227,276,51,もう少し安ければ完璧です。,1,2022-07-18 15:19:04
228,214,462,使い方が難しいです。,3,2021-02-23 14:56:02
229,152,434,残念ながら期待はずれでした。,2,2022-03-23 11:13:29
230,242,462,期待以上の性能で大満足です。,4,2023-06-14 15:53:11
231,179,287,使い心地が良いです。,5,2021-09-30 22:43:40
232,107,90,配送が遅れましたが、製品自体は良好です。,2,2022-09-16 17:53:39
233,13,106,価格に見合う価値があります。,5,2022-07-04 11:01:13
234,186,273,残念ながら期待はずれでした。,1,2021-11-24 22:17:51
235,253,117,デザインが美しく、機能的です。,5,2021-03-25 20:31:40
236,78,393,もう少し安ければ完璧です。,2,2022-02-27 18:26:35
237,246,289,残念ながら期待はずれでした。,3,2022-08-01 16:43:13
238,131,185,残念ながら期待はずれでした。,2,2021-05-06 01:21:43
239,134,16,期待以上の性能で大満足です。,4,2021-12-21 19:54:18
240,33,235,配送が遅れましたが、製品自体は良好です。,1,2023-05-01 04:34:18
241,288,63,素晴らしい製品でした！,5,2022-04-25 11:18:35
242,43,9,配送が遅れましたが、製品自体は良好です。,3,2023-08-14 17:45:38
243,173,17,配送が遅れましたが、製品自体は良好です。,3,2023-04-22 19:11:10
244,225,274,使い心地が良いです。,5,2022-10-13 07:01:05
245,32,454,配送が遅れましたが、製品自体は良好です。,1,2022-11-28 07:05:54
246,270,440,配送が遅れましたが、製品自体は良好です。,2,2021-12-17 06:21:04
247,277,210,素晴らしい製品でした！,5,2021-04-02 04:45:07
248,74,323,色が写真と異なりました。,2,2021-08-31 12:43:23
249,112,394,配送が遅れましたが、製品自体は良好です。,1,2023-07-20 02:59:13
250,234,423,価格に見合う価値があります。,4,2021-03-15 14:32:57
251,179,439,価格に見合う価値があります。,5,2023-07-23 23:55:46
252,86,141,もう少し安ければ完璧です。,1,2021-04-11 23:44:37
253,39,189,価格に見合う価値があります。,4,2023-02-14 11:37:46
254,271,445,残念ながら期待はずれでした。,1,2023-12-03 16:10:35
255,80,370,期待以上の性能で大満足です。,4,2022-08-24 13:41:51
256,190,32,配送が遅れましたが、製品自体は良好です。,3,2021-01-10 04:53:09
257,180,86,デザインが美しく、機能的です。,4,2022-12-17 21:16:43
258,46,215,使い方が難しいです。,3,2023-08-29 06:20:01
259,118,206,使い心地が良いです。,5,2021-12-15 17:25:20
260,214,87,期待以上の性能で大満足です。,5,2023-01-05 01:31:39
261,133,210,価格に見合う価値があります。,4,2021-11-22 02:14:54
262,188,262,色が写真と異なりました。,1,2022-07-02 21:56:11
263,145,455,価格に見合う価値があります。,5,2021-06-02 05:20:13
264,252,149,もう少し安ければ完璧です。,1,2023-02-02 06:53:23
265,169,143,配送が遅れましたが、製品自体は良好です。,3,2022-09-01 14:23:10
266,125,27,価格に見合う価値があります。,4,2022-10-15 16:41:59
267,31,221,色が写真と異なりました。,1,2023-09-27 19:54:14
268,149,262,もう少し安ければ完璧です。,3,2021-03-27 03:36:56
269,27,117,素晴らしい製品でした！,5,2023-03-29 07:59:22
270,295,464,使い心地が良いです。,4,2023-09-19 07:01:36
271,220,177,色が写真と異なりました。,1,2023-07-04 14:42:21
272,4,407,もう少し安ければ完璧です。,1,2023-11-18 17:18:45
273,43,123,価格に見合う価値があります。,4,2022-01-04 00:05:07
274,116,295,素晴らしい製品でした！,5,2022-07-14 14:32:58
275,61,285,素晴らしい製品でした！,5,2023-06-08 02:44:55
276,160,339,使い心地が良いです。,5,2022-08-14 13:46:58
277,51,38,使い方が難しいです。,1,2023-10-10 03:07:41
278,131,87,色が写真と異なりました。,2,2022-02-20 11:04:48
279,220,443,使い心地が良いです。,4,2022-02-26 20:38:35
280,12,255,残念ながら期待はずれでした。,3,2022-04-17 07:49:53
281,52,448,残念ながら期待はずれでした。,3,2023-12-29 13:59:40
282,160,180,価格に見合う価値があります。,5,2021-06-17 18:52:09
283,234,431,配送が遅れましたが、製品自体は良好です。,2,2023-08-12 23:42:16
284,234,277,残念ながら期待はずれでした。,1,2022-04-14 18:33:50
285,199,258,もう少し安ければ完璧です。,3,2022-10-21 06:06:12
286,156,287,価格に見合う価値があります。,5,2022-07-06 04:35:47
287,134,98,残念ながら期待はずれでした。,1,2023-10-01 23:17:33
288,232,410,色が写真と異なりました。,1,2023-08-29 07:53:29
289,111,3,素晴らしい製品でした！,5,2023-03-07 07:35:21
290,149,458,期待以上の性能で大満足です。,4,2022-02-16 06:45:18
291,300,229,色が写真と異なりました。,3,2023-06-18 04:00:44
292,152,297,残念ながら期待はずれでした。,3,2021-01-23 16:20:34
293,22,93,デザインが美しく、機能的です。,4,2022-07-04 12:23:02
294,53,197,配送が遅れましたが、製品自体は良好です。,2,2022-08-11 06:16:56
295,263,456,もう少し安ければ完璧です。,1,2022-03-11 20:52:08
296,298,455,使い心地が良いです。,4,2022-08-02 08:37:17
297,284,433,価格に見合う価値があります。,5,2023-12-10 13:18:22
298,1,441,使い心地が良いです。,5,2022-04-14 09:49:43
299,110,433,素晴らしい製品でした！,4,2021-04-28 18:33:55
300,254,28,配送が遅れましたが、製品自体は良好です。,3,2023-10-24 04:56:28
301,61,472,使い方が難しいです。,2,2023-12-13 11:35:16
302,247,273,素晴らしい製品でした！,5,2023-09-14 18:07:50
303,289,222,色が写真と異なりました。,2,2022-06-15 01:26:45
304,177,141,配送が遅れましたが、製品自体は良好です。,3,2021-11-23 04:50:09
305,79,284,素晴らしい製品でした！,5,2021-07-28 21:20:26
306,65,464,期待以上の性能で大満足です。,4,2021-02-23 03:53:15
307,241,304,色が写真と異なりました。,3,2023-09-17 11:46:03
308,188,322,価格に見合う価値があります。,5,2022-08-16 18:57:04
309,128,499,素晴らしい製品でした！,5,2023-12-01 15:59:22
310,60,137,素晴らしい製品でした！,4,2021-11-01 09:47:26
311,179,336,色が写真と異なりました。,3,2021-05-01 12:39:24
312,150,265,期待以上の性能で大満足です。,4,2022-07-04 03:57:01
313,31,215,使い心地が良いです。,4,2023-02-05 10:12:50
314,48,435,デザインが美しく、機能的です。,4,2021-03-22 00:21:17
315,191,386,使い心地が良いです。,4,2023-05-24 23:18:40
316,104,17,使い心地が良いです。,5,2022-10-01 03:40:24
317,33,166,色が写真と異なりました。,1,2022-10-12 14:49:08
318,89,229,期待以上の性能で大満足です。,5,2022-05-07 01:44:13
319,37,207,素晴らしい製品でした！,5,2022-10-22 00:43:49
320,107,210,色が写真と異なりました。,3,2021-04-29 16:28:13
321,44,437,使い方が難しいです。,3,2023-08-25 09:08:13
322,11,312,色が写真と異なりました。,2,2023-02-06 01:24:22
323,245,254,色が写真と異なりました。,2,2021-10-14 18:45:35
324,5,179,もう少し安ければ完璧です。,2,2022-04-22 07:33:36
325,180,139,配送が遅れましたが、製品自体は良好です。,3,2023-10-14 07:32:00
326,249,463,デザインが美しく、機能的です。,5,2021-12-09 22:31:59
327,225,239,デザインが美しく、機能的です。,4,2021-11-27 16:53:57
328,179,267,期待以上の性能で大満足です。,4,2022-11-14 08:55:43
329,161,183,使い方が難しいです。,1,2021-01-09 19:16:31
330,230,429,デザインが美しく、機能的です。,4,2021-11-24 19:28:08
331,17,335,残念ながら期待はずれでした。,2,2022-08-07 13:07:57
332,275,396,素晴らしい製品でした！,5,2022-07-11 07:46:48
333,71,16,使い心地が良いです。,5,2023-05-14 23:24:05
334,238,93,色が写真と異なりました。,3,2023-05-06 06:41:57
335,123,444,残念ながら期待はずれでした。,3,2022-07-05 00:37:15
336,127,460,使い方が難しいです。,2,2023-09-06 17:45:47
337,149,150,価格に見合う価値があります。,5,2021-01-26 05:01:17
338,240,73,もう少し安ければ完璧です。,1,2023-03-30 18:46:33
339,160,344,使い心地が良いです。,5,2022-08-16 16:19:43
340,84,98,デザインが美しく、機能的です。,4,2021-07-26 00:13:08
341,25,408,使い心地が良いです。,4,2023-07-22 02:40:51
342,293,470,色が写真と異なりました。,2,2022-09-24 16:36:21
343,19,142,デザインが美しく、機能的です。,4,2021-06-18 20:42:37
344,37,304,素晴らしい製品でした！,4,2022-04-08 03:08:30
345,81,216,期待以上の性能で大満足です。,5,2021-08-17 05:53:52
346,56,403,使い方が難しいです。,3,2021-06-22 00:43:07
347,27,436,残念ながら期待はずれでした。,3,2022-03-25 06:30:55
348,189,262,使い心地が良いです。,5,2021-02-01 19:12:32
349,86,373,期待以上の性能で大満足です。,5,2022-08-30 19:02:48
350,22,133,価格に見合う価値があります。,5,2023-09-02 02:34:30
351,2,379,デザインが美しく、機能的です。,4,2023-11-27 18:05:52
352,140,375,もう少し安ければ完璧です。,2,2023-03-23 19:08:27
353,241,118,色が写真と異なりました。,2,2021-06-29 17:28:10
354,182,195,価格に見合う価値があります。,5,2023-06-26 08:56:31
355,261,274,色が写真と異なりました。,2,2021-04-14 09:27:35
356,220,180,色が写真と異なりました。,1,2021-12-20 08:00:47
357,1,176,素晴らしい製品でした！,4,2023-06-20 11:22:59
358,289,353,使い方が難しいです。,1,2023-08-04 09:35:19
359,237,472,使い方が難しいです。,2,2022-04-16 02:59:21
360,155,175,もう少し安ければ完璧です。,1,2021-12-01 07:21:43
361,10,94,もう少し安ければ完璧です。,3,2022-03-09 18:29:45
362,47,179,色が写真と異なりました。,3,2022-03-05 04:39:36
363,274,442,期待以上の性能で大満足です。,4,2022-07-22 04:05:47
364,65,98,期待以上の性能で大満足です。,4,2021-10-14 02:37:00
365,282,404,色が写真と異なりました。,3,2021-01-09 04:04:50
366,286,124,配送が遅れましたが、製品自体は良好です。,3,2022-04-23 00:32:59
367,226,404,使い心地が良いです。,4,2021-01-28 07:57:15
368,84,314,残念ながら期待はずれでした。,1,2023-03-24 16:51:27
369,155,470,残念ながら期待はずれでした。,2,2023-10-27 09:36:10
370,2,58,色が写真と異なりました。,2,2023-01-28 22:14:16
371,27,388,価格に見合う価値があります。,4,2021-10-26 18:16:46
372,156,56,使い心地が良いです。,5,2023-12-09 08:25:34
373,232,139,使い方が難しいです。,2,2023-08-31 10:47:38
374,191,344,価格に見合う価値があります。,4,2023-09-03 17:42:37
375,64,392,期待以上の性能で大満足です。,4,2023-01-10 07:10:11
376,11,117,もう少し安ければ完璧です。,3,2022-02-11 07:38:40
377,101,176,残念ながら期待はずれでした。,1,2022-01-19 07:45:11
378,77,14,使い心地が良いです。,5,2021-02-13 12:33:51
379,83,152,素晴らしい製品でした！,5,2021-04-09 20:14:28
380,94,75,残念ながら期待はずれでした。,1,2021-07-10 15:55:01
381,191,215,素晴らしい製品でした！,4,2022-03-27 05:32:05
382,259,258,素晴らしい製品でした！,5,2023-03-22 05:05:24
383,12,233,価格に見合う価値があります。,4,2022-04-08 14:05:53
384,76,426,価格に見合う価値があります。,4,2022-06-04 22:47:00
385,92,146,もう少し安ければ完璧です。,1,2021-03-15 04:47:17
386,292,237,残念ながら期待はずれでした。,1,2023-06-20 12:17:08
387,281,369,期待以上の性能で大満足です。,5,2022-05-19 11:43:29
388,143,486,配送が遅れましたが、製品自体は良好です。,2,2021-01-05 04:00:24
389,259,287,使い心地が良いです。,5,2022-07-08 06:57:12
390,204,66,もう少し安ければ完璧です。,2,2021-03-25 08:37:00
391,247,457,デザインが美しく、機能的です。,5,2022-10-29 09:01:55
392,274,364,使い心地が良いです。,4,2022-11-04 09:49:28
393,103,245,もう少し安ければ完璧です。,1,2023-02-01 14:26:03
394,180,499,素晴らしい製品でした！,5,2021-09-14 00:33:52
395,294,488,デザインが美しく、機能的です。,5,2021-12-11 06:23:43
396,92,274,使い方が難しいです。,2,2021-07-15 12:16:36
397,79,111,色が写真と異なりました。,3,2021-08-20 09:23:12
398,143,37,デザインが美しく、機能的です。,4,2021-01-06 03:48:47
399,64,1,配送が遅れましたが、製品自体は良好です。,3,2022-08-14 18:56:38
400,281,130,期待以上の性能で大満足です。,5,2021-01-31 09:12:22
401,24,369,もう少し安ければ完璧です。,3,2022-04-04 12:19:02
402,280,218,素晴らしい製品でした！,5,2023-05-13 12:46:02
403,74,358,使い方が難しいです。,1,2021-02-26 05:06:12
404,161,449,使い方が難しいです。,2,2022-12-30 08:10:45
405,104,88,使い心地が良いです。,4,2023-06-04 02:41:15
406,50,184,使い心地が良いです。,5,2021-02-12 01:17:03
407,40,326,価格に見合う価値があります。,5,2023-12-16 04:02:43
408,24,150,価格に見合う価値があります。,4,2021-04-18 16:51:31
409,259,30,素晴らしい製品でした！,5,2021-04-30 00:49:35
410,140,410,もう少し安ければ完璧です。,1,2021-04-04 05:58:58
411,159,60,素晴らしい製品でした！,5,2022-09-27 15:32:13
412,295,48,使い方が難しいです。,1,2021-10-05 17:52:57
413,248,116,使い方が難しいです。,2,2023-09-28 12:53:41
414,137,353,素晴らしい製品でした！,4,2023-03-11 03:31:14
415,93,424,素晴らしい製品でした！,4,2022-12-07 20:51:29
416,27,115,デザインが美しく、機能的です。,5,2022-03-04 09:30:20
417,151,142,期待以上の性能で大満足です。,5,2022-02-22 00:44:39
418,226,463,使い方が難しいです。,3,2023-03-30 18:27:22
419,18,132,素晴らしい製品でした！,5,2023-08-05 13:40:04
420,207,127,使い心地が良いです。,5,2023-09-03 05:45:22
421,157,439,素晴らしい製品でした！,5,2022-07-12 23:07:48
422,187,190,価格に見合う価値があります。,5,2021-07-04 08:25:35
423,65,423,色が写真と異なりました。,2,2021-01-14 13:08:18
424,175,352,素晴らしい製品でした！,5,2022-04-03 05:08:28
425,42,490,使い心地が良いです。,4,2022-10-12 17:35:38
426,92,306,使い方が難しいです。,3,2022-04-06 16:39:17
427,197,248,もう少し安ければ完璧です。,2,2023-04-08 12:21:36
428,95,204,もう少し安ければ完璧です。,3,2022-05-31 17:04:42
429,158,1,もう少し安ければ完璧です。,3,2022-02-27 20:55:01
430,277,101,デザインが美しく、機能的です。,4,2021-11-23 22:11:57
431,79,326,期待以上の性能で大満足です。,5,2022-12-20 06:53:05
432,215,76,使い方が難しいです。,1,2022-10-09 06:40:55
433,6,177,配送が遅れましたが、製品自体は良好です。,1,2021-10-06 10:10:01
434,167,37,価格に見合う価値があります。,4,2021-03-14 18:08:49
435,107,190,配送が遅れましたが、製品自体は良好です。,1,2022-03-08 01:31:44
436,23,145,配送が遅れましたが、製品自体は良好です。,1,2023-11-09 06:17:08
437,149,309,デザインが美しく、機能的です。,5,2021-09-14 03:03:45
438,201,481,価格に見合う価値があります。,5,2023-03-02 21:48:34
439,287,165,デザインが美しく、機能的です。,4,2022-01-01 14:19:50
440,31,253,価格に見合う価値があります。,4,2022-05-03 18:58:18
441,10,148,期待以上の性能で大満足です。,5,2021-05-14 20:56:54
442,248,92,素晴らしい製品でした！,4,2023-02-15 00:40:47
443,226,101,色が写真と異なりました。,1,2022-09-26 11:54:19
444,284,167,もう少し安ければ完璧です。,1,2021-05-26 18:07:20
445,163,347,価格に見合う価値があります。,4,2021-07-19 11:40:06
446,140,294,残念ながら期待はずれでした。,1,2022-06-03 07:47:39
447,94,68,残念ながら期待はずれでした。,3,2022-12-25 07:37:03
448,229,219,配送が遅れましたが、製品自体は良好です。,3,2022-01-05 09:41:48
449,125,475,価格に見合う価値があります。,4,2021-04-16 01:45:13
450,16,252,配送が遅れましたが、製品自体は良好です。,3,2022-05-12 01:43:47
451,107,279,残念ながら期待はずれでした。,3,2022-11-25 15:48:28
452,176,460,使い心地が良いです。,4,2021-11-17 18:21:21
453,147,138,色が写真と異なりました。,3,2022-06-04 03:09:27
454,116,191,価格に見合う価値があります。,4,2021-08-05 08:40:30
455,211,100,価格に見合う価値があります。,5,2023-11-26 10:58:22
456,154,376,色が写真と異なりました。,2,2021-03-27 17:58:11
457,25,370,デザインが美しく、機能的です。,5,2021-09-29 05:02:49
458,138,433,素晴らしい製品でした！,5,2023-12-25 11:15:03
459,9,129,残念ながら期待はずれでした。,3,2022-02-28 12:30:08
460,218,379,使い心地が良いです。,5,2022-04-14 13:31:57
461,172,431,素晴らしい製品でした！,5,2022-05-30 07:30:48
462,107,16,素晴らしい製品でした！,5,2021-04-03 05:39:02
463,161,45,価格に見合う価値があります。,5,2021-01-25 11:15:01
464,26,205,配送が遅れましたが、製品自体は良好です。,2,2021-11-29 21:32:43
465,211,27,色が写真と異なりました。,3,2023-10-25 12:28:40
466,300,356,期待以上の性能で大満足です。,4,2021-02-02 04:42:52
467,94,62,使い方が難しいです。,3,2021-06-25 09:40:57
468,255,363,使い方が難しいです。,2,2022-02-27 17:21:19
469,148,217,配送が遅れましたが、製品自体は良好です。,2,2022-08-04 19:53:40
470,135,449,価格に見合う価値があります。,5,2022-02-15 17:12:52
471,47,23,使い方が難しいです。,1,2021-05-11 01:49:10
472,256,33,色が写真と異なりました。,3,2023-09-26 21:43:45
473,175,422,素晴らしい製品でした！,5,2021-12-06 23:34:22
474,85,420,配送が遅れましたが、製品自体は良好です。,3,2022-03-06 01:30:34
475,61,77,もう少し安ければ完璧です。,3,2021-10-14 09:08:41
476,135,172,使い心地が良いです。,5,2023-03-05 13:29:24
477,84,30,使い心地が良いです。,4,2021-11-21 17:31:09
478,127,70,期待以上の性能で大満足です。,5,2022-11-05 11:37:29
479,290,464,価格に見合う価値があります。,4,2023-08-11 15:05:05
480,190,80,使い心地が良いです。,5,2021-05-22 13:55:28
481,45,325,配送が遅れましたが、製品自体は良好です。,1,2023-10-18 11:30:33
482,25,168,残念ながら期待はずれでした。,2,2023-03-15 17:55:07
483,55,245,期待以上の性能で大満足です。,5,2022-11-08 14:53:59
484,230,260,使い方が難しいです。,1,2021-01-31 13:08:12
485,14,232,期待以上の性能で大満足です。,4,2021-08-28 03:21:08
486,298,500,配送が遅れましたが、製品自体は良好です。,3,2023-01-30 18:45:54
487,270,349,色が写真と異なりました。,2,2023-11-28 04:56:12
488,140,216,デザインが美しく、機能的です。,5,2022-05-20 00:12:49
489,82,36,配送が遅れましたが、製品自体は良好です。,3,2023-02-10 05:57:14
490,206,290,配送が遅れましたが、製品自体は良好です。,2,2023-05-30 08:31:06
491,74,58,使い方が難しいです。,1,2022-08-18 15:07:19
492,292,262,残念ながら期待はずれでした。,2,2021-08-20 12:13:27
493,121,313,価格に見合う価値があります。,5,2022-05-06 05:53:46
494,141,402,価格に見合う価値があります。,5,2022-08-22 09:55:43
495,89,109,使い心地が良いです。,4,2023-11-22 19:50:27
496,212,66,素晴らしい製品でした！,5,2021-08-19 07:53:11
497,249,446,価格に見合う価値があります。,4,2021-05-21 04:46:00
498,210,2,価格に見合う価値があります。,5,2021-09-27 06:59:42
499,10,38,色が写真と異なりました。,3,2023-12-25 23:51:44
500,125,92,使い方が難しいです。,3,2021-03-06 23:33:21
501,11,108,価格に見合う価値があります。,4,2021-02-04 00:25:48
502,115,317,配送が遅れましたが、製品自体は良好です。,3,2021-06-17 13:09:26
503,79,22,もう少し安ければ完璧です。,1,2021-11-08 17:25:29
504,54,79,使い心地が良いです。,4,2021-11-18 03:57:41
505,231,89,使い心地が良いです。,4,2023-04-09 19:37:09
506,49,375,使い方が難しいです。,1,2021-06-15 18:30:29
507,54,295,配送が遅れましたが、製品自体は良好です。,1,2022-01-12 13:53:44
508,222,443,使い方が難しいです。,2,2022-08-18 23:33:28
509,90,143,配送が遅れましたが、製品自体は良好です。,2,2022-10-02 01:36:15
510,164,445,素晴らしい製品でした！,4,2021-09-26 11:13:32
511,1,196,配送が遅れましたが、製品自体は良好です。,3,2022-07-30 23:02:49
512,104,35,価格に見合う価値があります。,5,2022-01-24 10:53:38
513,87,50,色が写真と異なりました。,3,2021-10-27 11:51:57
514,151,278,期待以上の性能で大満足です。,5,2022-03-22 18:52:16
515,105,145,期待以上の性能で大満足です。,5,2022-10-16 10:19:39
516,157,473,もう少し安ければ完璧です。,3,2022-12-24 02:27:15
517,286,264,色が写真と異なりました。,1,2022-10-12 07:33:23
518,219,358,配送が遅れましたが、製品自体は良好です。,1,2022-03-03 08:09:18
519,112,35,使い方が難しいです。,1,2021-06-20 20:11:05
520,12,235,使い心地が良いです。,5,2021-05-24 09:51:35
521,240,441,配送が遅れましたが、製品自体は良好です。,3,2022-08-31 23:42:01
522,255,124,使い方が難しいです。,1,2022-04-16 13:33:09
523,166,347,使い方が難しいです。,1,2023-04-21 21:19:31
524,243,479,使い心地が良いです。,4,2023-02-15 02:34:05
525,15,416,期待以上の性能で大満足です。,4,2023-11-02 19:09:47
526,104,299,残念ながら期待はずれでした。,2,2022-11-17 04:27:25
527,47,226,色が写真と異なりました。,2,2022-12-19 00:08:31
528,32,80,素晴らしい製品でした！,5,2023-04-15 16:10:40
529,69,219,使い方が難しいです。,3,2021-03-18 09:28:19
530,130,58,価格に見合う価値があります。,4,2021-09-17 03:10:12
531,102,40,配送が遅れましたが、製品自体は良好です。,3,2023-01-02 16:17:55
532,101,202,使い方が難しいです。,3,2023-12-30 16:36:10
533,190,62,期待以上の性能で大満足です。,4,2023-05-06 14:32:56
534,153,481,残念ながら期待はずれでした。,2,2021-08-30 10:28:50
535,294,292,価格に見合う価値があります。,4,2021-08-07 04:56:05
536,184,373,もう少し安ければ完璧です。,3,2021-03-16 11:05:03
537,190,195,価格に見合う価値があります。,5,2023-12-06 21:55:07
538,206,67,素晴らしい製品でした！,5,2023-05-29 13:12:03
539,291,401,もう少し安ければ完璧です。,3,2021-08-29 18:42:40
540,32,37,デザインが美しく、機能的です。,5,2023-10-25 15:37:56
541,223,372,配送が遅れましたが、製品自体は良好です。,1,2023-08-01 04:40:36
542,87,198,もう少し安ければ完璧です。,2,2023-05-27 11:10:12
543,271,318,色が写真と異なりました。,1,2022-06-24 09:29:50
544,99,476,デザインが美しく、機能的です。,4,2021-07-27 03:14:31
545,34,366,色が写真と異なりました。,2,2022-01-18 12:33:16
546,154,397,期待以上の性能で大満足です。,4,2022-06-23 03:45:41
547,280,46,残念ながら期待はずれでした。,1,2023-02-07 04:27:42
548,137,53,使い心地が良いです。,4,2022-04-02 12:58:59
549,17,114,配送が遅れましたが、製品自体は良好です。,2,2021-11-11 07:56:18
550,138,214,使い方が難しいです。,3,2023-09-23 23:59:43
551,244,32,もう少し安ければ完璧です。,1,2022-12-29 00:42:04
552,195,405,素晴らしい製品でした！,4,2021-02-28 18:15:11
553,228,205,色が写真と異なりました。,1,2023-02-18 08:20:51
554,52,65,使い方が難しいです。,1,2022-10-03 01:19:29
555,126,69,もう少し安ければ完璧です。,1,2021-06-10 07:01:30
556,125,155,期待以上の性能で大満足です。,5,2023-10-16 10:00:27
557,102,41,配送が遅れましたが、製品自体は良好です。,1,2021-10-09 09:42:59
558,31,233,期待以上の性能で大満足です。,5,2023-01-24 19:00:31
559,147,171,使い心地が良いです。,5,2022-09-22 12:16:02
560,147,217,使い心地が良いです。,4,2023-03-05 23:28:37
561,270,360,期待以上の性能で大満足です。,5,2022-06-30 00:26:35
562,31,167,色が写真と異なりました。,2,2023-03-03 07:42:50
563,134,204,価格に見合う価値があります。,4,2022-11-20 17:02:34
564,248,86,デザインが美しく、機能的です。,5,2021-05-16 14:49:35
565,234,291,使い方が難しいです。,1,2021-10-02 21:57:46
566,255,157,もう少し安ければ完璧です。,2,2021-03-16 08:30:58
567,231,312,色が写真と異なりました。,2,2022-11-10 17:38:35
568,1,281,デザインが美しく、機能的です。,5,2021-12-03 13:29:17
569,206,258,素晴らしい製品でした！,4,2023-11-04 13:56:43
570,18,55,価格に見合う価値があります。,5,2023-09-16 03:10:57
571,40,415,配送が遅れましたが、製品自体は良好です。,1,2021-08-16 14:56:51
572,272,61,デザインが美しく、機能的です。,4,2023-07-22 16:11:53
573,167,315,素晴らしい製品でした！,4,2021-09-11 22:23:31
574,51,252,素晴らしい製品でした！,4,2022-08-31 00:26:21
575,32,289,素晴らしい製品でした！,4,2023-09-20 06:30:35
576,84,378,素晴らしい製品でした！,5,2021-04-30 22:55:11
577,205,492,もう少し安ければ完璧です。,1,2021-12-15 22:40:51
578,143,84,価格に見合う価値があります。,5,2022-05-11 04:56:25
579,11,464,もう少し安ければ完璧です。,2,2021-07-01 06:12:57
580,286,154,価格に見合う価値があります。,5,2021-06-26 15:47:47
581,238,261,色が写真と異なりました。,3,2022-04-04 03:16:33
582,206,3,価格に見合う価値があります。,4,2023-11-30 07:15:48
583,292,439,もう少し安ければ完璧です。,3,2021-03-12 04:14:37
584,171,280,使い方が難しいです。,1,2021-08-14 12:51:35
585,230,307,配送が遅れましたが、製品自体は良好です。,2,2023-10-17 01:38:16
586,79,360,期待以上の性能で大満足です。,5,2022-07-15 03:47:45
587,163,99,デザインが美しく、機能的です。,5,2022-11-30 03:59:14
588,148,372,使い方が難しいです。,1,2023-06-07 06:27:21
589,21,380,価格に見合う価値があります。,5,2023-11-07 22:57:21
590,156,188,期待以上の性能で大満足です。,4,2022-02-05 15:06:03
591,206,204,使い方が難しいです。,1,2023-06-24 08:49:30
592,90,440,色が写真と異なりました。,3,2022-02-09 17:10:53
593,28,320,デザインが美しく、機能的です。,5,2022-01-03 23:49:58
594,148,270,使い方が難しいです。,3,2022-03-28 10:41:28
595,41,220,期待以上の性能で大満足です。,4,2023-11-06 18:54:26
596,39,248,使い心地が良いです。,4,2022-05-12 15:14:21
597,296,471,残念ながら期待はずれでした。,2,2022-10-02 06:26:24
598,198,171,素晴らしい製品でした！,5,2022-08-01 08:30:05
599,285,316,素晴らしい製品でした！,4,2023-08-12 03:12:46
600,163,488,もう少し安ければ完璧です。,1,2023-06-28 20:15:53
601,107,261,もう少し安ければ完璧です。,1,2022-08-06 18:05:31
602,247,148,使い心地が良いです。,4,2021-02-27 07:45:22
603,192,156,期待以上の性能で大満足です。,4,2022-03-18 14:24:10
604,162,45,もう少し安ければ完璧です。,1,2022-08-24 00:06:34
605,194,410,使い心地が良いです。,4,2022-08-15 14:17:13
606,114,379,使い方が難しいです。,3,2023-08-14 02:40:29
607,175,277,配送が遅れましたが、製品自体は良好です。,2,2022-08-11 13:57:15
608,40,289,残念ながら期待はずれでした。,1,2021-04-04 17:05:12
609,117,457,使い方が難しいです。,1,2021-03-08 10:21:20
610,286,400,価格に見合う価値があります。,5,2023-01-17 03:23:57
611,28,151,期待以上の性能で大満足です。,5,2021-12-04 23:46:21
612,165,238,使い方が難しいです。,1,2022-04-01 04:12:47
613,64,168,色が写真と異なりました。,3,2022-08-29 16:38:26
614,140,444,使い心地が良いです。,4,2023-05-02 16:55:27
615,46,266,配送が遅れましたが、製品自体は良好です。,1,2023-11-09 05:07:57
616,268,120,使い心地が良いです。,4,2023-09-16 02:31:31
617,97,154,配送が遅れましたが、製品自体は良好です。,3,2022-01-31 00:05:17
618,235,403,もう少し安ければ完璧です。,3,2023-03-24 11:06:56
619,24,141,使い方が難しいです。,2,2021-08-23 08:28:11
620,276,111,残念ながら期待はずれでした。,3,2021-07-27 04:27:28
621,117,164,使い心地が良いです。,5,2022-01-14 01:35:55
622,144,487,デザインが美しく、機能的です。,5,2023-08-22 14:20:40
623,167,462,配送が遅れましたが、製品自体は良好です。,1,2021-12-03 15:04:33
624,178,150,配送が遅れましたが、製品自体は良好です。,3,2023-07-25 01:14:25
625,246,3,素晴らしい製品でした！,5,2022-11-18 05:05:31
626,73,241,使い心地が良いです。,5,2022-08-23 11:36:33
627,255,290,期待以上の性能で大満足です。,4,2021-06-27 01:54:45
628,235,12,価格に見合う価値があります。,5,2023-10-25 20:31:55
629,60,434,デザインが美しく、機能的です。,4,2022-06-11 22:22:24
630,94,106,もう少し安ければ完璧です。,1,2021-01-06 00:11:42
631,122,78,使い方が難しいです。,3,2022-01-19 07:26:59
632,20,276,もう少し安ければ完璧です。,2,2023-09-11 12:10:07
633,123,237,使い方が難しいです。,2,2021-06-27 05:42:02
634,176,135,色が写真と異なりました。,3,2021-07-01 06:16:07
635,178,416,配送が遅れましたが、製品自体は良好です。,1,2022-09-26 01:55:33
636,137,206,デザインが美しく、機能的です。,5,2021-04-07 16:03:27
637,214,81,価格に見合う価値があります。,4,2021-09-21 12:13:03
638,94,82,デザインが美しく、機能的です。,5,2023-08-03 01:54:42
639,178,216,使い心地が良いです。,5,2022-11-12 17:53:36
640,129,236,デザインが美しく、機能的です。,4,2023-03-12 01:40:49
641,161,486,デザインが美しく、機能的です。,5,2022-07-16 00:27:20
642,37,112,残念ながら期待はずれでした。,2,2023-11-19 19:00:06
643,275,406,もう少し安ければ完璧です。,3,2023-07-12 15:45:38
644,110,405,使い心地が良いです。,4,2023-04-20 06:07:14
645,83,468,残念ながら期待はずれでした。,2,2022-01-17 20:50:45
646,201,196,価格に見合う価値があります。,4,2021-05-20 02:29:21
647,190,62,もう少し安ければ完璧です。,3,2021-06-28 15:30:45
648,265,117,デザインが美しく、機能的です。,4,2023-02-19 06:20:10
649,70,22,使い方が難しいです。,1,2021-02-27 19:21:04
650,187,154,価格に見合う価値があります。,5,2022-07-29 07:01:43
651,116,247,価格に見合う価値があります。,4,2021-11-07 15:38:13
652,164,128,もう少し安ければ完璧です。,2,2022-07-25 13:12:40
653,257,423,使い心地が良いです。,4,2022-07-27 13:27:18
654,159,279,価格に見合う価値があります。,4,2023-12-20 05:43:51
655,257,1,残念ながら期待はずれでした。,3,2023-08-13 13:21:46
656,277,341,使い心地が良いです。,5,2023-12-01 06:44:43
657,114,428,素晴らしい製品でした！,5,2022-01-11 05:30:35
658,98,10,デザインが美しく、機能的です。,4,2022-01-18 19:20:31
659,166,437,もう少し安ければ完璧です。,3,2022-01-14 12:25:41
660,296,443,残念ながら期待はずれでした。,2,2023-07-07 15:12:42
661,55,449,配送が遅れましたが、製品自体は良好です。,1,2021-04-16 06:19:05
662,16,469,残念ながら期待はずれでした。,1,2021-03-15 02:56:01
663,282,336,使い方が難しいです。,1,2023-04-02 18:17:57
664,11,433,素晴らしい製品でした！,5,2022-11-25 16:15:37
665,158,156,期待以上の性能で大満足です。,4,2023-10-04 03:23:27
666,17,14,期待以上の性能で大満足です。,5,2022-10-21 13:07:18
667,213,40,使い心地が良いです。,4,2022-10-28 03:37:16
668,57,221,素晴らしい製品でした！,4,2023-07-17 14:48:53
669,190,198,素晴らしい製品でした！,5,2021-03-01 10:41:01
670,224,153,デザインが美しく、機能的です。,5,2022-01-12 02:19:04
671,55,292,使い方が難しいです。,3,2021-05-14 19:34:59
672,176,202,デザインが美しく、機能的です。,4,2022-04-14 09:12:40
673,222,421,素晴らしい製品でした！,4,2021-09-06 09:51:34
674,224,54,もう少し安ければ完璧です。,3,2021-10-17 01:01:24
675,5,273,素晴らしい製品でした！,5,2022-11-01 07:35:39
676,12,241,期待以上の性能で大満足です。,5,2022-03-28 03:26:19
677,15,57,価格に見合う価値があります。,4,2021-12-10 06:17:12
678,108,81,使い方が難しいです。,1,2023-08-25 08:20:36
679,276,45,期待以上の性能で大満足です。,4,2023-09-25 15:22:11
680,125,426,色が写真と異なりました。,3,2022-05-05 05:07:03
681,246,158,デザインが美しく、機能的です。,5,2022-04-01 13:42:17
682,299,138,配送が遅れましたが、製品自体は良好です。,3,2022-08-31 07:25:06
683,189,82,価格に見合う価値があります。,4,2022-07-17 07:55:18
684,132,176,もう少し安ければ完璧です。,3,2021-10-26 23:05:01
685,20,68,もう少し安ければ完璧です。,3,2021-09-26 08:21:08
686,99,382,使い方が難しいです。,3,2023-05-25 14:56:21
687,98,77,使い心地が良いです。,4,2022-05-04 00:14:36
688,149,163,配送が遅れましたが、製品自体は良好です。,2,2022-11-24 21:32:53
689,11,433,使い方が難しいです。,1,2023-04-19 08:37:27
690,16,220,使い心地が良いです。,4,2021-01-16 03:10:33
691,45,492,使い心地が良いです。,5,2023-01-12 09:42:11
692,181,345,配送が遅れましたが、製品自体は良好です。,3,2022-10-27 01:12:59
693,118,58,もう少し安ければ完璧です。,1,2021-05-09 14:55:55
694,141,15,素晴らしい製品でした！,4,2021-07-18 06:20:20
695,216,152,色が写真と異なりました。,2,2023-05-28 09:08:37
696,8,102,使い心地が良いです。,4,2021-08-05 16:25:31
697,202,1,配送が遅れましたが、製品自体は良好です。,2,2021-07-07 10:54:48
698,259,111,価格に見合う価値があります。,4,2023-08-16 05:37:02
699,46,219,色が写真と異なりました。,3,2021-06-22 12:47:57
700,32,246,素晴らしい製品でした！,4,2022-03-24 11:37:30
701,274,459,デザインが美しく、機能的です。,4,2021-06-02 00:13:37
702,37,453,期待以上の性能で大満足です。,4,2023-07-09 13:36:16
703,227,434,使い方が難しいです。,3,2022-12-02 06:14:15
704,151,111,価格に見合う価値があります。,5,2021-03-03 23:52:44
705,3,332,配送が遅れましたが、製品自体は良好です。,1,2021-02-02 14:50:52
706,104,448,価格に見合う価値があります。,5,2022-03-29 17:49:07
707,296,388,使い方が難しいです。,3,2023-02-20 00:52:04
708,24,253,配送が遅れましたが、製品自体は良好です。,2,2021-01-01 19:54:30
709,65,473,使い方が難しいです。,2,2021-05-22 17:33:07
710,203,429,デザインが美しく、機能的です。,5,2023-04-12 14:37:46
711,165,61,色が写真と異なりました。,1,2021-04-18 04:01:02
712,293,369,残念ながら期待はずれでした。,3,2022-04-25 10:17:22
713,185,12,配送が遅れましたが、製品自体は良好です。,2,2021-03-26 18:59:37
714,40,475,残念ながら期待はずれでした。,3,2022-05-21 20:55:41
715,299,262,素晴らしい製品でした！,4,2022-08-20 22:44:04
716,164,150,使い方が難しいです。,1,2021-08-04 10:30:00
717,87,11,もう少し安ければ完璧です。,2,2022-12-09 08:06:07
718,270,157,残念ながら期待はずれでした。,2,2022-04-18 20:35:48
719,40,461,残念ながら期待はずれでした。,1,2021-03-11 11:06:14
720,148,483,期待以上の性能で大満足です。,5,2021-07-25 04:16:25
721,168,124,素晴らしい製品でした！,5,2021-02-17 20:01:20
722,136,321,デザインが美しく、機能的です。,4,2023-04-14 21:32:11
723,51,251,残念ながら期待はずれでした。,3,2021-05-04 14:27:53
724,34,141,価格に見合う価値があります。,4,2023-07-18 23:57:34
725,65,285,もう少し安ければ完璧です。,1,2021-04-14 16:50:25
726,135,40,デザインが美しく、機能的です。,5,2021-05-19 12:38:10
727,183,194,使い心地が良いです。,5,2021-11-04 15:28:31
728,101,91,もう少し安ければ完璧です。,3,2021-05-30 21:23:29
729,118,213,もう少し安ければ完璧です。,3,2023-08-28 01:47:04
730,210,330,使い方が難しいです。,1,2022-03-25 18:06:52
731,182,155,残念ながら期待はずれでした。,1,2021-12-30 07:59:24
732,211,353,色が写真と異なりました。,3,2021-02-13 22:34:25
733,27,192,素晴らしい製品でした！,4,2021-01-21 07:14:51
734,47,312,使い心地が良いです。,4,2023-11-03 17:36:07
735,257,193,残念ながら期待はずれでした。,1,2023-09-12 15:18:16
736,281,350,価格に見合う価値があります。,4,2023-12-06 13:34:38
737,19,263,素晴らしい製品でした！,5,2022-07-18 10:11:15
738,253,434,期待以上の性能で大満足です。,5,2022-02-20 15:49:09
739,115,469,価格に見合う価値があります。,5,2022-08-25 12:25:25
740,50,189,色が写真と異なりました。,2,2021-07-03 23:29:27
741,96,446,使い方が難しいです。,3,2021-12-16 23:15:33
742,218,372,色が写真と異なりました。,2,2023-07-02 23:06:20
743,296,301,デザインが美しく、機能的です。,4,2021-10-12 21:42:17
744,289,483,価格に見合う価値があります。,5,2022-04-28 21:08:32
745,242,214,色が写真と異なりました。,3,2021-09-27 06:05:13
746,39,490,使い方が難しいです。,3,2022-03-15 00:42:55
747,110,426,使い方が難しいです。,1,2023-12-19 12:02:22
748,222,385,期待以上の性能で大満足です。,4,2023-05-18 22:14:25
749,102,464,色が写真と異なりました。,1,2021-03-26 22:56:23
750,16,373,もう少し安ければ完璧です。,2,2023-05-05 06:00:04
751,160,418,残念ながら期待はずれでした。,1,2021-09-21 02:50:36
752,203,317,色が写真と異なりました。,3,2022-08-17 11:08:00
753,187,149,色が写真と異なりました。,2,2022-08-04 01:34:05
754,128,100,配送が遅れましたが、製品自体は良好です。,1,2021-04-05 16:48:26
755,64,231,配送が遅れましたが、製品自体は良好です。,3,2023-05-17 17:53:54
756,131,436,残念ながら期待はずれでした。,2,2023-04-14 12:54:46
757,6,46,期待以上の性能で大満足です。,4,2022-06-08 16:30:26
758,264,324,使い方が難しいです。,1,2022-05-31 21:05:58
759,142,157,残念ながら期待はずれでした。,2,2021-01-16 10:49:25
760,246,219,もう少し安ければ完璧です。,1,2023-09-23 23:06:15
761,233,357,使い方が難しいです。,3,2023-07-05 20:03:28
762,127,436,残念ながら期待はずれでした。,2,2021-09-01 23:17:25
763,198,111,残念ながら期待はずれでした。,2,2023-09-15 01:51:23
764,225,148,使い方が難しいです。,2,2022-10-05 07:04:26
765,138,463,もう少し安ければ完璧です。,3,2023-07-16 05:29:32
766,155,300,デザインが美しく、機能的です。,4,2022-07-30 09:12:22
767,134,472,期待以上の性能で大満足です。,5,2021-02-25 06:40:43
768,195,362,価格に見合う価値があります。,5,2021-01-07 12:16:18
769,287,89,使い心地が良いです。,4,2023-09-22 21:57:57
770,70,320,使い心地が良いです。,5,2023-08-07 08:12:32
771,171,367,使い心地が良いです。,4,2021-12-21 07:41:22
772,40,125,配送が遅れましたが、製品自体は良好です。,3,2022-10-21 04:23:31
773,162,424,色が写真と異なりました。,3,2022-07-05 02:29:56
774,41,457,使い心地が良いです。,4,2022-12-03 07:51:16
775,78,181,もう少し安ければ完璧です。,3,2023-08-22 01:38:58
776,278,77,素晴らしい製品でした！,5,2021-04-26 18:56:46
777,176,134,色が写真と異なりました。,3,2022-09-01 06:04:03
778,160,39,素晴らしい製品でした！,4,2023-03-23 15:21:31
779,77,25,もう少し安ければ完璧です。,1,2021-05-05 20:56:17
780,277,408,残念ながら期待はずれでした。,2,2022-03-11 20:37:32
781,39,130,使い心地が良いです。,4,2022-02-06 16:58:50
782,201,382,デザインが美しく、機能的です。,5,2021-04-09 19:40:12
783,244,412,価格に見合う価値があります。,4,2021-03-30 01:04:06
784,223,497,残念ながら期待はずれでした。,1,2022-10-02 09:55:17
785,237,317,期待以上の性能で大満足です。,5,2022-12-10 06:18:28
786,94,224,デザインが美しく、機能的です。,5,2022-01-26 16:04:32
787,264,299,素晴らしい製品でした！,4,2022-08-11 19:24:47
788,131,306,残念ながら期待はずれでした。,1,2021-08-22 06:17:53
789,96,371,使い心地が良いです。,4,2022-07-14 05:13:44
790,230,271,素晴らしい製品でした！,5,2021-02-23 23:14:26
791,47,127,デザインが美しく、機能的です。,4,2022-04-05 18:59:58
792,147,84,もう少し安ければ完璧です。,2,2022-11-03 10:29:54
793,182,189,使い方が難しいです。,3,2021-05-10 03:36:23
794,149,355,色が写真と異なりました。,3,2023-08-12 06:54:02
795,103,298,期待以上の性能で大満足です。,4,2022-10-17 20:01:00
796,121,307,使い心地が良いです。,4,2022-12-11 23:42:22
797,205,333,使い方が難しいです。,3,2023-10-18 09:32:37
798,66,245,デザインが美しく、機能的です。,4,2023-10-15 10:19:04
799,265,352,使い心地が良いです。,5,2023-07-20 15:34:50
800,204,409,色が写真と異なりました。,1,2022-02-05 17:05:42
801,243,357,デザインが美しく、機能的です。,4,2023-11-23 23:24:32
802,103,163,使い心地が良いです。,4,2021-05-27 21:33:10
803,126,391,価格に見合う価値があります。,5,2023-11-27 17:00:03
804,197,288,色が写真と異なりました。,3,2021-04-04 09:35:52
805,228,207,使い心地が良いです。,5,2021-09-13 11:59:01
806,135,137,残念ながら期待はずれでした。,1,2023-10-26 04:48:05
807,57,136,配送が遅れましたが、製品自体は良好です。,2,2021-02-09 03:47:02
808,32,337,配送が遅れましたが、製品自体は良好です。,3,2021-05-05 10:46:12
809,270,293,残念ながら期待はずれでした。,1,2022-06-18 12:30:33
810,183,90,色が写真と異なりました。,1,2022-05-19 00:56:21
811,103,438,素晴らしい製品でした！,4,2022-07-08 09:35:11
812,124,432,色が写真と異なりました。,1,2023-01-19 19:05:20
813,242,287,期待以上の性能で大満足です。,5,2021-08-12 14:43:36
814,80,203,使い方が難しいです。,3,2022-12-16 21:34:14
815,188,188,もう少し安ければ完璧です。,2,2022-02-19 13:26:58
816,40,7,色が写真と異なりました。,3,2021-09-09 21:09:48
817,2,337,素晴らしい製品でした！,5,2022-09-05 16:21:02
818,111,458,デザインが美しく、機能的です。,4,2021-05-30 19:24:24
819,63,129,色が写真と異なりました。,1,2023-09-14 12:59:26
820,24,454,価格に見合う価値があります。,5,2021-07-14 03:29:00
821,156,415,もう少し安ければ完璧です。,1,2021-06-11 04:40:09
822,7,291,価格に見合う価値があります。,5,2022-10-18 03:18:21
823,33,434,色が写真と異なりました。,3,2023-07-05 23:33:42
824,289,497,素晴らしい製品でした！,5,2021-11-11 22:23:12
825,234,55,配送が遅れましたが、製品自体は良好です。,2,2023-08-10 20:50:45
826,176,361,デザインが美しく、機能的です。,4,2021-01-06 17:54:43
827,37,243,配送が遅れましたが、製品自体は良好です。,1,2023-07-15 00:03:55
828,133,468,素晴らしい製品でした！,4,2022-08-20 04:51:47
829,12,402,配送が遅れましたが、製品自体は良好です。,1,2023-07-24 12:21:05
830,96,196,価格に見合う価値があります。,4,2022-04-24 07:47:28
831,137,194,期待以上の性能で大満足です。,4,2022-03-27 18:06:54
832,127,461,使い方が難しいです。,3,2021-05-29 18:17:50
833,150,80,デザインが美しく、機能的です。,4,2023-12-22 06:17:53
834,91,361,使い方が難しいです。,3,2022-06-11 14:08:35
835,223,483,素晴らしい製品でした！,4,2021-04-08 19:50:37
836,244,331,色が写真と異なりました。,1,2023-03-22 00:51:31
837,237,343,使い方が難しいです。,2,2022-03-25 18:50:42
838,3,218,もう少し安ければ完璧です。,2,2021-09-11 07:13:07
839,292,186,デザインが美しく、機能的です。,4,2023-03-27 04:16:47
840,157,132,使い方が難しいです。,2,2022-06-24 00:40:13
841,17,474,期待以上の性能で大満足です。,4,2022-07-18 01:23:45
842,33,115,配送が遅れましたが、製品自体は良好です。,2,2022-03-29 23:17:07
843,122,158,残念ながら期待はずれでした。,2,2022-08-08 15:27:00
844,54,28,使い方が難しいです。,1,2023-01-04 14:03:32
845,95,387,色が写真と異なりました。,1,2023-01-19 16:27:53
846,40,330,使い方が難しいです。,2,2021-09-11 12:09:27
847,256,438,使い心地が良いです。,4,2022-05-21 01:32:50
848,277,396,期待以上の性能で大満足です。,4,2022-10-25 03:26:58
849,208,12,もう少し安ければ完璧です。,2,2023-07-10 09:35:35
850,175,119,残念ながら期待はずれでした。,2,2022-08-12 07:31:12
851,187,69,残念ながら期待はずれでした。,2,2022-11-08 00:18:55
852,135,375,使い方が難しいです。,3,2022-03-11 09:31:24
853,125,346,もう少し安ければ完璧です。,1,2021-04-28 01:12:07
854,191,57,色が写真と異なりました。,1,2023-09-16 10:16:52
855,36,257,使い心地が良いです。,5,2022-10-07 06:53:10
856,293,100,期待以上の性能で大満足です。,4,2023-01-04 01:08:00
857,21,22,素晴らしい製品でした！,5,2023-10-11 16:21:24
858,13,42,使い心地が良いです。,4,2022-07-08 02:53:16
859,262,65,残念ながら期待はずれでした。,3,2021-10-20 05:44:49
860,289,24,デザインが美しく、機能的です。,5,2021-04-26 23:36:30
861,248,451,配送が遅れましたが、製品自体は良好です。,1,2023-03-31 18:30:59
862,275,353,期待以上の性能で大満足です。,4,2022-01-22 05:43:37
863,148,377,色が写真と異なりました。,3,2022-01-03 17:08:15
864,155,375,価格に見合う価値があります。,5,2022-01-29 23:57:12
865,179,317,色が写真と異なりました。,2,2021-04-28 13:32:08
866,168,36,使い心地が良いです。,4,2023-07-07 14:47:31
867,245,98,価格に見合う価値があります。,5,2023-12-22 04:35:36
868,287,24,色が写真と異なりました。,3,2023-09-15 15:16:02
869,167,355,使い方が難しいです。,2,2022-09-22 09:45:55
870,96,92,もう少し安ければ完璧です。,1,2022-12-01 23:43:23
871,158,283,使い心地が良いです。,5,2021-03-23 00:58:36
872,144,176,配送が遅れましたが、製品自体は良好です。,3,2022-11-12 22:36:31
873,60,142,価格に見合う価値があります。,5,2023-06-10 01:23:40
874,136,119,残念ながら期待はずれでした。,2,2021-05-16 22:14:05
875,224,331,もう少し安ければ完璧です。,2,2021-10-26 19:06:17
876,27,463,配送が遅れましたが、製品自体は良好です。,3,2023-07-03 17:59:08
877,225,118,デザインが美しく、機能的です。,5,2022-09-02 14:16:30
878,35,246,素晴らしい製品でした！,4,2022-03-25 02:15:27
879,3,39,デザインが美しく、機能的です。,4,2021-10-24 19:22:04
880,11,442,使い方が難しいです。,2,2021-07-19 21:46:08
881,288,254,素晴らしい製品でした！,4,2022-03-18 05:36:41
882,257,265,使い方が難しいです。,3,2021-01-10 10:09:23
883,272,435,配送が遅れましたが、製品自体は良好です。,3,2022-10-07 00:14:32
884,282,68,使い心地が良いです。,4,2021-05-07 18:27:05
885,236,379,配送が遅れましたが、製品自体は良好です。,2,2021-07-29 12:22:39
886,195,380,デザインが美しく、機能的です。,4,2021-04-24 14:53:36
887,191,407,使い心地が良いです。,4,2021-09-28 11:04:21
888,225,311,配送が遅れましたが、製品自体は良好です。,1,2022-12-02 07:37:50
889,153,179,色が写真と異なりました。,3,2021-11-02 06:58:54
890,184,34,配送が遅れましたが、製品自体は良好です。,2,2023-02-05 15:11:08
891,86,498,もう少し安ければ完璧です。,3,2021-01-08 02:30:55
892,154,355,デザインが美しく、機能的です。,4,2023-12-22 08:51:01
893,36,408,使い方が難しいです。,3,2023-03-20 16:46:38
894,49,465,価格に見合う価値があります。,4,2022-05-01 23:04:28
895,260,216,使い心地が良いです。,5,2021-02-12 10:13:54
896,41,354,デザインが美しく、機能的です。,5,2022-01-27 09:45:57
897,10,291,期待以上の性能で大満足です。,4,2022-07-30 18:49:47
898,71,234,色が写真と異なりました。,2,2021-02-24 14:56:53
899,109,10,色が写真と異なりました。,1,2021-03-16 10:49:08
900,258,171,もう少し安ければ完璧です。,3,2023-03-23 01:59:02
901,250,365,素晴らしい製品でした！,4,2021-04-18 06:00:41
902,196,430,残念ながら期待はずれでした。,3,2023-06-05 14:09:25
903,254,69,使い心地が良いです。,4,2021-11-26 05:17:48
904,30,219,使い方が難しいです。,3,2023-01-13 00:31:46
905,186,125,使い心地が良いです。,4,2021-12-07 12:49:40
906,200,14,色が写真と異なりました。,3,2021-09-15 13:02:23
907,147,271,使い心地が良いです。,4,2022-01-06 14:25:15
908,3,118,価格に見合う価値があります。,4,2022-09-24 20:02:30
909,170,60,期待以上の性能で大満足です。,5,2021-02-09 21:02:41
910,229,244,期待以上の性能で大満足です。,4,2021-07-25 03:56:44
911,287,17,価格に見合う価値があります。,4,2022-05-21 13:20:32
912,203,248,期待以上の性能で大満足です。,5,2023-10-20 01:54:20
913,131,196,もう少し安ければ完璧です。,3,2021-10-28 23:51:41
914,237,492,配送が遅れましたが、製品自体は良好です。,1,2022-10-02 03:07:55
915,49,81,配送が遅れましたが、製品自体は良好です。,1,2023-09-12 01:20:12
916,92,299,期待以上の性能で大満足です。,4,2023-03-05 03:06:08
917,19,446,残念ながら期待はずれでした。,3,2022-12-26 14:10:16
918,291,478,使い方が難しいです。,1,2023-04-01 13:49:54
919,132,151,色が写真と異なりました。,2,2022-01-24 01:35:52
920,69,483,色が写真と異なりました。,2,2022-02-15 01:41:50
921,45,243,もう少し安ければ完璧です。,2,2021-02-16 09:57:21
922,13,94,価格に見合う価値があります。,5,2021-02-15 16:05:15
923,227,233,配送が遅れましたが、製品自体は良好です。,3,2021-01-28 08:26:49
924,217,382,使い心地が良いです。,5,2021-02-01 07:49:56
925,74,232,使い心地が良いです。,5,2021-08-20 03:37:16
926,157,169,期待以上の性能で大満足です。,5,2022-07-23 19:08:18
927,216,411,配送が遅れましたが、製品自体は良好です。,2,2022-02-04 16:18:40
928,7,69,使い方が難しいです。,3,2022-12-02 11:13:43
929,231,390,期待以上の性能で大満足です。,5,2023-10-05 18:33:57
930,177,99,素晴らしい製品でした！,4,2023-11-26 19:46:35
931,40,376,配送が遅れましたが、製品自体は良好です。,1,2021-11-23 15:17:58
932,61,310,使い方が難しいです。,3,2022-11-24 05:17:36
933,278,230,期待以上の性能で大満足です。,5,2022-01-13 00:16:52
934,300,222,使い方が難しいです。,3,2021-05-21 20:45:48
935,209,242,もう少し安ければ完璧です。,1,2023-10-17 11:10:43
936,113,87,価格に見合う価値があります。,5,2023-09-10 00:32:19
937,141,92,配送が遅れましたが、製品自体は良好です。,3,2022-11-26 08:09:26
938,213,322,価格に見合う価値があります。,5,2023-11-16 20:08:51
939,208,430,残念ながら期待はずれでした。,2,2023-09-30 01:23:28
940,33,208,色が写真と異なりました。,2,2022-09-26 15:38:07
941,281,144,価格に見合う価値があります。,4,2021-01-07 00:59:33
942,18,361,もう少し安ければ完璧です。,1,2021-11-18 06:23:34
943,146,185,もう少し安ければ完璧です。,2,2022-11-04 21:40:17
944,172,299,素晴らしい製品でした！,4,2021-04-27 04:07:20
945,191,158,配送が遅れましたが、製品自体は良好です。,1,2023-12-15 11:49:01
946,33,219,デザインが美しく、機能的です。,5,2023-04-14 13:43:30
947,44,302,残念ながら期待はずれでした。,3,2023-03-07 13:41:08
948,280,244,配送が遅れましたが、製品自体は良好です。,3,2023-01-22 06:45:04
949,56,257,デザインが美しく、機能的です。,4,2023-02-01 11:09:47
950,222,444,価格に見合う価値があります。,4,2023-09-18 05:22:17
951,243,312,素晴らしい製品でした！,5,2022-01-19 06:11:55
952,250,190,配送が遅れましたが、製品自体は良好です。,2,2022-11-21 03:32:39
953,213,220,色が写真と異なりました。,2,2022-12-19 05:58:04
954,261,130,使い心地が良いです。,4,2021-08-18 04:18:31
955,281,250,素晴らしい製品でした！,4,2023-01-20 05:59:51
956,95,490,素晴らしい製品でした！,5,2023-04-06 02:45:00
957,197,334,色が写真と異なりました。,1,2023-11-11 10:08:36
958,59,202,色が写真と異なりました。,3,2021-01-06 22:36:10
959,164,57,もう少し安ければ完璧です。,3,2023-06-21 14:01:54
960,219,247,配送が遅れましたが、製品自体は良好です。,2,2022-02-19 02:47:25
961,268,48,デザインが美しく、機能的です。,4,2022-06-12 21:51:03
962,197,444,デザインが美しく、機能的です。,5,2022-12-02 05:48:23
963,88,241,色が写真と異なりました。,1,2021-12-17 20:06:43
964,145,56,価格に見合う価値があります。,5,2021-01-21 17:29:34
965,140,63,使い方が難しいです。,3,2021-06-24 15:08:07
966,51,131,デザインが美しく、機能的です。,4,2023-12-17 03:34:55
967,221,153,期待以上の性能で大満足です。,5,2021-02-17 08:43:15
968,171,312,使い心地が良いです。,4,2023-04-16 13:46:46
969,189,61,使い心地が良いです。,4,2022-01-15 14:59:37
970,127,234,色が写真と異なりました。,1,2023-04-28 18:56:47
971,69,27,価格に見合う価値があります。,5,2022-12-06 15:42:16
972,4,228,価格に見合う価値があります。,5,2021-12-07 00:45:53
973,86,387,デザインが美しく、機能的です。,5,2021-01-17 02:59:28
974,91,349,もう少し安ければ完璧です。,1,2023-07-14 01:19:41
975,68,392,残念ながら期待はずれでした。,1,2021-09-11 10:54:58
976,145,366,もう少し安ければ完璧です。,2,2022-12-23 01:13:55
977,251,315,残念ながら期待はずれでした。,3,2022-06-20 16:52:59
978,218,425,配送が遅れましたが、製品自体は良好です。,3,2023-07-29 01:25:07
979,199,394,素晴らしい製品でした！,5,2023-11-27 05:53:07
980,127,283,素晴らしい製品でした！,4,2023-05-16 15:32:09
981,146,320,色が写真と異なりました。,1,2022-03-01 19:49:52
982,255,202,もう少し安ければ完璧です。,1,2021-08-18 07:04:31
983,207,63,使い心地が良いです。,5,2023-02-04 09:40:52
984,183,1,期待以上の性能で大満足です。,5,2023-07-27 20:11:41
985,196,31,使い方が難しいです。,2,2023-06-26 08:14:16
986,87,161,素晴らしい製品でした！,4,2022-03-02 19:38:49
987,137,28,デザインが美しく、機能的です。,4,2022-10-23 01:55:33
988,11,379,もう少し安ければ完璧です。,3,2023-12-02 10:01:20
989,137,120,もう少し安ければ完璧です。,2,2023-09-28 21:48:19
990,238,288,色が写真と異なりました。,3,2022-08-25 20:28:20
991,24,356,素晴らしい製品でした！,4,2023-02-09 21:42:17
992,121,34,色が写真と異なりました。,2,2021-03-15 09:50:44
993,109,428,色が写真と異なりました。,1,2022-08-29 06:25:06
994,210,296,もう少し安ければ完璧です。,1,2022-08-21 18:45:21
995,96,380,価格に見合う価値があります。,5,2023-11-30 13:43:18
996,249,321,使い方が難しいです。,1,2023-03-07 09:58:27
997,147,376,もう少し安ければ完璧です。,3,2022-04-22 06:52:57
998,249,57,残念ながら期待はずれでした。,2,2021-11-22 17:24:35
999,216,210,使い心地が良いです。,5,2023-08-09 15:00:48
1000,101,129,価格に見合う価値があります。,5,2022-12-20 01:07:16
