order_id,product_id,order_quantity
970,181,2
2791,281,3
959,218,1
635,262,6
103,146,8
2816,289,6
318,233,8
843,178,3
2553,286,1
1300,228,5
2651,255,9
2548,135,3
1439,13,2
764,79,7
88,217,2
964,207,5
1529,287,2
963,29,9
2226,48,2
2994,283,7
504,54,7
1824,229,3
1041,237,9
686,224,2
564,102,2
300,69,8
2458,27,6
761,297,9
397,33,7
305,223,5
1369,288,3
2613,220,2
614,66,7
1842,1,4
1332,92,4
1061,124,2
2680,160,8
1928,235,6
641,216,2
1651,60,2
2819,83,9
21,80,3
1349,147,5
2645,217,1
2310,128,2
1136,72,1
156,71,8
267,25,1
2614,8,5
2233,41,1
2729,93,6
1367,39,8
2380,153,5
1556,13,4
510,279,7
850,211,4
2632,13,4
73,182,7
525,105,4
198,247,7
210,183,2
2010,125,5
2172,56,4
1034,43,5
2594,56,5
2412,287,6
1956,276,2
988,294,3
1299,266,6
1695,142,7
2611,113,5
1982,259,9
1674,107,1
1143,215,5
2931,50,4
847,265,3
2554,134,3
2892,267,4
1396,17,5
2424,83,3
1256,219,6
353,14,8
1158,165,8
980,199,8
1195,105,3
2099,9,3
127,46,1
1207,182,8
1024,83,7
1856,131,9
185,224,5
1744,195,4
730,91,9
1855,207,8
2626,8,8
393,26,1
1928,275,6
2576,145,2
426,26,4
1348,107,8
2792,172,5
1352,151,5
1718,278,6
2702,170,9
2643,232,1
424,245,3
2556,5,4
686,228,8
2810,51,5
2829,253,8
594,80,9
2706,63,8
2047,291,8
2411,149,5
603,133,1
2291,167,6
1160,158,4
1299,39,5
1768,210,2
640,220,9
567,285,5
1997,120,7
2326,219,3
681,70,1
2314,64,1
2788,45,5
2708,231,9
984,240,6
1017,283,6
1932,197,8
492,268,2
2796,126,8
1000,193,5
174,157,4
28,114,6
2235,123,8
2449,147,4
584,181,1
403,245,6
1999,103,2
823,50,9
2585,62,4
2534,246,5
2849,37,4
21,151,3
1033,282,3
1220,235,9
1684,59,4
2385,255,3
1277,17,3
1705,192,5
1902,288,8
799,297,2
1453,259,6
17,277,7
1579,195,9
2933,66,4
2106,115,3
1940,98,1
2502,205,7
1011,114,5
1313,66,5
865,9,4
2706,179,7
1395,290,2
534,56,6
326,81,6
603,127,7
942,186,1
2059,159,9
133,242,8
1511,154,7
495,210,3
1050,33,3
2719,197,4
2408,168,3
1319,295,6
978,137,8
1981,241,8
772,191,4
2715,129,4
2505,120,9
2461,94,7
207,137,8
379,68,2
1314,237,8
2121,99,8
1131,42,3
934,18,8
702,200,6
1537,165,8
1258,258,6
53,15,5
2240,64,2
345,94,1
1056,3,2
95,273,8
2029,195,1
2414,40,8
2462,162,1
1856,135,3
872,150,8
1570,240,9
906,3,4
716,287,4
745,216,6
1403,60,9
2582,220,7
139,139,5
1776,22,4
2804,116,7
1611,230,9
2263,181,4
1609,219,3
1499,35,1
709,183,2
1702,40,3
1986,107,2
245,134,3
2576,59,1
382,54,8
2635,282,4
95,226,8
1669,82,4
1745,89,6
2127,125,4
2993,88,4
2823,26,5
1853,274,4
1696,43,2
1408,46,6
1181,195,4
2357,181,9
2656,61,6
588,93,6
342,225,5
1940,7,9
2877,44,3
1821,222,7
1344,138,3
2344,137,9
2599,12,6
904,242,9
1085,131,5
2975,88,1
2989,152,6
778,239,2
881,55,4
2230,174,5
174,38,5
2666,87,2
276,197,7
2441,79,3
1331,142,4
33,274,6
611,76,3
1525,94,7
2914,127,1
545,158,8
136,188,3
2642,291,2
1151,121,3
2113,19,5
2616,98,3
732,220,7
581,47,2
892,88,5
2951,212,5
2741,78,8
354,252,1
2807,173,7
200,58,7
669,251,5
1313,129,5
707,88,2
2653,204,6
2048,67,2
1646,243,9
458,229,4
799,220,2
799,273,6
1449,297,7
2536,157,9
2950,70,4
2164,23,3
2547,86,8
2933,160,7
2980,185,8
1177,272,5
1395,216,3
1753,70,8
1382,299,7
1068,260,2
1855,256,9
2715,80,5
1685,33,3
1254,213,7
749,55,4
720,28,2
1502,203,3
326,48,1
2670,252,1
2092,21,9
2766,68,9
418,168,7
2179,115,5
1575,115,9
612,173,7
2810,29,8
869,257,8
2781,112,3
1802,244,5
1206,135,7
2471,83,3
441,83,5
659,51,9
208,116,6
171,233,5
343,139,1
2055,23,9
2397,108,7
2103,125,4
2191,167,1
1454,272,9
486,271,4
1379,116,1
1605,13,6
385,25,1
476,139,9
866,144,5
906,75,7
2217,219,1
915,142,2
155,45,2
2354,150,6
383,143,9
336,34,2
278,76,3
2621,41,1
1119,46,3
2966,2,1
2143,281,8
620,44,9
2464,24,3
2125,137,5
531,285,9
953,121,5
1314,182,3
1886,168,9
2540,173,6
2829,181,6
531,268,9
1610,108,3
2966,144,9
317,287,2
1779,120,8
1859,59,5
1247,287,8
1934,187,7
1383,123,1
1095,79,3
406,295,6
2175,113,2
2472,107,6
998,82,5
2394,29,4
1087,185,1
582,284,2
2985,216,6
2127,268,3
1918,48,7
1257,6,2
1883,34,8
1120,149,5
1052,87,4
1859,111,8
69,70,8
1774,38,1
1062,236,1
1016,85,8
2771,200,9
2286,113,6
333,33,3
1049,67,8
1716,223,5
1704,119,2
1581,201,9
2187,71,7
2040,136,1
2252,97,9
2487,33,9
2440,146,9
276,286,5
1910,13,2
638,103,2
2646,46,5
847,117,9
1990,11,2
1568,3,3
2766,284,1
263,178,4
972,7,4
534,138,3
1556,86,4
2278,287,2
889,29,3
2745,269,5
1408,146,1
2522,294,1
7,162,3
1611,232,5
82,163,8
656,244,5
2748,20,7
2225,183,8
2356,278,3
222,52,5
1200,68,9
1919,135,5
2341,33,1
964,149,5
512,222,2
2364,108,5
1582,252,1
355,149,3
1850,55,3
1386,103,1
2063,22,1
2677,240,3
1727,209,8
1230,233,9
2890,234,8
1738,162,8
2625,202,4
1161,293,9
1068,12,8
956,227,4
12,76,2
2847,173,6
2264,246,7
2436,261,3
655,85,5
490,40,2
1349,278,7
2275,45,8
1372,12,6
2847,152,7
653,40,3
369,294,9
772,288,9
694,299,3
1346,211,7
986,24,7
1692,96,7
891,149,8
241,148,6
370,193,5
1232,117,9
2512,222,9
750,136,1
1165,285,4
492,243,5
2496,206,8
1027,254,7
1000,29,5
1014,245,5
2537,109,9
1085,82,8
842,33,1
945,245,6
157,167,8
2374,225,4
1706,269,2
809,283,3
1779,107,8
2395,31,8
2664,120,1
601,163,5
934,256,5
263,15,2
2772,81,1
2690,84,1
1709,228,8
2535,281,9
2342,30,9
2087,227,1
2797,120,7
1365,146,9
922,69,7
1506,108,6
2048,205,4
1137,293,9
279,283,6
2631,109,8
355,162,3
781,36,3
2945,1,9
2607,34,6
2619,278,4
1603,131,1
2835,50,2
1191,206,3
884,72,7
109,221,7
1844,285,2
2810,83,1
964,202,7
32,82,6
888,108,8
523,131,6
1358,42,9
149,143,5
2897,132,9
438,142,3
1021,92,6
1242,269,6
19,290,4
681,209,8
125,229,6
2569,51,4
2443,213,2
450,157,7
1846,285,2
2902,139,8
1757,77,4
2464,120,6
1313,121,2
2246,140,8
1436,287,4
2974,64,1
2265,88,3
2795,7,6
1549,89,1
1119,206,7
2141,231,2
1859,3,1
257,289,9
1893,281,6
2443,33,2
1452,32,6
777,273,7
2135,5,5
1620,62,9
1882,65,6
890,122,1
912,105,1
516,53,5
2198,200,9
1080,141,5
2624,270,9
854,237,8
1459,232,4
1767,100,3
1292,56,9
87,8,6
1900,80,3
1661,2,9
9,299,9
2892,31,7
120,150,6
2756,270,4
1561,115,1
491,223,1
2509,104,7
2446,9,7
320,120,6
1759,41,4
2990,122,3
153,160,6
1793,136,8
1860,194,1
236,11,9
2059,272,3
2194,199,8
1628,49,9
1191,134,9
527,175,6
1287,56,9
2144,37,5
1817,156,1
306,103,9
190,177,7
1211,23,7
2139,106,4
2860,185,1
746,64,9
2727,71,8
1208,89,2
2498,39,3
2944,225,2
2916,52,5
1476,176,4
550,218,6
2084,2,5
2627,285,1
1026,213,5
2784,44,4
424,98,2
2494,164,7
484,124,6
23,171,7
1759,22,3
2118,176,7
649,200,5
374,136,2
1629,148,2
293,130,6
793,150,1
516,159,3
2182,249,8
1557,95,3
27,120,6
1932,89,2
1760,168,6
1461,142,5
429,249,1
119,289,3
1943,114,1
2171,138,3
1514,38,6
2099,138,2
507,36,3
879,129,1
1452,68,9
2667,118,6
2997,98,4
711,243,8
1004,95,8
427,259,8
1087,55,5
1132,210,6
2100,100,9
1983,92,6
1376,132,2
1071,241,6
526,298,5
915,57,9
992,146,3
1613,122,4
101,187,3
738,172,2
1916,195,7
578,240,2
178,203,1
2173,168,6
1763,258,2
779,272,1
242,277,8
1808,143,9
2562,295,1
1299,149,7
2806,122,4
1193,75,7
1783,135,1
929,294,3
414,298,7
2386,223,5
105,201,4
951,91,2
2148,209,6
1930,10,8
2748,219,8
1885,38,2
1039,106,2
534,42,2
1802,153,7
1314,175,9
1325,218,5
2361,109,8
2057,211,9
1175,118,7
380,37,6
1768,119,9
2312,100,1
1855,286,2
673,232,1
2209,155,7
2083,123,2
2063,251,6
2665,58,2
632,295,9
2442,176,3
95,195,3
2808,60,4
2183,236,3
1242,95,3
2146,200,4
2241,43,2
1897,109,8
14,22,1
2998,127,6
575,233,1
1594,181,8
1988,24,1
637,19,5
2386,132,4
2578,49,9
1892,166,1
2902,184,7
1484,63,8
7,124,6
2776,131,9
2392,187,9
1316,211,5
1184,271,7
1216,275,2
1443,231,4
2087,165,8
610,189,2
1112,290,8
2157,62,2
1475,250,2
1941,190,4
2582,96,5
2149,272,3
1567,223,8
1469,154,2
2305,74,6
2469,87,1
685,127,9
109,235,5
212,139,5
2569,261,7
960,43,8
154,132,5
2004,242,2
1250,84,8
2821,31,2
1303,135,7
945,223,9
399,23,2
1548,41,4
2856,73,2
688,186,5
2946,7,3
2851,224,4
2544,9,3
2748,132,1
2602,233,6
2510,268,1
2241,83,9
2382,181,6
18,6,5
454,263,3
2236,82,3
1546,127,2
1727,141,4
457,168,8
1552,2,5
1090,232,2
1239,55,6
2858,148,2
1472,276,2
2315,226,3
1785,231,2
2279,275,7
1358,79,7
1859,82,4
58,41,7
2689,214,9
1856,284,1
2140,27,3
472,266,8
1807,149,8
1790,160,3
1457,165,9
2386,163,3
534,180,3
975,195,3
602,113,9
2701,163,9
2608,78,7
2261,25,4
2112,238,4
290,160,9
1398,33,6
1905,115,8
1468,32,4
774,21,4
1415,187,1
1804,118,3
1861,254,8
1634,292,9
2875,286,8
1809,263,9
1698,191,2
568,175,9
1314,241,5
549,285,9
957,165,8
2865,264,7
1742,16,9
1071,144,2
2023,177,4
2756,31,1
610,115,2
1911,202,1
1033,215,1
128,158,2
1375,248,1
522,137,3
1049,84,9
381,174,8
1413,189,5
1192,251,4
2744,162,6
588,278,3
2192,230,1
296,70,3
1878,252,5
2265,292,6
252,216,7
423,45,9
2130,40,5
1690,104,1
780,233,5
2964,103,9
551,232,2
1782,23,9
1749,43,4
2410,154,6
284,189,3
2133,13,8
1431,19,7
2853,48,1
2856,256,3
345,9,3
76,264,2
1274,277,9
1083,169,5
2783,200,7
1682,162,1
1035,164,1
1349,66,4
2299,31,7
2128,84,5
1144,211,2
1419,197,3
1158,133,3
785,179,2
1726,299,7
800,120,2
487,172,8
1094,57,1
888,194,7
553,251,3
1113,234,5
1989,240,4
1385,234,4
1338,20,9
897,73,5
374,58,7
2504,141,3
42,195,2
2997,138,7
2319,46,5
219,102,2
2243,165,8
199,25,8
1221,207,6
2289,78,1
1400,1,9
881,31,9
1355,53,1
2437,178,8
1298,191,5
1855,223,6
912,192,3
1216,27,4
1270,286,9
1619,55,4
1262,29,4
1842,53,5
1248,224,1
326,95,1
213,270,9
988,91,9
1754,109,8
264,255,2
688,92,3
1237,50,7
2446,29,1
2653,181,7
2862,138,5
835,58,5
140,276,7
2720,123,7
411,48,9
914,8,8
2062,64,8
2706,239,2
2811,44,2
583,32,6
2574,279,9
2473,100,4
1064,118,9
1497,45,3
1718,203,2
315,89,2
2573,300,5
2806,140,3
2314,33,4
1390,197,8
950,127,8
2014,79,2
420,266,4
2943,216,3
1727,184,7
758,77,7
714,75,3
1123,66,9
1256,297,6
2297,112,3
2625,74,2
1102,300,4
2654,173,5
1942,240,3
621,196,9
1444,283,7
2721,100,3
615,158,2
1510,181,2
1784,25,3
2213,4,3
2750,141,2
106,149,8
525,153,2
2943,35,4
824,150,6
2657,241,5
1261,79,5
1689,296,4
227,24,6
320,16,6
2924,204,5
1218,47,3
142,130,3
2727,14,1
1935,167,3
444,211,6
2104,276,5
2507,247,5
227,103,5
1133,147,4
202,70,7
2791,156,4
2951,97,6
2844,84,4
822,135,9
1576,198,2
2549,33,2
8,33,5
540,268,1
1925,239,2
805,230,8
860,122,4
1706,299,4
140,72,6
102,141,7
2153,19,6
982,7,5
308,101,6
1275,161,4
2946,213,7
2638,70,2
2513,119,7
1145,295,9
841,207,2
1803,5,8
2161,300,7
567,215,7
982,288,7
938,251,4
2366,127,1
371,89,5
1061,135,4
1534,234,3
589,199,2
2555,109,3
2716,143,8
2620,131,8
1511,60,7
2635,142,5
257,74,2
1950,49,2
1927,208,3
637,131,4
1308,127,1
1638,191,2
2673,242,5
427,297,6
1419,171,7
2554,245,8
1592,270,3
1220,261,1
1234,186,3
1916,18,5
2294,123,7
1015,66,3
1030,103,2
2145,1,9
2185,141,8
365,194,8
1540,3,2
1608,107,9
1861,103,2
2607,68,3
2485,279,9
458,114,6
970,106,9
157,235,3
371,295,4
1319,244,5
1992,149,4
811,27,6
1842,164,4
1525,280,8
277,222,5
2338,224,7
2199,107,8
1300,260,6
1241,138,6
1517,104,6
1476,90,7
1384,108,7
1562,15,2
313,292,6
871,29,2
1628,236,7
1139,111,1
176,228,8
1831,32,2
1751,117,6
17,30,9
2119,27,7
1548,226,7
1802,148,7
1719,143,5
1612,279,8
2499,105,2
2796,165,7
284,241,1
196,90,5
2898,116,2
2082,66,1
1201,32,9
2640,148,2
2484,238,9
2459,278,5
2829,199,1
1405,119,8
1105,268,7
27,146,3
494,108,5
2285,180,6
828,160,2
654,118,9
2461,23,2
2574,43,3
481,255,9
2346,22,8
1293,40,2
666,71,7
1949,214,4
1565,159,3
1924,130,1
1295,98,6
2265,300,5
917,224,9
18,142,6
2924,119,7
2022,47,4
662,74,2
2658,193,6
111,256,4
949,172,8
2715,172,7
479,271,6
1598,88,2
2346,285,5
1241,180,3
1327,133,5
281,168,6
1680,272,8
2957,135,9
2073,283,4
2971,8,8
2039,41,4
1599,108,4
928,286,6
1531,177,8
2512,238,7
2268,107,8
1467,158,5
2670,75,4
1537,54,1
1856,124,5
2177,153,4
2797,90,2
1254,14,1
2003,7,2
2164,285,5
2990,204,7
1807,46,4
2488,237,1
2231,33,9
650,241,4
458,240,1
705,82,7
1266,188,5
2393,99,1
259,135,2
203,73,7
40,12,3
1976,21,2
2038,62,7
165,151,1
15,68,5
396,52,2
378,190,1
1751,249,4
2080,65,4
700,273,9
2981,25,5
753,13,9
159,65,8
2322,241,7
822,4,5
1324,253,7
1262,115,3
1386,227,8
694,291,6
2361,277,1
2051,93,3
2872,92,7
1779,299,9
795,82,2
6,90,2
2748,222,6
297,164,1
2287,44,5
1594,103,9
1667,182,2
828,110,9
2364,243,7
337,78,7
2711,43,1
1080,245,1
304,215,5
2924,82,6
787,28,4
1907,13,8
998,68,8
2125,170,9
1552,130,6
1833,151,3
2034,221,5
2503,207,3
2365,197,4
2154,19,8
252,14,8
2073,184,7
1836,77,4
2956,54,9
2843,89,9
1869,174,6
881,54,6
2389,88,3
1442,185,6
1568,17,4
2714,171,6
1724,157,4
29,192,2
1144,146,4
1174,272,3
277,245,6
10,83,1
840,25,2
2851,172,5
1988,142,5
282,6,6
2204,100,4
791,107,8
643,252,9
1257,81,8
2074,82,9
1429,172,1
32,242,1
525,47,5
2404,170,4
1650,234,4
21,140,8
2590,284,8
1196,71,6
2879,246,8
2019,295,9
2788,99,4
2730,272,5
1198,125,1
1094,167,8
1398,133,7
1288,167,8
1947,32,9
204,295,9
939,31,2
635,245,9
2357,58,7
2868,74,3
905,265,2
2844,55,2
2510,282,8
2721,228,7
1780,156,7
78,163,5
2378,195,5
2819,16,7
1746,70,8
1407,193,7
1954,292,4
100,229,2
2050,85,8
756,93,8
2327,181,3
2726,74,1
2972,247,7
1838,94,3
536,188,7
2166,194,8
220,253,7
2865,244,9
778,99,5
172,164,4
2546,40,2
39,7,4
2307,111,7
537,256,1
2967,21,7
443,63,4
607,225,6
397,147,4
997,153,5
1266,24,2
1830,10,7
2712,60,7
2623,50,5
2210,2,8
702,279,5
1097,30,6
1456,148,8
1048,81,4
419,165,7
346,222,9
344,135,4
1335,106,8
2116,19,7
2631,46,2
889,260,3
2574,212,9
2923,167,6
2711,293,5
2366,10,3
965,253,4
1212,21,4
144,233,1
709,263,3
1467,99,6
99,103,6
226,244,6
303,182,5
620,163,1
2620,284,4
630,48,9
2898,151,9
951,95,9
2723,207,7
327,121,3
2120,57,8
352,79,6
2140,33,2
778,157,4
1089,122,7
405,205,8
510,121,1
2400,27,8
279,101,9
1353,216,9
569,158,3
512,84,6
2254,193,9
2242,186,2
1962,202,3
527,82,8
1392,118,4
2897,6,7
2112,41,2
1124,178,3
1673,140,8
154,296,6
220,19,2
2413,11,4
1819,242,8
573,182,1
1268,148,6
2281,137,9
1106,87,2
2115,205,4
1700,286,8
2901,181,5
225,136,6
1688,115,1
1014,249,9
2097,31,3
1844,245,7
2463,101,3
1597,106,3
2472,12,9
2462,146,7
825,129,9
341,210,5
748,97,9
794,165,2
1138,129,5
1023,77,8
2724,244,6
25,50,7
2289,186,8
1749,291,5
1902,248,3
1779,220,4
1016,259,1
2283,277,5
1213,292,9
1738,207,7
2602,62,7
595,243,5
2496,69,8
1430,230,5
1823,27,2
700,198,3
686,175,1
163,209,3
1050,212,2
1988,96,1
2986,3,4
570,104,2
1408,265,9
252,20,1
2267,84,4
886,268,2
2412,3,6
989,46,9
2568,240,3
2468,4,2
2837,219,1
33,126,4
47,217,1
2903,66,9
2722,254,7
550,8,1
2458,147,9
2343,79,3
447,236,2
2321,124,9
824,232,6
2757,38,4
546,181,3
2065,211,8
807,287,9
1750,233,7
1555,3,8
1313,130,5
837,188,6
943,82,1
389,231,9
38,159,4
1616,166,2
2730,98,1
767,274,7
509,96,7
2939,77,6
739,45,5
406,143,2
777,172,3
52,184,1
2207,152,1
655,123,2
2572,46,4
2877,293,4
1802,57,1
1398,59,2
952,107,9
2983,61,3
2831,262,7
484,299,8
2468,207,2
2546,100,5
1768,220,7
1809,276,4
1096,82,6
1256,49,1
716,128,3
208,146,9
1401,178,1
1821,46,8
1438,82,4
1275,10,8
1865,53,1
2237,101,7
25,4,6
2422,222,2
2135,163,5
1203,262,4
2749,233,6
632,287,5
1899,261,3
2145,210,5
2938,258,5
2609,82,9
2539,82,4
643,272,1
172,1,6
292,272,9
2279,62,6
1518,173,2
2177,295,2
2418,187,8
1006,254,6
81,139,3
11,1,9
2156,119,2
295,14,3
2302,190,5
446,152,2
1635,46,9
1459,87,3
2572,225,5
1632,63,3
113,91,6
2503,98,6
1071,245,8
724,40,3
772,41,2
559,295,6
1336,79,5
1282,120,7
1493,96,1
1950,246,1
1589,299,6
69,97,7
2850,250,4
281,115,5
1002,276,6
1908,58,4
2810,188,4
2954,143,4
1344,198,2
2763,121,1
2539,155,1
556,133,4
2461,38,1
1812,50,5
2381,113,6
1751,269,9
2554,262,3
2896,165,9
921,40,8
1201,141,5
2894,193,3
1139,36,8
911,217,5
978,163,4
2968,168,6
725,266,3
2332,277,4
807,72,5
288,125,2
175,223,6
289,42,3
2858,23,1
2647,67,4
2592,22,1
452,245,5
467,273,8
1599,156,1
1767,159,1
2554,74,3
2448,144,7
1732,17,7
1365,100,9
2173,74,8
716,267,4
2575,70,5
553,291,4
371,140,3
738,294,4
2057,281,8
2614,1,4
2859,108,7
2071,39,9
1613,74,8
2473,271,6
282,69,8
2928,143,8
2027,100,8
2168,71,4
2515,122,1
1985,143,8
547,44,3
2142,262,9
2718,154,1
1756,169,1
2430,248,9
2580,134,4
2765,161,7
2353,189,6
2448,75,8
2232,150,6
1143,170,7
45,112,8
2292,279,1
845,177,1
204,242,6
2673,278,9
1113,199,1
797,269,3
1356,298,8
854,231,5
735,107,6
2605,103,8
2886,230,3
1934,238,3
2174,140,4
2481,298,9
1072,155,1
247,149,7
1658,194,2
315,179,4
2315,72,4
1693,247,4
1633,252,2
2749,220,9
907,253,6
2180,292,4
2364,123,3
594,139,4
1054,66,5
789,58,5
2225,110,2
1234,202,5
1692,263,1
2704,268,7
891,259,3
808,70,9
580,82,6
2951,289,2
2931,119,4
1297,259,1
2803,187,8
151,240,1
2450,22,2
2535,208,7
1372,254,5
2354,20,9
872,280,8
1549,82,1
460,224,7
113,228,7
2578,9,7
1176,235,3
450,57,9
2329,4,4
2517,24,9
2232,57,8
2201,41,5
2188,255,4
864,54,7
2020,192,5
2428,70,2
652,205,1
2243,157,8
1246,286,3
2667,120,6
1679,133,3
2164,213,9
909,193,1
1631,129,6
2378,282,6
14,17,3
2555,124,3
850,240,3
2852,179,3
530,6,9
887,128,3
1082,92,9
2378,227,6
772,63,9
2387,252,1
2367,274,3
2866,124,7
1491,231,1
113,230,7
645,287,2
795,50,5
628,155,1
1790,251,1
1361,3,3
399,157,2
123,237,8
1346,37,5
894,40,9
1769,42,7
2088,192,3
1915,10,6
628,193,7
586,175,2
700,226,3
265,124,5
1839,132,4
1229,44,1
501,40,3
784,174,7
1740,96,4
763,14,6
2204,58,7
716,45,5
1288,274,4
1160,114,4
2813,250,9
120,79,9
1897,265,3
723,114,8
583,113,7
2914,166,5
534,257,5
1477,25,6
1613,64,7
1620,217,4
1475,77,9
751,289,3
965,168,5
2334,175,4
1125,212,9
1784,91,3
2924,290,7
61,17,1
2386,235,7
2036,148,1
1632,24,2
1297,158,4
2942,58,1
1149,137,2
2380,100,3
1910,151,1
1360,155,6
2069,24,7
367,249,9
2498,144,6
1388,23,9
38,25,7
2907,242,9
2377,181,7
87,18,1
587,219,7
2808,171,6
1035,1,3
399,44,5
1799,298,7
2563,49,2
59,121,5
1436,194,9
2529,262,4
439,168,3
2485,115,7
706,156,8
2127,181,5
970,114,7
178,91,2
677,268,8
1103,234,2
517,134,6
1798,22,2
1983,285,5
1329,40,2
512,222,7
2626,227,1
1735,192,5
1892,200,3
1373,232,4
46,146,7
1605,44,1
1645,22,9
2495,195,1
298,128,6
1234,230,9
2784,196,4
2397,10,6
1880,94,5
2930,294,3
1833,116,2
1501,115,7
1950,215,8
962,176,9
2501,41,6
2474,82,4
2893,94,5
1776,198,8
263,195,6
1067,37,6
910,226,7
687,178,9
1096,21,1
2332,68,8
351,274,2
2940,165,6
309,267,2
2919,288,8
191,99,8
967,213,1
1270,198,8
1989,265,9
2340,246,6
1403,118,6
2854,93,9
288,139,1
936,201,6
959,227,9
445,71,7
2821,283,7
825,247,8
1261,92,7
528,264,4
1707,139,2
797,197,8
2188,151,5
2746,258,3
2837,250,6
2950,77,5
1488,229,2
1776,222,9
25,124,1
1297,286,1
848,198,1
1051,3,8
2554,124,6
2119,140,8
1905,21,4
2481,277,3
1847,288,4
1092,111,7
2642,231,2
76,216,4
448,239,8
2797,226,2
1350,161,3
2659,14,3
2654,45,8
213,247,9
343,157,2
1227,265,2
403,95,9
2902,133,3
857,274,7
2064,89,6
1827,209,1
2818,277,4
1192,69,8
1852,118,8
901,127,6
1931,246,4
370,84,7
2255,55,1
662,146,1
2270,84,2
197,76,3
791,56,5
2851,281,9
1552,36,7
284,70,8
1452,166,9
2891,233,7
530,229,4
1909,51,8
234,300,1
2069,292,7
807,101,2
2491,199,9
920,284,1
2000,210,6
2418,238,5
173,127,1
1560,40,3
492,147,2
1335,66,4
2505,185,7
1842,128,6
125,170,3
1731,248,3
324,1,3
2198,51,2
930,204,3
52,230,4
1001,4,7
1609,44,3
1146,87,7
2757,131,4
1227,269,6
492,168,4
1703,233,7
2291,152,3
211,186,7
1389,71,2
2703,10,6
2250,97,7
2508,25,5
605,261,6
2352,184,8
1359,288,4
2354,272,3
2769,251,3
740,72,9
2565,129,9
1476,183,9
2373,226,1
2663,47,6
1373,146,2
2452,61,2
2249,289,2
259,87,2
130,144,6
951,226,9
2654,25,1
240,56,4
1350,15,6
685,9,1
121,57,6
1400,259,1
290,2,4
590,290,3
1908,202,3
2893,207,1
1712,288,3
488,86,5
876,93,7
2491,241,3
1724,279,1
2403,42,5
1201,270,4
2841,45,9
958,44,7
2032,183,5
2654,154,3
701,241,8
1097,39,7
1120,8,1
340,224,4
93,280,5
2956,245,4
1137,133,3
1605,209,6
23,113,6
2779,103,1
1843,248,7
2247,280,7
754,228,2
2614,5,6
604,118,3
1852,42,3
1715,192,8
1752,253,9
100,179,7
2095,281,1
2525,268,6
1593,208,3
1763,144,4
1372,211,3
2776,220,4
1529,71,1
1438,295,5
2907,144,7
1119,183,6
309,138,4
2301,33,3
2613,23,7
594,182,5
333,10,4
1124,108,7
2216,166,6
910,51,7
697,199,9
1425,147,3
1015,168,5
1423,241,1
346,178,9
889,1,5
2269,27,9
2657,195,9
2545,4,3
2905,256,8
1529,116,3
1576,119,9
2469,120,2
2733,289,1
2849,169,3
2789,295,8
109,298,4
1782,53,7
2976,69,7
548,156,5
1206,192,1
1049,117,7
45,75,1
1449,82,2
844,200,3
2727,46,9
435,238,8
2107,38,1
82,170,9
742,294,7
701,18,3
2995,135,8
329,199,5
1360,129,3
1948,153,6
247,231,1
2049,282,9
399,77,3
2814,116,4
194,196,9
996,142,9
2750,83,1
890,276,8
2215,291,1
2442,9,2
1325,63,3
1965,208,3
2156,214,5
1139,39,4
218,195,7
1110,208,1
767,74,9
560,163,7
323,89,6
2258,39,1
1740,87,2
1010,56,1
1681,180,5
1342,149,9
31,68,5
1191,56,3
386,150,6
150,150,3
1785,159,4
2034,144,7
304,226,6
2643,221,8
2841,212,1
1793,173,2
2674,107,1
2498,267,5
972,22,9
2216,247,1
1106,84,1
2688,258,8
524,219,1
2974,8,7
2576,29,8
2167,143,6
1216,285,8
2548,146,3
204,153,5
1194,92,9
464,151,8
15,188,9
1850,296,1
1650,250,3
2644,122,9
983,136,1
1312,18,2
1956,24,4
572,119,5
1399,214,3
1876,262,2
2696,158,5
1790,102,2
724,71,7
727,46,9
1633,180,1
2976,228,8
1909,78,2
300,276,9
256,292,1
2107,7,4
737,16,3
2747,284,4
932,241,5
1450,150,8
2014,297,7
370,98,1
1059,22,2
785,140,2
601,112,7
1041,215,7
746,13,7
859,157,7
2892,217,8
1183,230,3
704,59,7
393,144,8
500,193,5
1290,159,1
1312,79,3
2445,208,9
2088,10,5
1892,69,6
375,138,1
872,76,8
685,234,1
2649,250,6
479,13,9
735,106,8
6,159,8
2158,202,1
898,134,2
1015,61,6
2343,45,4
269,4,4
2975,300,7
2507,300,5
2376,100,9
1215,184,2
2450,212,3
983,145,3
1573,246,8
2318,224,2
2239,124,4
898,124,6
1835,267,7
2953,124,6
1650,191,7
2417,9,2
331,55,2
2601,77,6
1720,34,1
1329,47,4
849,256,2
1751,122,3
30,4,6
1723,95,3
1654,219,3
1067,249,4
1488,161,2
762,111,9
2857,192,8
2904,82,5
1730,160,8
1321,137,1
1030,163,1
331,194,6
2627,21,6
2630,74,4
2975,260,7
309,23,7
14,222,7
222,157,7
403,209,3
174,49,6
939,45,9
600,230,3
1203,99,3
238,104,8
2124,250,3
2271,281,6
919,257,5
1348,20,6
862,260,4
1767,60,5
765,23,5
2616,210,2
2779,170,5
2606,297,3
2530,228,3
2512,30,1
1970,205,7
2217,281,6
726,200,8
937,116,7
1328,278,7
798,193,6
692,20,8
2475,151,2
2750,258,3
2386,95,1
1387,183,9
1267,195,9
2406,116,8
1335,295,5
1155,124,8
344,46,8
1053,106,6
1873,172,2
1624,272,1
584,295,6
2426,57,4
1464,35,6
64,152,4
1703,21,4
2002,70,6
2019,115,7
793,126,1
272,30,5
723,96,1
1954,294,3
2340,37,1
1300,119,2
2892,59,9
2983,13,9
711,298,7
2171,242,1
2108,73,2
1443,54,3
1443,153,6
801,208,4
2645,230,8
2611,187,7
1279,71,3
955,4,6
120,31,6
2840,156,6
1458,237,6
2351,76,8
466,13,1
2027,294,1
2182,62,1
2525,114,8
918,119,8
2191,227,1
661,4,7
2228,93,3
47,23,6
2191,8,7
1841,206,6
1702,257,6
2951,81,3
1456,248,9
1321,44,7
843,8,3
2939,209,9
2844,221,7
2890,74,6
1275,63,6
909,164,8
1325,262,6
905,74,3
680,155,2
2396,17,6
1867,107,7
1342,263,4
2185,144,8
1443,230,6
1341,36,8
2348,146,4
2853,290,8
2632,91,1
1277,215,6
2864,196,5
2903,264,4
1465,182,3
2000,48,2
1219,293,6
2836,278,7
1019,18,3
2976,294,4
369,162,3
1675,13,5
2476,121,1
2667,170,1
1700,297,5
238,294,1
22,283,2
746,14,2
1524,242,9
1226,239,9
9,47,1
2144,56,3
1083,157,3
2046,148,2
574,173,7
1748,103,8
2607,181,8
2283,270,8
1774,223,1
2379,165,6
2782,65,6
93,267,3
2294,26,6
1832,291,7
909,60,5
424,100,9
2572,244,3
239,182,8
1231,43,3
559,290,1
1830,256,7
300,155,1
865,156,7
2882,58,1
553,116,4
895,239,2
1449,141,5
945,241,3
2607,291,2
790,136,1
1587,26,7
2340,26,4
157,182,6
1635,134,3
1254,238,5
2284,18,8
83,92,2
1679,182,3
2181,167,1
911,128,7
1513,22,2
2388,123,1
2431,61,4
276,282,5
1444,132,4
899,122,8
1823,88,6
450,228,1
939,52,9
1459,300,4
1341,87,9
724,55,1
1692,96,9
2027,262,9
2624,70,8
1563,115,2
614,100,9
1841,143,3
2341,272,7
171,2,6
2561,59,9
2212,75,5
2421,135,5
1875,114,7
456,190,7
224,191,4
1163,113,6
3,181,7
2858,181,9
2402,187,4
973,285,9
2573,268,7
1875,294,3
1341,184,5
215,84,5
1188,113,4
1326,35,5
2279,103,1
1672,235,2
2301,297,2
2398,224,3
2123,117,1
91,139,8
1382,206,6
938,275,5
2169,121,3
1624,208,1
101,132,9
128,190,3
1439,9,1
1912,71,9
298,201,9
384,139,8
826,159,1
2085,5,8
199,213,5
814,123,4
2281,156,5
695,68,4
346,210,9
2639,278,4
2584,222,9
2498,280,4
1147,19,2
138,162,2
2552,76,8
1015,268,3
1772,183,8
1735,189,8
2110,240,5
2181,170,1
1128,194,9
262,113,1
1789,281,4
1336,258,7
1343,82,6
1569,176,4
1785,20,5
265,143,5
920,149,2
1208,170,2
1808,209,6
39,284,1
1968,283,7
2345,226,7
1247,159,8
1824,12,2
1901,105,3
1854,145,8
2333,119,8
1411,12,5
1158,147,2
1902,29,9
1855,190,7
852,216,3
2874,1,8
480,101,4
2223,252,7
2541,25,5
2513,264,2
596,197,3
766,132,5
2239,220,1
1834,288,6
1630,226,6
1361,134,9
134,263,7
1266,253,5
2206,227,8
1780,32,4
1537,221,7
1319,4,7
2511,49,2
1453,127,5
755,98,9
1462,22,5
2146,100,9
2653,24,4
845,128,4
1409,42,7
528,63,6
1757,271,6
2157,114,5
1247,132,7
2166,221,5
1233,244,9
1691,77,4
2922,192,2
595,38,2
268,297,9
2472,190,2
2333,47,2
2832,83,6
2517,255,5
1760,173,6
1846,76,7
1315,265,6
328,236,6
978,86,9
1444,280,7
1050,56,7
2745,218,5
2169,198,6
1074,292,9
492,201,9
1793,194,7
1253,121,7
2425,228,5
1405,172,3
1926,272,2
820,259,6
1079,70,7
2819,106,5
1974,160,9
1679,294,4
352,98,1
1105,242,1
518,273,1
1390,248,4
39,278,4
2943,193,9
2637,52,2
149,128,1
1161,285,9
2941,40,4
60,200,7
2911,76,7
2516,281,9
894,203,2
825,117,8
2835,102,8
46,203,3
1282,212,7
1593,227,8
1215,17,1
631,135,2
1183,255,3
2516,196,2
1643,125,6
886,146,1
1110,242,9
2901,179,5
2244,204,6
1351,106,4
438,288,5
1216,47,3
2629,298,9
890,283,4
1269,242,8
968,239,1
1842,244,1
2213,181,6
2875,212,6
1285,254,2
1424,130,1
1369,250,9
596,166,9
1324,269,7
1466,190,5
1976,220,3
764,51,1
595,101,6
1289,277,5
777,97,3
2816,143,3
2860,32,4
35,155,3
2920,247,7
134,33,5
2061,31,3
2558,159,1
2555,80,4
2574,225,2
320,267,4
1240,16,8
2083,109,1
276,93,7
1827,168,1
1481,268,9
1214,31,7
2628,106,8
9,221,4
2707,217,8
2886,216,8
815,167,8
1094,7,8
999,256,8
296,17,9
562,300,8
2220,56,9
2570,173,1
2015,243,8
2206,1,5
927,234,3
1172,295,8
1647,120,8
423,170,7
2408,92,5
422,278,6
1014,12,7
2378,3,1
545,134,7
1814,97,1
2937,128,4
1115,123,1
421,273,3
2960,251,6
540,1,8
696,187,1
1143,212,6
2658,110,1
2954,31,1
310,222,4
1188,192,8
47,169,6
3000,156,4
1145,202,4
2936,278,4
1121,224,3
916,113,5
1063,23,8
2232,252,6
421,259,5
516,223,4
27,288,9
2559,62,6
1982,62,8
2657,34,7
738,134,5
15,300,4
1484,175,1
2470,80,3
1118,279,9
2030,35,7
1009,16,8
1877,69,8
466,281,3
507,254,6
1142,184,5
129,53,1
1398,109,8
2276,115,4
1863,92,3
1654,22,5
2266,106,4
2748,42,1
270,242,3
832,102,3
2594,230,4
815,226,7
435,159,1
708,296,5
703,130,8
2522,277,6
2647,33,6
749,107,7
2253,17,5
967,160,5
2160,202,7
1487,102,4
1604,85,9
1206,117,3
2424,100,3
519,44,7
867,182,4
1480,161,1
1536,18,8
609,22,6
2109,236,5
1688,240,1
60,275,4
1489,36,8
1247,257,8
2088,300,2
1515,212,4
2147,284,6
2754,187,1
1057,21,9
920,195,6
487,199,7
967,17,4
2436,148,3
268,271,6
1178,169,8
2143,23,1
1378,114,7
2136,70,2
2935,260,4
2999,214,6
2676,140,7
974,66,8
989,9,6
890,240,4
548,115,3
1481,172,8
2961,292,5
2305,175,7
2823,268,7
2419,74,5
2311,93,2
1421,208,6
2955,131,9
1916,36,5
1180,253,8
633,135,7
575,150,3
530,144,1
338,166,1
262,88,4
1320,295,2
1966,140,3
922,94,5
1317,243,8
2986,255,9
2605,92,1
2303,256,1
2531,209,5
1145,278,8
998,15,9
1928,96,8
1521,147,5
2109,260,4
1291,208,1
2238,46,1
1850,152,8
1339,166,6
592,201,3
830,186,4
1559,282,4
1228,222,6
2403,261,8
976,45,4
2056,184,3
2496,103,5
480,97,6
1573,151,7
1807,207,4
795,198,7
2156,191,4
2386,240,1
2213,229,4
1580,27,3
2012,249,4
1980,97,3
654,222,1
598,80,4
1921,44,6
77,175,6
741,39,4
796,73,5
2936,115,7
2522,63,6
1326,196,8
2738,175,9
2427,43,4
2209,77,9
188,10,9
1401,274,7
2175,115,3
765,240,1
261,190,4
2393,186,5
1895,268,7
1033,113,4
2328,77,9
704,299,8
186,230,2
1661,179,3
1916,62,5
504,183,2
2488,238,2
2817,181,8
199,50,2
2999,200,3
2493,167,5
1540,173,3
552,167,5
574,2,1
771,145,4
2796,19,6
267,75,9
199,145,6
1357,122,9
2788,22,1
1556,105,8
2222,273,2
2830,70,7
1855,194,3
1538,28,1
588,96,5
1256,146,8
77,300,9
1455,210,4
1107,80,2
2956,56,7
2107,239,4
996,114,2
693,130,7
74,50,6
1012,135,2
837,66,3
822,258,9
1687,72,2
1514,53,6
2651,103,5
2074,280,7
67,254,3
2254,32,6
142,286,2
2092,79,1
1695,160,4
697,154,4
2221,137,3
658,254,2
1276,23,6
1583,30,2
1385,70,5
320,232,1
545,60,5
662,280,1
1697,15,5
924,271,8
1450,187,9
1591,71,9
1105,152,1
1030,231,2
1306,29,1
2025,36,1
1881,204,6
31,237,7
2227,284,7
2936,122,2
2377,4,8
1950,196,3
367,291,4
1500,76,4
1105,13,4
1829,27,7
2041,94,3
2460,64,3
914,55,1
1371,188,9
492,267,6
1142,137,3
1649,56,5
2750,279,9
2302,99,9
399,121,5
1967,11,5
2121,100,2
1885,212,3
1493,64,4
2063,12,5
727,207,3
2060,84,6
1305,253,8
506,290,3
2001,152,7
239,94,6
1153,150,8
772,41,1
3000,43,5
2433,50,4
2696,275,6
336,139,6
547,116,3
108,118,7
1805,191,4
731,138,7
2176,262,2
2371,106,2
1652,210,1
2507,281,8
498,76,6
1507,26,5
1128,85,4
2397,6,8
805,251,1
1219,298,3
2786,275,9
409,33,7
1529,21,5
2919,30,6
371,109,1
1319,212,5
2359,12,2
614,250,2
2537,13,4
1185,300,9
1719,214,1
2959,272,7
1847,100,4
2823,296,4
2076,242,8
2133,13,5
2869,43,5
2695,295,9
1137,278,9
523,240,2
721,67,5
1473,95,2
1491,266,4
2143,297,7
1940,267,7
2081,58,8
2737,257,3
1169,68,3
1456,190,1
627,68,4
930,107,1
549,284,7
2861,42,6
420,23,1
1936,256,8
2032,45,9
1966,263,6
1570,256,2
764,110,8
801,125,8
588,21,2
2034,91,9
1935,19,9
1294,99,9
926,66,9
986,232,5
1489,92,8
2843,37,7
1012,85,8
2558,13,1
2025,178,7
2396,241,1
2087,6,8
2956,161,5
1806,8,3
2962,253,3
1059,90,4
863,190,6
2598,226,8
495,5,1
2370,10,9
1034,68,9
695,64,7
2285,176,9
1048,16,2
1407,233,7
2108,49,5
1418,257,6
1054,21,2
952,177,3
2413,92,9
158,281,4
2935,261,6
1804,1,7
2865,124,3
2307,218,6
212,182,1
1874,198,1
1744,11,5
284,85,8
2623,283,5
1725,45,7
566,98,3
1163,61,6
1068,172,6
2755,196,1
1240,197,9
1166,299,2
2118,12,2
652,285,2
627,274,7
623,220,1
676,61,4
970,16,8
974,29,4
2115,28,2
2581,255,4
1342,151,2
2444,169,6
1194,132,3
1284,88,6
218,44,8
1950,258,1
1542,105,1
512,175,9
1707,66,4
1930,184,2
545,206,9
1688,131,1
986,259,2
2580,272,7
2573,187,9
1868,264,7
830,294,2
1082,235,4
337,202,1
1833,66,4
1588,25,5
2125,28,9
1636,280,2
2424,135,1
634,128,4
2028,224,7
1649,96,6
2772,275,9
1647,152,2
2396,195,9
2892,241,5
422,72,6
774,124,2
2946,34,8
2963,83,7
984,85,7
74,166,8
1745,126,5
2325,232,3
2912,15,7
505,42,3
2615,256,3
2272,173,8
257,300,5
628,9,8
255,227,8
2383,295,9
1349,111,9
168,42,1
1389,219,3
2799,59,2
2943,225,8
2200,281,8
739,273,8
895,189,9
1947,273,1
2070,129,8
312,15,2
2696,133,6
246,132,8
2345,21,6
395,31,7
2977,224,5
1357,27,1
483,17,3
1224,163,8
2782,46,1
299,268,1
65,7,7
1328,146,4
2091,137,4
1901,226,6
107,72,1
2874,118,9
1209,264,6
2238,209,8
1611,186,8
2044,24,6
2570,277,1
2843,265,9
2738,74,2
924,133,4
1565,190,2
2405,61,3
689,217,8
2127,32,6
2524,42,8
2604,83,6
446,149,5
2399,136,4
1588,238,2
2131,7,4
1451,64,8
2888,8,8
2817,121,8
1952,68,1
1250,9,4
2235,299,4
2661,44,5
460,88,2
2347,100,9
2254,198,3
1077,209,3
2048,107,2
2275,4,8
926,167,4
2698,176,3
2012,116,8
92,44,7
2315,230,1
1790,74,6
1282,253,1
2122,174,2
574,145,4
442,36,5
1991,151,8
1569,59,4
2345,144,2
2708,33,5
300,27,7
2921,167,4
662,12,8
1276,210,8
2296,271,7
442,62,8
1003,276,7
1324,247,3
1066,253,4
944,264,8
148,84,2
88,22,1
2445,210,6
746,298,8
1233,107,2
2487,149,1
453,133,3
996,179,1
1342,218,7
219,233,3
1981,48,4
2740,253,6
1809,118,2
1227,98,6
1028,252,5
248,216,9
1483,240,4
1270,18,8
1036,108,3
185,174,2
326,203,5
76,88,3
2270,91,7
924,288,5
2390,201,9
348,289,8
64,64,7
2890,10,3
2114,1,9
2477,6,9
329,223,4
801,52,4
2859,244,5
2483,55,4
2738,47,2
2361,129,5
2649,273,4
1193,288,9
457,289,8
1664,105,7
2481,225,1
927,16,3
882,290,8
2565,5,3
2759,17,9
346,78,6
2316,154,9
1019,107,3
1080,287,9
792,117,2
1649,123,5
592,111,4
1963,83,3
973,41,9
1136,135,7
391,37,5
965,200,9
2334,218,1
2726,230,6
1024,207,2
2884,166,7
1655,70,8
16,109,7
1030,198,1
1926,15,1
1475,158,4
198,36,7
919,4,4
1591,59,6
2197,224,6
1221,119,7
1852,2,1
1673,271,8
1683,97,5
2354,237,2
182,196,2
986,238,7
2571,50,7
2605,132,4
947,205,6
2213,31,7
557,79,7
1585,194,2
2984,88,7
1445,273,1
2522,29,2
273,242,1
893,271,7
2689,152,2
1964,101,6
1566,182,2
1445,157,9
1700,231,3
968,143,3
69,62,7
1601,107,5
1607,232,6
1114,254,5
1255,120,8
1086,46,7
625,211,3
86,3,9
1999,294,4
2929,1,2
880,45,2
2366,294,3
2491,291,6
1589,281,2
1534,34,3
2509,94,8
352,52,8
2569,207,5
565,217,4
1179,32,5
2314,186,4
1935,187,4
2250,201,2
1119,75,3
2767,282,5
638,195,4
1392,79,1
790,45,8
1027,2,4
866,9,4
806,110,5
2752,14,9
2069,93,7
543,28,1
2563,13,5
1212,8,3
2882,300,3
2496,121,7
1297,295,1
1590,155,2
1528,233,9
1889,163,5
2794,42,6
1357,212,7
603,80,4
354,61,1
1414,210,4
2952,261,9
88,78,9
2929,18,5
825,43,9
634,242,3
1666,14,8
1483,62,4
2306,151,4
494,111,4
736,271,4
556,202,4
953,245,1
1895,114,9
1765,291,2
866,168,4
1372,163,5
414,176,5
195,66,5
1198,261,4
1480,115,1
2657,187,7
2757,286,8
2847,291,4
509,215,8
1190,111,7
522,160,1
2520,225,9
2204,33,8
2916,233,7
1355,137,2
2881,132,1
850,247,5
2389,177,9
482,289,6
720,162,8
921,104,7
2394,24,9
589,141,6
2323,4,4
2786,203,1
491,257,8
706,63,3
2558,148,9
124,191,8
2219,273,1
187,246,4
2396,151,9
1543,1,9
1596,290,4
2536,110,3
2642,292,3
2780,143,3
1151,177,6
736,210,7
1577,143,2
2384,108,7
1811,254,7
260,295,5
1800,159,8
2813,80,2
2696,63,3
862,207,4
2899,82,1
2614,269,6
716,154,3
2621,245,5
960,171,7
2217,198,4
1960,41,5
1738,21,3
907,196,6
2427,254,2
1496,103,1
2215,91,7
1896,74,1
1271,208,6
1668,186,2
1601,43,2
402,61,5
1990,45,9
1531,69,1
1711,270,9
1828,127,7
1780,66,3
1186,92,1
1326,133,5
2869,77,7
2494,249,1
1160,106,4
159,14,1
1970,188,6
2641,157,2
2252,293,8
1446,201,5
601,140,4
727,140,7
1185,30,5
1986,260,3
2374,207,7
1578,142,6
802,84,4
2153,40,2
2576,81,6
691,118,4
1164,234,4
877,153,4
1184,180,3
2260,140,6
2270,141,1
77,230,6
535,278,9
2358,42,9
816,278,7
2289,104,9
2132,153,8
2364,121,2
710,242,9
1624,199,3
291,232,6
245,255,2
2457,18,4
2307,199,6
2254,133,7
2925,91,2
731,7,9
2942,163,8
1942,258,2
713,113,1
614,15,1
2729,98,7
1922,160,7
2025,280,1
1735,208,4
138,214,9
2732,15,9
1855,52,7
576,148,3
416,125,8
2999,106,7
790,63,6
2807,168,2
975,144,5
1111,124,2
1864,24,1
2184,2,8
2772,215,9
819,121,2
1661,251,8
1236,192,6
2664,17,9
795,183,1
869,91,3
2257,162,6
96,129,9
2898,97,7
2439,137,7
2862,87,7
552,290,9
1284,262,4
1452,128,2
1400,287,7
2148,37,9
2992,62,4
587,117,5
2415,147,8
1115,174,3
665,62,1
2425,146,6
2565,196,9
2057,59,1
2660,149,4
2683,74,7
532,60,9
1102,129,7
2952,201,4
1264,86,7
2609,133,4
2488,11,3
865,155,8
1548,87,3
1866,210,6
1254,9,3
927,131,4
1526,194,6
2139,68,4
1416,286,9
2370,167,8
443,187,6
136,271,8
219,217,3
2868,89,2
2452,38,1
109,227,3
2635,5,3
792,181,5
51,79,3
694,258,1
2105,23,7
1771,80,7
430,68,3
2956,96,1
2530,53,3
418,256,8
2899,42,8
2380,266,3
911,116,7
1214,174,4
751,150,4
851,54,2
423,150,5
2018,73,2
480,66,7
2714,60,4
1176,205,9
85,83,5
2739,135,9
2999,72,5
1989,49,1
596,145,7
2754,242,2
277,15,9
2964,160,8
679,161,5
2507,244,2
444,54,2
1524,78,4
1980,186,6
1843,46,4
2459,32,9
2967,297,4
2793,182,8
2278,207,9
1201,274,7
2820,119,7
948,167,4
1227,245,1
2363,7,1
246,129,9
923,240,4
2335,158,4
254,141,8
229,216,3
230,123,6
735,111,1
996,204,7
150,115,8
2263,10,4
559,22,6
2519,239,4
2845,156,3
1765,253,2
555,225,6
112,246,1
867,283,3
2237,37,3
62,258,8
467,137,9
1126,282,1
2286,63,8
2362,62,6
152,230,7
509,291,8
305,90,5
1043,39,3
1822,264,1
2670,21,7
500,299,4
152,221,9
2872,112,7
747,15,8
193,33,2
1811,173,7
399,283,9
1242,112,7
979,216,6
1119,267,9
2694,194,7
2795,169,2
1869,217,5
2930,135,5
2883,228,3
2481,220,3
1719,65,1
2854,172,5
1254,188,5
1167,268,8
1787,145,1
1760,143,8
1227,195,4
2580,201,9
565,202,9
1311,124,2
275,272,2
2689,192,3
1751,182,6
785,5,6
867,299,9
1731,160,8
2522,21,4
1019,158,5
2126,221,5
500,72,2
493,267,8
307,188,1
1441,166,9
56,7,1
1870,57,2
2318,43,6
471,253,4
1217,257,4
2899,110,2
2272,240,3
1361,137,8
1184,63,7
340,145,9
2929,272,7
580,242,3
2194,175,2
2436,38,7
1005,177,7
811,57,3
1739,147,3
2324,210,4
2167,155,7
393,267,2
2061,245,2
1507,297,7
2834,256,5
1336,210,4
2593,123,5
1784,157,2
759,227,7
613,22,7
1563,232,6
2599,132,9
1129,177,5
2100,164,4
1645,22,5
2882,259,1
2932,123,8
2391,209,6
262,71,8
304,266,3
1643,39,7
668,118,7
443,79,9
391,55,3
403,126,3
1043,151,9
573,148,7
2322,261,9
835,50,6
2808,137,8
1265,210,7
1735,199,6
1850,168,3
1975,237,3
2879,213,1
702,149,9
2611,71,8
2499,234,5
103,41,5
2621,287,3
1483,57,9
2021,242,9
1882,64,9
1042,226,1
233,154,6
1184,139,9
2014,241,1
397,275,9
437,60,8
1398,146,1
2567,208,9
1539,205,3
2482,141,6
1907,286,9
1499,279,4
1365,171,3
551,140,4
141,218,2
136,139,3
259,207,5
1097,177,7
621,299,8
2857,298,3
941,60,9
1059,132,2
2766,162,9
794,196,7
2099,17,2
397,62,4
2202,76,3
2827,94,3
2600,253,4
479,268,9
1984,297,8
1636,260,3
673,285,3
23,160,5
2497,224,6
1499,182,6
328,115,8
1204,43,2
1016,145,2
895,268,2
35,271,6
1636,147,3
2286,234,9
1359,199,7
905,73,9
1737,134,9
1136,54,5
638,242,8
223,208,1
2455,238,3
2019,293,6
20,177,8
483,84,5
687,261,2
2856,36,9
490,104,7
1362,194,3
1572,254,1
1424,25,1
1561,17,7
2115,286,1
2071,242,4
351,128,4
1619,143,1
160,118,4
792,73,4
520,97,9
242,292,9
2147,114,8
1399,252,5
300,149,3
1575,291,9
1776,30,3
1914,25,6
2874,188,4
1304,165,6
425,152,6
2000,207,3
1632,281,2
1949,299,7
2176,42,5
61,186,1
1430,186,3
245,192,3
2487,233,3
2625,214,3
439,205,2
1130,156,4
1329,101,6
2253,280,7
1444,285,3
1123,151,4
148,49,6
1039,280,8
647,244,4
1221,227,8
2724,105,8
272,14,7
948,56,4
75,209,8
1203,3,9
2720,246,2
2979,2,8
1130,272,7
1463,183,1
426,131,3
2760,267,1
188,110,7
1084,74,9
1859,137,4
1054,116,5
1193,188,1
1285,14,2
536,223,7
215,83,1
585,188,1
2099,247,1
2942,294,4
331,178,1
37,257,3
617,34,6
751,36,3
2241,234,9
1827,221,8
1944,276,2
363,152,3
424,217,8
334,72,9
67,9,1
504,18,7
751,193,4
1233,219,3
2311,198,2
1587,244,2
2767,157,7
508,175,9
393,292,3
2143,56,1
892,294,4
1283,268,2
689,88,1
1198,124,5
274,188,2
1837,48,3
2365,62,6
2347,272,4
2542,250,5
366,262,3
96,159,4
121,92,3
2224,43,7
1564,250,8
2983,153,8
2018,47,8
1517,110,4
3000,216,9
1972,222,9
395,245,1
425,31,4
2206,31,6
2751,299,8
1207,224,8
2343,46,3
1839,188,1
1619,109,1
1229,38,8
1905,60,2
2304,296,9
927,217,5
1025,278,8
959,240,6
2093,102,8
135,103,5
1713,259,9
1249,181,9
1733,167,2
260,36,6
802,198,1
233,235,6
2445,46,9
1173,122,3
917,51,7
1854,105,6
1616,61,7
496,235,7
1033,67,2
2396,215,6
2724,285,7
2098,10,8
1498,172,7
2711,248,1
282,48,5
1378,297,1
854,270,5
2855,249,1
1266,23,7
1956,87,1
292,18,6
635,264,8
1897,106,8
1038,160,6
1706,7,7
1382,219,9
1766,16,9
1652,62,3
1384,13,8
1343,298,1
2225,258,5
1545,40,1
1365,85,7
672,98,7
2115,199,4
2517,255,4
2696,73,9
536,146,6
1984,146,8
1663,204,6
1120,225,7
206,114,2
1886,41,6
1392,244,6
2165,263,8
782,150,7
494,210,9
1272,43,2
1121,250,4
1686,196,4
494,122,9
2860,44,9
241,299,6
558,97,9
470,75,6
321,189,7
1498,210,4
96,32,2
1541,299,1
1792,19,2
1101,178,5
2814,117,6
2011,140,6
2273,148,7
1522,237,5
1532,50,2
2960,128,4
454,262,2
1879,240,3
1254,79,1
2178,66,1
1809,268,8
1502,213,5
1257,222,2
601,270,3
36,198,6
792,218,1
2364,165,4
2036,285,8
2790,115,2
2512,277,2
2282,197,2
874,152,5
2005,111,5
2241,29,2
1721,5,2
1960,26,6
2159,190,8
382,59,6
231,134,4
1292,228,4
1397,76,3
1786,220,5
2543,253,4
1670,145,5
2788,104,4
30,75,8
2271,90,8
2503,25,7
756,148,8
2465,112,9
1894,268,1
2969,206,3
926,184,4
2281,49,6
2526,51,3
156,294,3
2693,151,1
789,236,3
1248,142,3
1230,122,8
2528,188,2
781,44,7
576,208,5
835,43,8
418,129,8
2613,125,6
1111,130,7
227,100,1
2116,115,7
1417,115,9
1008,174,9
1365,256,1
2767,210,2
365,60,9
1639,20,2
50,112,9
2689,159,3
2334,257,6
1889,199,5
2658,75,1
483,10,6
1745,96,3
1217,189,3
316,265,7
2370,237,9
2997,240,1
559,230,4
2883,188,6
2444,49,3
2794,232,4
707,294,7
2899,103,5
2951,67,5
703,75,3
1328,141,2
468,110,7
2244,270,6
1241,264,4
1128,30,8
1315,40,5
1159,168,2
735,154,9
1908,208,1
1262,278,5
2435,208,2
1452,86,1
1264,85,6
1394,116,8
1941,259,7
822,70,3
2922,4,4
1467,104,5
2954,7,4
2800,183,3
115,73,5
563,36,5
2138,288,1
1626,169,4
2829,156,8
471,295,8
874,15,5
2141,64,8
159,197,5
1996,45,4
754,293,2
1405,26,7
1906,222,1
1435,175,5
66,255,7
255,185,6
1263,14,4
1919,125,2
2031,269,5
892,132,3
1750,193,1
221,247,3
2429,78,2
1431,31,6
2777,55,6
2467,246,8
328,140,7
475,106,7
1461,158,2
977,267,2
271,20,8
2046,211,3
1498,222,4
1259,201,5
706,240,7
1182,219,6
386,118,3
655,177,7
1457,75,7
2770,52,3
821,164,6
2000,216,5
828,122,2
2078,35,5
1445,79,1
2934,297,5
1372,61,8
366,238,4
2083,246,5
1057,160,7
434,231,2
96,299,5
1956,263,6
1848,163,1
2299,244,5
2842,206,1
867,93,1
2435,112,6
501,203,5
2876,165,8
122,10,2
2956,146,5
1234,35,6
664,239,7
315,28,3
8,114,4
2401,129,8
257,112,9
2405,55,4
553,186,8
2772,184,7
680,204,4
2896,152,9
1330,245,3
70,141,7
2396,258,7
2661,261,9
1042,232,5
2674,37,6
1396,270,5
1896,6,7
1970,284,4
1175,201,1
275,144,4
1296,5,1
915,145,5
1042,12,1
312,231,5
803,102,5
318,77,9
344,292,5
1324,245,5
1774,91,1
533,11,8
2874,57,4
655,132,7
516,9,1
1383,217,3
2258,35,1
2085,11,6
730,54,6
2112,73,6
1585,68,8
1952,216,3
331,62,5
334,211,9
886,231,4
938,245,2
2018,237,6
1563,224,9
1240,184,7
1613,205,2
663,227,9
242,230,4
1363,54,3
1601,281,1
2770,242,1
2139,185,3
454,202,9
370,149,8
541,118,3
820,225,2
943,119,6
1961,128,5
2989,83,7
2101,199,2
1983,66,8
514,46,1
2652,115,5
958,12,8
2614,252,1
1515,160,9
2866,53,2
2878,143,7
556,73,4
2562,33,5
1231,275,8
2817,241,3
160,209,8
2213,115,1
1037,232,4
1028,22,5
2341,70,4
10,177,9
2345,53,9
736,109,4
1983,132,7
2224,174,5
2566,239,6
2049,236,8
860,70,7
1607,270,3
1759,192,3
1652,137,1
1900,211,7
2279,54,2
471,201,5
253,156,9
2222,65,5
1546,71,9
208,104,1
2170,194,6
258,152,7
550,127,5
1823,58,4
961,37,9
45,281,1
2248,121,1
2758,56,6
1602,279,1
1156,290,9
32,38,8
2103,282,2
2386,30,6
445,248,9
1712,106,2
2155,178,5
2118,94,6
1246,82,3
2198,65,5
2716,158,6
2357,111,5
2802,47,1
2817,28,4
713,69,3
1079,271,2
561,137,8
1638,112,9
1263,82,2
1018,203,2
1249,197,7
2263,266,8
1168,63,3
1512,206,6
984,203,3
1525,33,3
655,28,3
1619,53,3
348,162,4
2430,71,4
2523,165,6
1739,26,2
1148,277,3
1090,223,2
213,258,5
135,136,2
2886,159,4
483,226,4
1182,50,3
1119,74,8
2904,287,3
2688,87,1
400,180,4
2356,86,3
1161,282,8
983,272,7
1238,146,9
1882,196,1
937,213,1
1698,41,9
2575,289,2
2255,279,3
2643,255,7
2113,43,9
1501,232,6
1256,5,2
830,186,6
2333,182,3
924,121,6
2430,83,3
713,51,9
2992,116,9
887,284,4
2848,16,1
2221,123,3
2417,137,6
2513,252,2
147,111,2
1297,214,2
1593,37,8
1771,230,9
59,63,2
1613,294,8
591,224,6
2892,118,2
1168,257,4
1751,120,6
2324,186,9
1324,91,8
2307,285,3
1621,138,8
2406,278,2
2669,66,7
438,230,9
1895,177,9
2003,260,7
1807,127,4
848,159,6
1718,42,2
2986,64,6
458,275,5
2241,4,7
881,283,2
2935,56,5
1042,82,2
2315,175,9
316,87,3
2794,62,4
637,90,8
1083,173,8
186,35,2
1284,48,2
2693,136,7
1335,296,7
2164,174,3
488,271,6
921,39,3
31,248,5
2532,64,8
40,243,2
2097,88,9
2320,6,2
2366,4,5
2946,156,4
2299,100,9
2390,129,2
1714,12,7
2788,179,1
1652,245,1
2650,111,9
2794,86,2
579,292,4
422,162,8
2926,189,3
13,85,2
1453,197,3
2936,53,4
1651,209,8
1848,140,5
2059,300,1
1501,298,2
101,14,4
380,159,3
2493,157,7
119,114,7
1480,194,4
1267,172,6
1047,178,5
1858,116,3
1333,88,6
2868,193,6
2839,276,3
2665,67,3
2487,257,4
469,266,7
1753,179,3
2470,220,1
2772,256,2
2791,79,9
30,214,2
1661,247,5
2145,149,8
1147,212,6
1953,140,9
2206,187,7
2409,261,5
2379,5,3
95,143,6
2611,225,5
596,16,3
47,92,6
363,281,1
820,10,4
2709,295,6
543,72,4
1556,1,1
2810,115,8
1292,229,1
1177,57,5
461,267,6
1777,263,2
198,135,9
1560,50,3
193,268,4
2781,118,5
64,233,8
469,201,5
231,217,4
1476,205,3
927,55,3
1099,5,8
1628,90,6
1671,262,6
1881,66,2
2224,215,1
1312,67,4
1654,132,7
1419,286,8
1458,245,7
1266,244,2
1332,163,5
1132,123,9
2190,209,4
587,234,2
1659,51,4
2671,169,6
1287,183,2
311,104,8
360,138,8
2319,35,8
2895,232,1
1697,70,1
2839,274,6
2225,212,6
1938,233,8
1869,152,9
2645,222,9
1843,173,1
1753,91,3
446,190,1
1786,171,8
2142,120,1
2454,138,6
2793,236,9
2564,208,7
1601,198,5
138,121,2
1812,243,4
2049,282,6
2332,166,3
1787,96,8
363,169,8
1356,208,2
463,263,4
481,269,1
1871,53,7
658,163,5
1610,125,3
1429,73,6
931,12,9
1020,119,1
2434,181,8
1249,18,7
2269,269,3
1103,186,2
1930,168,2
458,138,6
1187,87,7
134,87,3
2754,97,4
907,104,9
1098,265,6
1121,277,8
475,130,5
2927,184,8
2418,220,5
1000,42,9
2258,18,2
1452,135,7
719,97,6
954,272,5
440,127,8
553,73,8
1410,27,5
2297,193,1
1218,105,3
1363,207,3
2718,252,9
2407,48,9
2163,16,8
2141,234,8
2168,93,1
1472,39,2
2526,14,5
473,133,8
915,271,5
1072,165,9
2028,49,2
2790,9,2
859,67,2
2157,54,3
228,278,7
1639,230,6
393,68,2
479,247,6
2274,159,1
2757,248,9
106,23,6
2149,168,3
2357,186,9
1388,189,2
352,127,5
2210,171,7
1553,102,1
647,46,5
594,253,4
55,276,6
2692,102,8
2566,125,1
1202,257,3
833,198,5
1430,284,2
1944,273,6
2596,300,1
1249,288,1
146,97,4
943,102,6
312,227,4
1512,74,2
397,156,9
2823,118,4
723,200,6
1548,249,6
2935,102,3
2446,218,2
2808,154,6
1412,284,5
1379,188,9
1305,159,1
739,134,1
1978,74,3
1114,208,9
834,150,2
2438,111,8
135,138,5
2682,186,2
2419,228,8
2503,192,9
247,219,6
776,148,4
2598,101,5
60,287,4
994,88,9
1788,125,2
1739,1,2
2420,284,2
2691,255,1
2993,253,4
1485,272,7
2427,174,8
1358,12,5
1704,248,5
2660,198,7
2837,29,2
2881,271,7
2670,296,1
2949,180,7
1236,188,5
1936,218,9
1098,251,3
1535,3,7
2110,292,6
30,207,8
2176,134,3
1692,276,8
2336,82,8
297,182,7
323,213,8
1148,33,7
1591,282,1
1456,213,8
1503,191,1
519,146,3
2413,36,4
1609,181,1
751,131,3
152,144,9
2430,156,7
392,38,5
1236,161,2
2587,288,4
625,192,2
951,277,3
2629,151,5
1009,72,3
2457,295,9
1837,148,7
1637,86,1
2397,255,1
2116,287,8
2490,233,4
2732,164,5
2691,171,3
829,191,5
1337,90,1
2011,163,2
2459,222,4
730,98,5
2213,108,3
2953,191,3
688,230,7
1500,197,7
1184,156,1
1590,41,3
2185,125,5
987,286,1
36,157,9
1234,131,4
253,187,9
158,182,4
709,109,3
2353,54,4
710,254,2
2139,76,2
917,48,5
2954,141,2
1272,13,7
2181,192,8
2845,39,2
1209,137,4
1560,282,9
1321,14,3
2308,279,6
1500,285,2
450,232,6
2833,44,2
1959,5,8
180,73,2
1548,18,5
1885,38,7
2314,24,4
147,91,4
73,165,1
677,224,9
1139,258,1
1684,228,1
865,87,1
2149,139,9
815,64,1
1359,116,3
87,174,1
2669,228,6
1930,106,4
10,268,5
1192,235,4
2354,66,6
2865,16,6
1455,264,7
2408,273,1
2199,42,5
2066,179,7
174,20,5
336,148,1
245,246,4
1469,236,8
1501,34,9
1289,188,3
2926,246,3
733,288,3
2011,224,7
2012,151,3
2930,152,9
175,147,4
2023,266,4
899,241,5
2642,62,2
2241,203,5
726,221,5
906,288,5
15,61,9
2506,162,9
21,270,9
1532,135,7
2986,37,8
44,299,1
2482,272,5
1057,153,2
1410,231,9
1289,280,9
1626,187,2
2013,140,5
336,142,5
1731,265,7
986,34,4
924,126,5
1047,159,6
1756,63,6
1803,104,9
2007,147,9
400,133,1
464,59,8
1072,78,5
51,205,8
522,181,2
1999,2,6
2985,160,2
1867,156,4
2875,121,1
2418,174,2
2135,291,2
1304,149,3
1292,229,1
606,228,8
2146,203,3
962,108,7
2166,199,4
1795,295,2
695,275,5
940,29,8
1563,36,5
208,1,8
1914,210,1
198,7,2
1367,83,7
2467,25,4
2648,54,6
1094,256,4
333,254,7
204,143,6
266,127,1
2119,215,2
981,207,7
1168,56,5
2900,8,5
2664,253,4
272,253,3
341,281,2
1893,9,3
2257,109,2
973,288,9
1572,110,8
1748,78,5
2394,133,1
1840,37,2
2826,256,9
2422,276,9
2058,164,7
1381,136,7
2317,260,9
1072,171,3
1674,258,1
139,28,1
2447,166,5
1871,126,8
240,47,4
1930,119,7
2740,228,3
1321,144,1
1703,276,6
2257,169,2
1459,213,8
2789,118,7
884,103,9
818,134,6
1943,268,7
1337,224,7
2048,258,5
1971,38,2
1965,37,5
2929,132,4
564,194,8
689,135,3
2947,275,6
1349,131,6
1058,282,2
2826,98,5
409,13,3
2634,202,1
649,73,4
808,8,2
455,18,6
2629,108,7
1731,6,4
2216,274,4
1995,96,7
776,285,2
1223,95,4
2805,209,6
824,153,2
355,250,4
171,36,4
1676,284,1
1786,284,8
412,76,6
2432,53,9
2200,211,5
1421,141,4
1140,46,4
763,160,4
2290,160,1
1069,102,7
2432,95,1
2253,182,6
2648,286,7
1957,16,7
1166,222,1
2375,235,6
2976,233,2
446,60,2
1737,144,2
2280,162,2
450,279,6
1609,276,3
1720,270,3
2070,128,3
1219,214,9
757,202,9
2762,254,6
555,203,3
2537,124,4
1652,211,6
1963,227,9
2000,85,2
436,40,9
2761,72,3
1810,18,8
2579,64,9
1559,272,7
1482,221,5
2,178,5
939,264,7
2495,61,8
2498,124,5
2003,215,7
1526,176,5
2761,221,2
2681,11,1
2708,186,7
777,217,1
901,249,1
834,63,8
882,29,9
1726,70,8
2015,178,9
1465,76,3
618,14,8
2195,249,4
1769,78,7
301,46,1
2959,92,8
1869,286,7
516,264,9
78,30,2
901,111,5
183,69,2
282,79,2
1765,221,2
1160,252,5
1152,15,6
2729,6,7
404,247,6
772,142,1
958,284,9
1077,100,3
2594,213,5
98,248,8
1920,256,1
2849,49,1
2811,163,6
829,53,4
35,201,4
854,137,5
1316,84,8
2814,82,2
502,104,7
768,118,7
150,77,6
2781,107,3
143,277,4
130,257,1
2383,168,9
2561,241,4
1558,73,9
1915,225,6
2815,156,5
2091,96,4
596,203,8
1662,222,2
1296,37,6
1678,176,3
1308,161,7
2508,103,5
637,251,9
668,80,5
964,195,5
2547,85,2
1627,272,8
914,268,8
2127,160,2
1859,119,5
1259,272,4
475,86,5
1313,76,2
398,88,7
2404,149,7
345,188,8
815,186,3
1333,300,2
2629,79,2
2999,23,8
2136,11,6
2694,14,2
72,270,4
2938,120,9
1950,178,5
2290,174,5
2532,217,4
2325,204,5
1436,28,5
2394,98,3
2803,24,5
2694,137,9
2272,29,9
29,59,2
1417,15,2
2148,176,3
1346,42,9
2317,2,2
1220,217,7
1243,243,1
227,62,9
2965,16,4
378,139,5
2150,298,2
1166,62,6
2870,70,3
2521,34,8
227,123,7
760,251,4
1075,104,9
1775,15,2
2304,14,2
361,121,3
1768,195,4
2209,245,2
2764,283,4
1648,154,6
867,124,1
1459,255,8
638,32,2
1755,180,2
1205,246,9
1421,176,7
2928,55,1
1332,81,7
2641,278,7
2100,202,7
2255,213,1
1097,228,1
305,84,2
2153,126,9
1920,219,4
2298,229,7
1444,265,2
348,94,1
810,78,1
1655,252,5
2533,88,8
951,296,7
2947,141,2
1943,18,4
369,174,1
1274,60,4
1737,105,2
1267,235,6
2160,293,8
543,97,4
1998,252,1
2009,217,4
2352,93,1
2811,62,3
746,232,3
2693,133,7
2595,15,3
1408,75,8
1867,6,8
1341,138,8
2483,206,9
452,218,8
2926,258,7
354,100,9
1432,282,6
779,260,4
540,8,2
134,221,3
1119,21,6
296,108,4
749,23,5
326,262,2
2132,243,9
1968,284,7
1078,200,2
2615,112,9
932,196,8
2392,29,9
1433,259,7
1868,228,3
1502,174,1
971,111,3
16,197,2
1419,30,4
1921,286,6
2954,111,8
2093,13,8
1827,287,2
2075,158,7
2480,151,5
1635,176,5
1206,235,8
2816,62,9
1982,176,7
2539,225,3
2296,259,5
2640,143,5
2901,77,5
1874,154,4
624,51,2
1029,168,1
519,251,7
553,198,5
1796,266,7
656,257,5
536,222,6
1601,125,2
816,172,6
1468,221,1
1992,67,3
2471,183,7
1188,205,8
2690,71,9
998,31,5
2134,294,8
2685,71,9
1938,235,6
149,196,9
886,266,5
2981,119,2
465,141,6
1653,294,2
52,17,1
943,151,8
1075,55,5
2669,33,2
1312,237,9
22,297,8
1052,204,7
1641,105,4
2292,133,8
1696,264,1
515,172,2
1848,227,1
1324,275,9
1666,296,9
2527,61,4
931,185,3
1056,221,2
506,218,4
574,214,1
1836,177,6
2798,161,7
357,164,6
250,296,2
622,236,5
1743,2,4
1784,153,6
690,180,7
1674,213,6
993,32,8
2280,60,1
2795,282,7
1339,291,9
471,80,3
1541,70,1
2701,237,1
2400,87,2
2133,264,3
2084,49,3
203,261,4
926,122,1
1291,130,5
2885,293,9
270,21,8
679,11,1
1819,92,9
1515,102,9
1448,208,2
522,183,5
675,291,1
1933,106,4
34,66,8
1792,46,7
496,276,8
1007,13,9
773,284,5
2441,166,2
688,55,3
2558,48,6
2897,173,6
733,144,5
2204,259,6
1095,65,9
2831,284,5
2498,267,1
592,46,1
2646,188,8
1740,20,5
674,108,5
2531,248,9
1717,3,9
2540,31,7
2310,87,2
206,106,4
2851,263,7
2362,125,5
2328,254,4
1850,141,7
2338,105,4
2908,50,4
1223,190,3
1515,35,5
919,184,7
638,265,9
997,51,9
1553,40,3
2137,147,2
2550,94,1
1614,41,2
2287,298,5
91,284,1
686,55,7
197,54,2
551,101,4
2295,169,5
1934,14,1
760,181,7
2542,177,3
378,46,6
1358,229,4
2963,68,7
1087,103,7
2057,195,5
2655,19,4
1051,54,5
2890,12,9
1430,100,4
2819,160,7
2474,259,6
177,200,7
1240,169,1
2922,174,3
713,42,9
773,245,2
2182,190,8
903,100,3
348,24,3
1955,39,1
2094,98,1
2651,3,6
1103,206,6
2164,131,9
2649,224,3
2847,227,8
366,131,9
2260,145,7
2676,138,5
958,225,6
1585,107,8
134,186,8
2090,161,5
2531,239,4
195,183,1
2044,230,3
478,178,6
2944,17,2
2077,206,9
2788,42,7
2399,159,7
2625,207,4
1469,296,5
1860,207,5
894,105,3
609,285,2
2528,56,7
2689,255,2
476,272,1
1033,204,8
2362,122,8
1472,265,6
1626,291,5
1423,99,7
1144,168,9
1828,277,6
661,85,2
1088,300,2
2404,77,3
2304,130,1
1688,13,5
2789,191,2
1817,32,6
2713,186,5
623,136,5
2363,170,2
600,166,3
1264,133,5
1150,133,8
1927,5,2
2989,256,8
1392,274,7
2309,261,8
2265,21,1
2590,189,2
1400,78,7
1553,45,7
2998,259,1
106,254,3
1076,44,9
2371,252,6
19,14,4
1212,190,5
903,43,4
2380,207,1
1600,135,2
1521,12,1
339,134,5
733,98,2
2832,297,6
2855,10,2
2203,291,2
234,109,8
987,30,5
145,283,7
20,220,2
964,35,9
2872,174,1
2192,17,3
794,34,8
1540,18,2
1179,140,8
2218,181,3
1718,190,4
818,51,3
38,279,5
2809,160,4
2380,145,1
1012,66,7
2542,237,6
1664,149,4
2182,69,1
1606,154,6
1227,62,6
731,73,2
2188,131,3
775,33,8
2622,36,4
2829,104,9
2340,119,7
484,142,9
921,265,2
1515,159,9
2409,148,8
2065,268,9
1833,77,3
1261,91,2
1337,165,7
547,247,6
723,273,6
1925,152,3
1180,133,6
2518,280,1
1173,78,5
2792,87,1
123,236,3
195,96,8
251,81,5
718,48,3
305,88,8
870,23,1
440,277,7
219,125,9
2631,264,1
2866,207,9
912,293,1
2643,96,1
2669,148,9
571,129,8
1496,130,7
1775,111,5
857,46,6
288,232,7
113,274,5
132,50,1
2971,296,8
2219,212,9
892,9,4
727,111,6
455,41,4
2990,88,1
333,61,4
2140,8,7
588,250,7
908,203,1
2125,37,5
208,93,8
2439,224,2
2995,23,2
2518,74,9
1081,60,6
995,72,6
1267,158,6
2162,65,6
2209,282,8
2758,16,8
421,233,9
1810,14,3
197,238,6
121,272,5
2564,300,2
2008,32,2
1856,159,9
183,22,4
1330,156,6
519,41,9
1159,188,7
1508,15,2
2262,207,4
673,8,8
1788,54,7
2969,143,2
557,230,2
2882,45,8
1495,88,7
40,246,3
144,72,3
2431,190,7
2837,285,7
731,295,9
1350,209,2
453,52,3
1843,196,3
2710,113,3
2259,1,2
2566,202,3
1409,192,3
430,72,5
1675,175,8
1973,296,3
2519,86,1
730,104,1
2885,227,5
1594,107,2
1483,98,7
525,184,2
2168,240,7
213,108,7
2373,108,7
174,182,1
73,265,5
1928,9,8
1161,102,8
2492,194,6
2200,29,7
1495,15,9
1089,212,2
1049,176,6
686,82,6
2540,73,6
1470,28,3
2733,205,4
2690,222,9
2240,123,3
1377,9,1
847,180,4
479,217,2
1661,27,6
512,168,2
1393,270,3
709,98,5
298,154,9
180,48,1
1045,157,4
182,212,5
2781,63,3
2833,273,5
1257,281,4
2751,299,2
1938,10,2
2939,245,4
730,216,2
2091,83,5
1570,31,1
902,198,6
304,33,8
1490,230,1
476,149,9
1157,90,1
1848,273,8
1693,115,9
138,261,6
394,75,5
1101,271,5
365,65,2
1715,300,8
561,232,8
778,122,4
1596,56,1
34,154,7
2209,11,8
1271,218,8
884,231,2
2276,202,3
2430,71,1
1408,298,5
2802,234,5
915,60,4
796,168,7
727,17,1
1046,102,8
141,184,5
359,275,3
2703,1,7
941,98,2
728,44,4
1888,278,8
2353,156,4
1447,6,2
165,73,1
722,112,2
1318,237,6
1113,155,4
2215,185,3
2347,109,3
2007,3,1
525,296,4
1142,160,7
532,283,7
2709,164,2
1894,216,9
1737,226,9
1652,27,9
1637,99,3
1716,150,3
1922,36,5
229,42,6
901,290,6
1860,62,8
2753,2,2
1531,79,1
225,131,6
2864,164,2
88,109,5
248,204,8
1835,215,6
1824,244,8
1227,275,7
1843,6,5
1430,77,8
1072,248,6
153,291,5
2809,41,6
121,26,4
306,161,6
2988,146,1
819,177,7
2156,28,9
368,282,1
1895,100,7
96,168,7
1398,254,6
2652,256,5
826,265,2
514,51,3
510,92,7
2033,87,3
2052,34,9
2959,162,2
2029,196,5
391,237,6
162,45,6
1346,184,2
2283,101,8
1512,293,9
1585,134,9
1471,20,9
1650,283,8
2173,157,5
1390,141,1
1168,134,2
1373,72,6
2098,94,8
2489,295,3
1059,21,7
176,275,7
1749,151,7
1956,229,5
937,237,1
2621,149,1
321,130,3
2337,144,1
1609,293,9
2756,236,9
661,21,4
2994,50,1
2807,196,2
923,206,8
326,65,5
2212,189,4
453,97,4
245,86,2
2797,149,7
1069,8,5
697,273,9
2541,270,6
1028,159,4
2984,113,2
2291,68,4
2023,60,9
1111,291,2
336,137,7
1824,279,2
968,43,8
103,193,9
2330,111,7
417,167,3
1114,127,5
2151,122,3
2458,227,5
2518,293,5
2477,272,2
2705,60,8
249,85,9
2693,56,4
2981,2,5
1966,263,1
2532,290,3
177,55,9
2611,12,6
1031,292,5
263,180,2
760,226,9
2673,21,5
1286,277,6
2564,208,4
2114,152,6
263,189,2
2082,147,6
1190,43,4
2347,17,1
91,91,3
2968,205,6
655,35,1
1401,120,8
2369,174,4
2812,300,2
1551,85,3
2960,131,1
426,211,7
532,212,6
2276,187,2
2049,14,2
2466,259,7
495,29,8
1789,260,5
133,246,3
1420,277,3
2317,77,7
545,132,7
765,99,3
635,19,9
1695,87,1
2977,261,2
2810,58,1
49,240,2
1924,131,5
2632,173,2
1348,147,4
1570,125,2
808,132,2
1663,286,9
940,247,6
1967,175,1
2236,71,1
2287,108,5
1788,217,5
491,157,1
1407,252,1
512,100,5
1640,121,3
2262,19,2
1302,105,4
740,213,2
137,239,2
19,2,7
605,117,5
1825,263,3
2984,169,6
263,69,2
640,42,7
2743,148,4
995,123,9
2357,291,8
906,259,6
2310,167,9
956,182,4
2346,238,2
1926,212,8
996,55,9
1941,192,1
1238,258,7
1931,14,4
509,180,6
2166,258,6
1610,111,9
2805,40,9
1165,211,3
995,213,4
1508,108,4
1138,107,6
2259,226,4
1883,135,8
1466,223,4
2461,76,7
798,145,5
2577,193,8
2582,252,1
1454,222,9
535,101,5
2128,150,6
1603,126,4
2326,28,6
2146,267,6
1311,132,4
1642,218,7
155,165,9
2003,147,1
1987,288,3
284,135,2
2222,127,4
1558,18,1
1187,220,8
482,26,9
1850,269,9
2075,154,7
94,38,9
709,123,8
1099,221,7
43,178,6
2473,181,6
1246,236,2
1421,194,6
2870,64,8
2817,87,2
2820,107,4
38,82,8
140,30,1
1974,58,6
1008,168,5
724,199,2
958,203,3
2345,159,9
1110,59,3
2227,76,5
1842,27,9
2692,176,1
2589,142,1
980,95,4
961,182,2
2238,267,8
1084,288,9
2839,178,6
2450,143,9
1105,202,2
2146,94,6
2033,156,4
1055,226,9
2876,121,2
1720,130,5
1054,142,3
415,13,4
2049,62,7
915,168,8
2366,213,2
2612,229,4
1698,283,7
217,200,1
860,137,2
2895,241,6
2868,44,2
1738,133,1
2351,30,7
3000,215,7
1498,44,1
1324,221,4
2227,51,2
545,234,5
2801,90,9
1524,194,4
337,288,7
332,255,6
2321,211,6
937,52,2
2909,31,1
920,206,8
243,87,8
2052,210,4
1926,300,9
2680,246,5
1471,214,9
1703,140,1
724,236,5
2411,177,2
234,122,9
1195,237,1
1978,41,8
2549,294,8
455,84,4
1333,147,2
816,271,3
1358,297,6
2612,22,2
134,5,6
1530,165,7
2984,108,7
1322,84,5
183,103,1
2526,200,9
1435,257,7
608,227,6
872,121,6
2167,7,8
1714,223,5
647,253,6
2406,23,9
607,181,1
2631,131,1
2468,268,6
644,29,5
655,39,2
1106,89,4
1091,196,7
2668,61,4
1430,254,8
1613,223,5
728,65,3
1741,221,3
2292,116,6
913,59,4
1759,150,9
2015,206,4
2710,137,6
1007,294,3
2405,291,3
41,142,6
1509,200,1
1726,139,3
2908,265,4
308,62,7
1703,261,1
2420,221,3
1401,184,8
1768,125,6
1091,134,9
1542,226,1
1183,246,8
891,86,3
12,189,3
2703,32,7
317,120,1
1344,57,1
141,149,3
1187,217,5
2550,156,5
3000,163,3
1781,223,5
1388,96,1
2041,9,8
2476,56,1
2813,229,2
952,82,6
2278,282,9
177,58,7
1192,65,9
1659,234,9
274,107,7
2886,1,4
2653,202,7
305,154,5
178,105,9
1589,203,8
913,140,7
1258,240,5
2574,293,1
1474,101,4
861,232,5
882,272,3
1848,186,7
100,115,8
794,214,5
2612,243,4
24,101,9
2156,137,9
2402,293,2
84,223,5
2982,287,5
897,109,6
1306,38,6
1658,199,2
2959,2,7
1036,206,6
39,288,9
899,6,2
1862,99,5
2323,136,6
666,198,3
674,252,9
165,8,2
130,259,9
379,227,8
1429,259,9
2142,73,1
1295,60,5
2950,214,1
1221,238,1
1364,183,1
1068,258,3
1385,113,2
1167,114,7
878,88,7
1472,233,3
1328,140,3
2220,135,8
1313,161,8
835,259,3
2411,300,1
1994,100,3
1055,181,6
2553,210,4
616,258,8
2197,24,3
880,293,1
269,7,4
159,54,8
1560,57,9
1186,260,4
2076,1,4
2840,78,2
1677,133,8
411,47,1
312,236,5
118,46,3
677,133,5
1717,185,1
1059,261,9
1959,100,4
1714,199,1
1713,7,3
2443,78,9
1401,96,5
335,261,9
1832,195,6
757,21,3
2183,6,4
760,273,2
160,245,3
1763,209,6
1761,170,6
1686,111,9
2975,49,8
2642,88,8
1293,46,9
1198,14,7
902,103,5
84,134,8
1518,6,7
2715,285,6
2863,137,5
88,153,8
1916,133,7
2946,296,2
552,300,3
1398,270,5
300,275,7
2173,243,2
2509,158,4
574,84,9
1557,261,9
91,276,5
2189,40,7
2889,221,3
1857,38,8
2002,271,7
356,249,4
1996,213,3
2714,68,5
1042,48,6
1869,25,9
2974,195,5
587,50,4
2953,59,3
2435,14,5
1215,224,5
921,291,6
811,45,3
1214,130,5
2217,13,4
943,228,9
2999,178,2
2846,196,1
2683,216,8
1612,232,1
165,265,1
2105,270,8
2829,64,6
2706,279,1
2644,141,8
497,148,6
1000,216,5
451,245,7
553,164,6
2578,72,8
2565,60,1
1887,45,9
1521,88,1
1887,116,5
1517,215,3
403,191,3
726,230,9
1072,283,6
2298,292,1
2809,199,4
1202,226,9
1179,214,6
2239,234,5
853,6,1
2797,89,4
561,129,9
902,280,1
1630,83,7
2835,207,9
2470,172,7
436,227,9
1286,288,9
1941,147,7
1498,53,4
2699,230,6
2912,265,6
1245,61,9
2209,160,7
929,290,3
2258,11,3
2249,42,4
1041,138,8
1929,156,9
2172,113,1
2806,85,8
1127,132,6
2019,107,9
2732,275,5
2909,105,7
1832,83,1
2187,57,5
763,41,8
291,3,7
819,271,2
2578,196,7
2441,268,9
2340,258,6
2500,216,2
2147,117,9
1675,118,2
1972,154,7
2168,278,3
768,141,9
1383,199,2
523,18,8
1150,265,7
985,84,9
2886,30,5
71,229,4
1474,168,7
2834,250,3
2911,18,9
1299,167,7
2863,155,2
656,16,3
2617,40,9
945,185,9
444,151,9
366,243,1
1227,289,7
1974,215,8
2131,95,1
1631,52,5
2177,220,4
1181,128,5
1346,35,1
1929,189,8
1994,188,2
369,81,8
2021,288,6
132,278,7
2615,297,4
2899,96,8
2680,33,8
870,91,6
2573,87,3
1805,161,2
29,139,8
1875,108,2
1268,27,8
2328,82,3
159,156,7
1716,155,9
1329,94,5
893,262,6
519,57,9
1340,225,4
2204,96,6
266,111,5
2578,63,3
1863,285,2
2657,176,1
2710,15,6
2136,99,8
536,64,7
2583,76,2
2455,148,7
2055,235,9
1556,171,9
1006,205,2
2236,135,7
805,299,9
2907,291,4
1523,176,1
2298,190,8
2543,123,2
5,300,9
810,244,4
645,160,5
2596,81,6
1080,23,8
394,132,2
911,294,1
2197,16,5
978,184,7
2374,264,1
1995,240,4
2779,277,6
1452,177,3
319,55,1
2986,31,6
2402,8,6
1896,220,9
2337,157,5
2434,53,2
1157,61,5
1773,14,9
688,227,7
330,179,7
2283,112,2
2809,54,3
295,81,7
476,277,6
1730,268,2
246,12,7
1130,141,5
1811,228,3
1480,39,5
365,34,1
272,74,1
1022,245,4
115,92,3
307,160,7
1398,81,5
29,182,2
247,191,1
1603,149,3
2970,20,4
1642,157,5
717,72,5
339,90,9
2002,26,1
689,92,6
2392,194,6
1449,35,5
851,141,6
2076,259,6
2116,282,5
1733,58,9
1953,123,4
2571,292,3
147,153,1
336,210,7
1823,15,8
858,156,1
416,146,5
433,125,1
2020,296,8
326,160,8
1619,112,2
2987,277,1
2474,204,9
1463,254,6
141,271,1
1162,180,8
2576,87,2
491,32,9
871,100,6
2985,245,3
2618,160,6
2323,41,1
512,80,7
1181,166,7
1770,254,4
2130,283,4
2182,84,4
2211,113,2
2649,111,4
605,150,4
1427,174,6
1541,175,2
2565,70,1
418,117,6
403,64,4
1711,292,9
1790,247,1
1405,256,1
2532,17,9
2017,197,2
140,38,3
47,63,8
1985,72,1
1244,286,1
2044,286,9
641,87,2
2410,44,7
969,70,3
655,77,6
1271,99,4
1773,163,2
660,260,5
2998,197,1
27,207,9
507,274,2
542,93,6
2899,183,1
1736,187,2
2088,169,4
1311,15,4
1994,230,4
2129,248,6
2295,231,5
67,229,9
2820,179,6
2755,26,1
2355,254,7
2071,126,9
1519,154,9
2475,115,2
2723,17,4
2899,13,6
811,156,7
2744,198,2
1968,119,6
2518,52,3
2488,102,6
2173,58,4
2224,19,3
672,232,3
690,188,6
1826,167,8
989,262,3
1325,44,6
12,148,1
1113,56,9
177,142,6
1998,268,3
2886,38,9
1536,145,4
1157,236,9
819,269,6
1114,104,9
2059,237,7
2657,73,9
2786,41,3
1394,97,6
429,133,1
2328,143,9
1523,203,4
845,135,6
1428,91,4
1923,229,1
1432,152,1
2207,208,5
20,142,8
2541,143,7
909,176,7
904,97,3
2360,196,4
1685,274,8
1155,102,4
1317,28,6
366,297,8
1210,141,7
2956,25,8
2198,264,1
2683,217,5
409,137,5
516,184,1
1990,259,2
2558,58,3
485,32,8
2105,262,9
86,6,3
2864,176,8
1819,195,2
1460,180,2
1178,27,2
2196,294,1
2640,56,8
246,149,6
658,138,9
536,8,9
2797,288,6
2746,225,4
2696,113,8
1482,67,9
1233,29,6
2568,26,7
57,5,9
2074,124,2
311,223,1
1787,284,4
856,218,5
747,76,2
