coupon_id,coupon_code,discount_value,expiration_date,creation_date,used_status
1,MYNBIQPMZJ,37.82,2022-10-10,2021-10-26 09:11:38,True
2,PLSGQEJEYD,47.04,2023-02-17,2021-05-20 16:23:38,False
3,TZIRWZTEJD,36.5,2023-12-30,2023-04-25 22:16:45,False
4,XCVKPRDLNK,24.44,2021-12-15,2022-08-18 01:23:45,True
5,TUGRPOQIBZ,8.77,2022-12-17,2021-03-07 00:41:17,True
6,RACXMWZVUA,9.04,2021-05-14,2022-08-26 00:39:41,True
7,TPKHXKWCGS,22.79,2021-01-16,2023-06-18 00:51:20,True
8,HHZEZROCCK,15.17,2023-12-01,2022-03-23 17:37:57,True
9,QPDJRJWDRK,40.89,2023-11-30,2022-01-17 22:16:23,False
10,RGZTRSJOCT,11.83,2023-07-10,2021-07-16 01:12:16,False
11,ZMKSHJFGFB,11.0,2023-01-10,2023-05-17 10:00:09,True
12,TVIPCCVYEE,6.5,2023-03-29,2021-06-03 23:59:22,False
13,BCWRVMWQIQ,27.28,2021-02-25,2022-06-22 18:02:51,True
14,ZHGVSNSIOP,48.55,2022-05-20,2023-05-17 14:08:59,True
15,VUWZLCKTDP,13.64,2022-06-08,2021-11-22 09:07:36,True
16,SUKGHAXIDW,46.02,2022-05-19,2023-12-08 00:06:51,True
17,HLZFKNBDZE,41.12,2023-01-22,2021-10-22 02:51:00,True
18,WHBSURTVCA,30.36,2023-09-12,2023-10-16 07:31:08,False
19,DUGTSDMCLD,34.81,2023-06-12,2023-03-19 02:31:01,True
20,BTAGFWDPGX,17.67,2022-03-16,2022-10-03 05:00:48,True
21,ZBVARNTDIC,39.83,2023-06-12,2023-10-03 16:42:29,True
22,HCUJLNFBQO,16.99,2023-04-04,2021-09-09 16:34:05,True
23,BTDWMGILXP,21.81,2021-04-21,2022-11-10 22:31:32,True
24,SFWVGYBZVF,39.8,2021-04-05,2023-09-12 00:45:18,True
25,FKQIDTOVFA,23.71,2021-04-15,2021-01-31 03:57:42,False
26,PVNSQJULMV,26.78,2023-12-26,2022-03-03 18:52:58,True
27,IERWAOXCKX,34.56,2022-04-05,2022-01-25 21:22:16,False
28,BRIEHYPLTJ,11.28,2021-10-14,2021-05-13 10:49:49,False
29,VLSUTEWJMX,46.39,2022-03-01,2021-01-04 13:27:01,True
30,NUCATGWKFH,9.1,2022-01-14,2022-12-04 06:41:40,True
31,HUOMWVSNBM,10.83,2023-11-01,2022-04-04 05:19:45,True
32,WSNYVWBFOC,17.73,2021-05-17,2022-03-06 03:14:09,True
33,IWFOQPRTYA,26.93,2021-05-28,2022-07-24 06:15:19,False
34,BPKJOBZZNG,32.83,2023-06-07,2021-03-05 03:11:15,True
35,RUCXEAMVNK,18.54,2021-10-23,2022-10-13 17:05:30,False
36,AGAWYAVQTD,40.8,2021-02-22,2021-02-20 15:01:41,True
37,GDTUGJIWFD,26.04,2022-04-17,2023-08-21 15:47:47,True
38,PMUCAIOZZD,15.18,2022-11-10,2021-03-07 18:50:42,False
39,IEUQUULDEI,43.01,2022-02-02,2021-11-03 08:53:34,True
40,ABBGVIRKLS,33.8,2021-05-12,2023-08-02 20:28:59,True
41,BXWTUPWUOU,34.52,2023-03-04,2021-01-03 16:27:09,False
42,NLRFGMSJAE,46.33,2023-08-03,2021-08-14 03:27:41,True
43,EIKKZLWCKY,8.85,2021-02-20,2021-05-14 18:22:55,True
44,TBBIFESJLM,40.07,2021-01-30,2021-11-09 17:39:23,False
45,REJDPXHBJF,15.75,2021-07-21,2023-03-06 00:15:28,True
46,QXCJMKJNDD,41.08,2023-11-02,2023-09-26 04:29:16,True
47,RPPKZZKDPD,5.03,2021-12-30,2022-09-07 07:59:42,True
48,WPNBJKXVEF,21.25,2021-05-11,2022-09-25 13:50:08,True
49,USMZUCCZCG,37.28,2022-10-23,2023-12-19 07:11:30,True
50,XHBMADMRQJ,28.34,2021-07-23,2022-05-06 15:21:37,True
51,OPZSWVGNCL,43.97,2023-07-10,2021-06-17 22:49:59,True
52,HISYFNGLDC,31.55,2023-08-04,2021-06-06 08:57:58,False
53,WAQOYVGDPM,18.58,2022-06-30,2023-09-25 18:28:46,True
54,IGUBZGTEDG,40.92,2021-04-29,2022-01-11 19:57:33,False
55,OMLREDTPES,20.06,2021-11-18,2022-05-06 10:43:24,False
56,MUVNQPVKPP,24.81,2021-12-22,2021-05-11 03:21:17,False
57,UVGRTHAKWX,17.17,2023-01-05,2023-08-31 23:35:15,False
58,KKBQEITZEM,44.32,2023-05-31,2021-10-06 16:36:34,True
59,SJWWZPCZCQ,46.93,2021-05-22,2021-10-06 18:41:44,True
60,BCHEBJAYOK,41.76,2023-03-23,2023-04-08 08:32:13,True
61,FZEUOLQMQQ,33.72,2021-12-13,2022-01-01 16:56:45,False
62,BSCVZZQYTC,46.34,2023-03-02,2023-01-25 17:25:27,True
63,XNYGJRTNPZ,40.98,2022-12-21,2023-03-27 11:14:45,False
64,MTSHZAVAXF,11.3,2021-09-03,2023-08-07 20:59:06,False
65,JQSIKCPIJY,25.9,2022-12-13,2023-07-26 08:39:12,False
66,NMZMBFUEHJ,39.54,2023-07-27,2021-05-26 12:23:57,True
67,XKBBPNEPTW,29.32,2022-08-05,2022-11-03 03:17:54,True
68,CVWEZLNBTO,8.84,2022-01-24,2023-05-28 12:18:04,True
69,MOBDPYEABT,20.13,2021-08-05,2023-03-09 09:01:25,True
70,TEUKDWRULG,7.73,2021-06-25,2021-12-26 20:54:50,False
71,MZYYPDBTWO,12.41,2022-04-20,2023-03-02 18:32:02,False
72,TUKUDVWTJZ,24.0,2023-01-26,2022-06-04 18:25:17,True
73,EMZJXVZDQZ,26.56,2023-02-23,2022-02-26 08:16:41,False
74,GBZMOLYGOL,41.01,2023-11-01,2023-03-11 19:46:57,True
75,ZUCBBPIAQV,46.26,2021-04-02,2022-08-17 03:58:50,True
76,SSGHCYUYQW,14.65,2022-09-18,2022-11-21 14:25:20,False
77,QNQJDENSNC,27.91,2021-12-04,2021-06-19 21:46:14,False
78,DNCDNYEXAZ,45.11,2022-11-02,2023-05-30 11:14:37,False
79,ONVNAPKXIC,31.48,2022-12-06,2021-01-01 06:07:00,True
80,LCDLWALLFA,40.09,2023-07-02,2023-10-10 11:09:34,True
81,HLCTEGAGVV,12.58,2021-07-15,2022-09-28 03:18:42,True
82,XDXAJLWATH,14.83,2022-08-23,2021-05-06 09:37:01,False
83,EFODPLWIEA,17.11,2021-03-02,2022-06-20 08:54:42,True
84,GLKPJJRUKF,27.15,2023-05-21,2022-04-03 08:52:03,False
85,SCDRSJFMEE,12.83,2021-01-06,2023-04-27 18:24:26,False
86,ZHKQHHYFJL,5.47,2023-02-22,2021-03-31 12:57:41,False
87,NVBETAMCWC,14.88,2022-01-20,2021-03-14 22:37:54,False
88,ENJRNXESNJ,22.48,2023-04-11,2022-08-01 09:11:38,True
89,ULCHOULUQB,24.44,2023-06-19,2021-10-11 15:07:19,True
90,MNANXKOGLJ,19.65,2022-07-23,2021-06-03 12:35:03,True
91,PCFZDIDRTW,49.12,2021-02-18,2022-01-19 17:45:00,True
92,EZWOMFYNNF,13.58,2021-07-24,2022-07-12 12:10:40,False
93,HOKQELOUUC,39.4,2021-05-19,2023-03-18 13:18:15,False
94,PYGJAWOTOA,31.07,2023-03-27,2021-02-23 23:45:00,False
95,GJDYUJRTEN,11.56,2021-06-14,2022-05-31 06:09:42,False
96,WYPCVPYHRY,35.47,2021-12-09,2023-05-02 11:23:13,False
97,MIUADIVBAI,5.84,2023-12-29,2022-01-02 18:57:01,True
98,MQSWMODXIL,9.63,2021-09-13,2023-06-09 06:05:42,True
99,JYVGTCBCZI,14.79,2022-08-27,2021-12-14 16:15:23,True
100,JRKDQHYFCN,8.46,2022-08-01,2022-05-08 06:58:04,False
101,JJQESQUGRD,24.35,2021-11-18,2021-05-19 23:39:53,False
102,NURMXYZIJO,41.56,2021-04-22,2023-11-16 08:51:53,True
103,LSUEFDWDMM,23.94,2022-09-28,2021-05-06 10:10:45,True
104,SOERVJLUPX,33.11,2021-11-06,2021-03-26 23:41:22,False
105,NGPPWQKPUB,43.1,2021-08-12,2021-06-03 13:23:01,True
106,OJEXPBTGAL,23.84,2021-12-28,2022-05-15 00:36:07,True
107,PMAQCVCVXV,45.68,2023-01-02,2023-02-16 11:56:58,True
108,MALBDTAIUW,19.98,2023-08-12,2022-08-30 09:11:27,False
109,JXHEYSJGDN,42.53,2022-09-30,2023-09-03 19:39:18,False
110,OWKMFKNUVN,37.58,2022-04-10,2023-12-07 15:59:42,False
111,EOWEQKEGFO,8.07,2022-07-03,2022-09-20 11:18:49,False
112,LZMNZPMXHZ,6.81,2021-09-02,2023-02-12 23:59:44,True
113,GOGSWBMBHU,35.99,2022-03-05,2022-06-16 21:38:14,False
114,CFLBXUVFHT,27.56,2022-04-07,2022-07-12 17:52:08,False
115,JTCWQYJYLN,37.44,2023-12-25,2023-09-08 03:21:07,True
116,OBUWQVURXN,35.61,2022-09-09,2021-03-14 03:10:00,False
117,SOPIWPGKIB,17.29,2022-08-05,2021-07-24 23:40:46,True
118,BBFLAJUAEC,27.67,2022-01-06,2022-11-28 11:58:12,True
119,ZNVHTMRHOG,36.05,2022-01-14,2021-05-25 15:54:17,False
120,KTDTCZKKRO,25.61,2023-12-29,2023-04-24 15:08:59,True
121,KIAQBGLCGQ,40.09,2021-11-06,2022-06-15 06:04:38,False
122,LGGIVXXJJQ,17.96,2022-10-04,2021-08-01 02:30:08,True
123,MIPLWHBJRC,11.44,2023-10-18,2022-10-04 21:50:54,True
124,AOPXOBZNPO,25.09,2023-09-02,2022-06-16 12:12:21,True
125,ODCCHDYENG,26.98,2021-08-01,2021-02-18 13:37:13,True
126,OTCNRYMBFH,34.44,2022-09-22,2022-11-21 22:31:49,False
127,PHEILKNDRJ,33.59,2022-03-14,2022-09-25 12:44:36,False
128,TRZGWJYOQT,23.32,2021-11-17,2023-08-08 03:44:44,False
129,ORUIIHADTZ,30.24,2021-09-19,2021-09-25 23:47:34,False
130,WDFXNHGJXV,35.56,2021-03-06,2022-07-08 19:07:28,False
131,AXRQNBDMUI,33.38,2022-05-09,2022-12-26 20:16:09,True
132,DXSLHVWWRV,31.58,2023-10-30,2022-12-24 11:58:32,False
133,JHXHCQJVKH,7.37,2022-06-13,2022-01-07 21:31:24,True
134,LUPJSFEZAR,46.8,2023-11-03,2022-07-06 18:26:01,True
135,QKLSUAZEME,37.66,2023-07-29,2023-06-22 09:45:03,True
136,FQCEYGZYPS,36.02,2023-11-27,2023-08-25 18:27:56,False
137,YWGHXEHYML,48.3,2021-02-23,2021-01-21 03:00:29,False
138,TSEUPDTAQT,25.2,2022-03-27,2023-11-17 09:33:25,True
139,LPOJAHRUFV,42.33,2021-10-19,2023-06-17 22:06:14,False
140,PZXPRKWCIE,9.07,2023-01-27,2021-12-08 14:53:14,False
141,TMWGKZJMBG,8.34,2021-07-29,2023-04-25 18:33:52,True
142,BKXXHKOVXV,11.02,2023-10-01,2021-04-29 05:18:33,False
143,VHILVFJALS,15.94,2021-03-12,2022-01-18 15:28:08,False
144,RBXUELAPUB,47.49,2021-09-15,2021-05-20 10:58:12,True
145,AHBAHUKCBL,8.05,2023-05-23,2023-08-02 13:53:53,False
146,VNEGONELJF,13.94,2021-11-21,2021-10-04 17:23:47,True
147,UKXZXNMANI,34.94,2022-07-28,2022-10-10 08:15:43,False
148,RRZXVWOYBS,40.6,2022-12-17,2022-11-17 03:24:44,False
149,DNMFAQETVQ,41.49,2022-10-21,2022-01-09 10:41:06,True
150,XWECKHFHAZ,28.95,2021-12-21,2023-11-14 13:48:34,True
151,FXZVRFWCNT,48.76,2023-04-02,2022-04-13 21:05:07,True
152,DTUOWETTBI,36.58,2021-07-18,2023-08-12 21:55:10,False
153,KZXXMAUBPC,12.56,2021-10-09,2023-11-09 21:16:04,True
154,LJVEOHQLFX,37.83,2023-11-15,2023-08-12 07:43:42,True
155,YMKIZPMAJQ,46.02,2023-01-20,2021-06-17 08:48:27,True
156,JRPBYRSRIV,32.11,2023-03-26,2021-01-08 04:24:51,False
157,BOMXDMLPBA,35.59,2023-08-15,2023-02-06 03:34:03,False
158,IXBIVVSWYJ,25.76,2021-08-12,2023-09-16 11:45:44,False
159,VYGYQQKMIG,37.01,2021-02-02,2021-04-01 23:55:02,False
160,DSKZHSVXRV,31.98,2023-07-19,2021-01-25 11:21:11,False
161,LFEKXASBSE,42.01,2021-03-04,2021-08-30 21:13:16,True
162,LLJUJKPZMT,9.04,2022-09-18,2023-12-13 09:19:18,False
163,NFAZESBOEK,24.06,2021-07-26,2023-09-30 04:46:04,False
164,AXPVVYIXTG,23.97,2021-04-07,2021-03-23 02:27:23,False
165,CRNIFQFCVU,6.09,2021-11-11,2023-01-14 16:34:03,True
166,FSDQUZRTMY,19.63,2023-11-18,2021-07-28 13:46:55,True
167,NIJJANYWII,10.91,2023-06-04,2021-10-29 13:05:17,False
168,RQRKKGWZNZ,14.8,2022-08-17,2022-11-06 03:28:00,True
169,EAYQEZVWZS,38.78,2021-11-24,2021-08-17 04:30:21,True
170,MLOBRNUTZZ,19.72,2023-01-12,2023-09-18 09:11:52,False
171,YHALQFVGUL,12.68,2021-01-06,2021-03-03 12:51:07,True
172,UWPAXXHSHI,45.45,2022-09-19,2021-11-14 17:54:14,True
173,FYNCSOHXWO,13.04,2023-03-30,2021-09-13 21:27:59,True
174,QZZWDGFOCN,6.52,2023-04-21,2023-05-20 18:51:56,False
175,UMIINYYLTK,5.11,2021-07-12,2021-02-04 09:06:31,True
176,CJAPAYIGYM,16.19,2022-02-09,2021-11-21 03:09:56,False
177,MNYUUVMWBS,41.69,2022-12-21,2021-04-15 09:54:28,True
178,OLSESWIKAM,27.63,2021-03-20,2021-08-28 10:30:44,True
179,PQEBCSLLAC,30.1,2022-05-05,2023-04-16 18:24:45,False
180,GWDVRPBKAK,34.93,2023-01-22,2021-01-08 03:32:14,True
181,MEYUINVETE,41.22,2021-03-26,2021-11-06 09:18:13,True
182,MJQBFEEPWU,40.91,2023-01-24,2022-09-16 00:02:24,False
183,WYXBXQBRWX,23.11,2021-08-02,2023-09-18 21:12:34,True
184,WUMFLZSCCR,27.08,2023-12-28,2023-05-09 05:44:55,True
185,FIGZIKWWIZ,18.27,2021-07-31,2023-10-24 08:55:34,False
186,IQOEYOREBU,30.4,2023-12-13,2023-01-12 18:37:30,True
187,SFUQBYKCGU,6.78,2023-08-15,2023-12-15 14:36:01,True
188,ZOTHZOQFWK,17.95,2022-07-02,2023-08-29 01:09:43,True
189,UEPYRBRCQK,43.79,2022-12-10,2021-01-15 09:56:31,True
190,AYCDNTLSOK,13.97,2022-05-24,2022-12-19 13:06:29,False
191,MQLUDEKAFX,37.32,2023-10-21,2023-03-24 02:09:58,True
192,EAKTGBNUBW,43.94,2021-04-05,2022-09-14 23:04:04,False
193,JZMBTYZWFL,36.11,2021-05-11,2022-02-26 01:32:55,True
194,CNBOLTTYIV,49.25,2021-11-04,2021-02-04 16:47:08,True
195,JSZONFAOZI,26.37,2023-07-03,2022-11-14 11:53:51,False
196,GMCLDDALAF,38.31,2023-11-06,2021-09-29 08:20:59,True
197,MTWUAKOZRX,34.03,2021-01-02,2023-01-25 13:41:32,True
198,WPPCBRMZZI,48.17,2021-05-09,2021-11-04 16:38:59,True
199,AUQDCKLDPB,8.89,2022-10-05,2021-04-26 05:50:16,False
200,EQUZJBAMKF,6.04,2022-02-26,2021-10-29 06:13:36,False
201,RWEFFYFUVH,19.68,2021-11-19,2022-12-23 09:53:42,True
202,TKAPUVMBHH,17.07,2021-06-29,2021-02-17 14:42:34,True
203,UJKFHLHFNO,24.69,2022-06-09,2022-05-19 17:32:01,True
204,LSEMSYAFSA,30.26,2021-12-31,2022-08-24 07:07:23,False
205,VMWZFEAAKQ,15.42,2022-06-04,2021-07-02 16:26:38,True
206,ABBYDSTEYE,30.08,2023-01-13,2023-12-04 13:04:55,False
207,VZMZANNSVK,42.6,2023-05-13,2022-09-11 09:33:34,True
208,WHELQGRMCE,43.41,2022-09-02,2021-10-10 15:55:28,True
209,NSVLDNNHPM,40.23,2023-05-01,2022-08-21 21:59:31,True
210,HMHUPMSCII,5.94,2021-10-26,2023-08-05 18:57:03,True
211,QLRATTYPHI,18.85,2021-12-25,2023-04-28 05:03:13,False
212,BTKZMUDRBE,34.27,2022-09-01,2022-10-20 01:49:09,True
213,WMAYNXMNDW,10.58,2021-04-21,2022-04-30 02:11:23,True
214,OTOFFKPNFS,42.96,2023-01-23,2021-10-02 16:05:55,False
215,JYQDLLEULY,9.66,2023-01-23,2022-10-04 06:22:42,False
216,PUQYBGIFXS,7.95,2021-01-27,2023-05-08 05:36:26,True
217,KJMUBJRNBV,5.33,2022-11-13,2022-02-19 23:21:24,True
218,NIMXGLEEDT,31.46,2021-11-03,2023-10-13 09:31:48,False
219,LFANSMOCUW,22.69,2021-01-03,2023-03-26 01:53:12,False
220,WVCYNRXREF,43.88,2021-11-03,2021-07-07 00:20:46,True
221,EGFHAQEPLT,49.04,2021-12-19,2022-10-08 20:32:20,True
222,XJWZKVDZNY,23.19,2022-04-25,2021-05-17 12:46:04,False
223,IFKUQKRWEM,34.82,2023-08-04,2022-06-28 13:04:41,False
224,XXRJHMLMPQ,20.52,2023-03-13,2023-09-17 23:18:41,False
225,JNNDVEEAST,24.51,2021-09-17,2021-01-15 07:14:05,False
226,UWQDWYUWGT,18.21,2021-05-23,2023-04-22 04:36:33,True
227,UTQDIWXTFM,29.28,2023-01-23,2023-01-18 15:30:51,False
228,CZBADLXPKD,33.26,2023-07-19,2022-04-06 21:04:47,False
229,VOLSWIVPZY,11.21,2022-09-03,2022-08-30 01:13:59,True
230,HFRRCYQFAU,7.41,2022-08-30,2023-06-03 07:39:49,True
231,FQNTVGOWVM,12.94,2021-09-27,2022-11-18 01:08:11,True
232,IASEMFOSBM,28.46,2021-02-14,2023-09-13 17:31:32,False
233,ZCUSMKHQOB,15.15,2021-04-07,2023-02-10 13:38:32,False
234,PTDIQPRUMP,19.73,2021-05-01,2022-07-07 14:09:19,False
235,IFHRLFJTEO,49.19,2021-06-03,2023-01-11 11:16:45,False
236,CCPMSNRCIP,43.68,2023-02-09,2023-02-25 12:34:46,False
237,HDJELZDEVB,37.6,2023-07-17,2023-02-25 00:17:04,True
238,VESRGABMRW,11.06,2021-05-28,2022-01-15 10:00:37,True
239,YTPWWDPRLY,38.12,2021-04-23,2021-02-11 22:55:29,False
240,KDVAHHPJIH,49.36,2021-11-15,2022-07-18 07:39:57,False
241,APLQKCCJSN,16.0,2022-09-02,2021-12-23 22:32:08,True
242,HXLMYEHJGX,32.22,2022-05-15,2022-01-20 22:05:19,True
243,YPVZLJMTEY,11.88,2022-03-03,2022-04-24 05:31:37,True
244,DMLQPHUWLU,14.71,2021-03-27,2022-01-29 22:02:09,False
245,LNILMYYWJD,16.81,2023-08-01,2022-11-01 07:44:38,True
246,PJDOELHXFK,17.37,2023-09-11,2022-11-11 00:30:09,False
247,PHDVMMOQOS,11.67,2023-02-17,2022-03-08 12:45:38,True
248,THVMQJPHKQ,47.52,2023-06-28,2022-03-14 19:44:17,False
249,VACPKMHNBS,10.18,2023-11-21,2021-07-16 19:19:12,True
250,YBNCIGXKFD,27.21,2023-01-11,2021-02-08 05:05:03,True
251,FZWLAHBAMR,8.63,2023-03-23,2022-01-11 23:57:14,False
252,AEDTTGCXOG,6.04,2023-04-26,2021-07-30 02:56:10,True
253,AQTNCRFHHN,43.42,2023-11-19,2023-08-09 20:43:54,True
254,MPZANGMYBT,43.6,2022-05-22,2023-02-12 18:04:25,False
255,IASLWLKVOU,31.6,2023-09-30,2021-11-14 15:21:11,True
256,ETQCIDWDIA,41.86,2021-06-01,2023-05-24 11:49:53,True
257,WETYVEMGSV,39.06,2023-10-22,2023-05-09 22:09:59,False
258,KGNQQDRDWP,39.91,2022-06-14,2023-10-29 03:14:28,False
259,DQOPFORKEN,27.04,2022-02-07,2023-02-08 23:00:45,True
260,IMCSQKHOHL,7.24,2021-01-31,2023-02-16 16:40:59,True
261,PYNAOXARMY,41.41,2022-02-24,2021-03-27 00:00:00,False
262,YOHNHIPPEH,39.57,2021-04-04,2023-08-09 12:30:18,False
263,OJLUPTEQVC,45.03,2023-10-23,2023-10-20 09:26:07,False
264,GJQUVDBEKB,13.42,2021-02-22,2023-05-07 00:03:34,False
265,KTZFYOMVGN,8.24,2022-09-19,2023-01-03 17:52:55,False
266,PGFMBZZYKY,13.96,2022-06-26,2021-03-10 22:15:39,True
267,VQGXKFQRWT,39.09,2021-01-09,2021-01-28 08:58:37,True
268,SNEUWTPVSG,43.82,2023-01-04,2023-12-20 12:41:01,True
269,TOBHPTKRXG,16.23,2023-05-30,2023-08-17 21:18:45,True
270,ABBEHOVTHV,33.0,2022-06-30,2021-06-06 07:22:03,True
271,VDYQNUUJVK,18.21,2021-10-16,2023-12-04 12:13:37,True
272,PVGFLRLWOM,20.96,2022-01-15,2021-12-21 10:49:07,False
273,OVKOCEHYDY,35.2,2021-10-16,2023-06-13 13:01:33,True
274,EMOWRGLWBA,24.16,2023-03-01,2021-04-30 21:42:53,True
275,MGCNSSZNRG,35.12,2023-07-15,2023-04-18 12:18:30,False
276,UAVEQUPJMR,7.16,2023-08-14,2022-01-11 03:15:04,True
277,RCCTXPYAGN,37.85,2021-09-14,2021-08-24 05:00:13,True
278,TYLJCXAYZH,20.04,2022-03-04,2022-10-21 19:08:33,False
279,TASQLEOIDS,15.32,2023-12-04,2023-06-03 03:48:41,True
280,OIHMMXQKHS,21.36,2022-11-13,2023-10-22 11:32:53,False
281,ICBEKUSSPC,31.4,2022-12-16,2023-10-07 23:18:19,True
282,QPNKMXADNT,18.94,2021-08-02,2022-04-18 15:03:30,True
283,VEYEADWNHB,24.22,2021-12-02,2021-08-09 04:16:17,True
284,UIIMDLJLTZ,38.77,2022-02-24,2023-09-15 09:28:00,True
285,UGXRRBKQRA,29.38,2021-10-18,2023-10-15 15:25:51,False
286,FPAUIKELDT,26.41,2023-12-24,2021-11-29 10:56:32,False
287,RNZYCISDQC,27.23,2021-07-12,2022-02-08 03:17:28,False
288,SEPBQZHLDR,40.93,2023-10-24,2023-08-12 21:36:56,False
289,WGFWVHMGTW,6.3,2021-12-11,2023-06-07 11:57:04,False
290,XOLFIXLRGG,23.98,2021-08-05,2022-12-15 10:07:00,False
291,OKEIRVYYAC,15.17,2021-05-10,2022-04-01 23:58:27,False
292,VKJWZKBCTA,23.18,2022-02-23,2022-03-12 17:34:11,True
293,JZDFWIGQRL,35.22,2022-11-29,2021-08-17 20:31:41,True
294,OCNQRNDCSO,22.48,2023-01-01,2023-12-04 16:18:01,False
295,KFJHUNVWJB,13.14,2022-06-21,2022-02-01 05:38:06,True
296,AAUICVKKRU,43.62,2023-10-07,2021-12-18 19:10:21,True
297,JBZWHWQEIT,48.49,2021-01-14,2023-04-30 23:08:28,False
298,BZMNISHIKZ,28.87,2021-08-12,2022-10-10 13:08:58,False
299,RPOWDNLFQB,38.88,2021-10-31,2021-11-17 15:39:12,True
300,HWZPMAHCJD,37.17,2022-06-29,2022-01-17 03:46:40,True
301,FEOAYLQNDQ,43.31,2023-12-28,2023-11-19 16:17:42,True
302,HPJIMNPWBF,24.47,2022-01-19,2021-03-03 20:46:47,False
303,WQLGHEHZJZ,30.91,2021-03-09,2023-02-28 22:42:34,False
304,EFRIRAFHXN,46.63,2021-01-29,2021-07-31 03:17:41,False
305,WFHYRESVFX,15.18,2022-02-05,2022-03-04 04:29:07,True
306,HQYJZZWXAX,49.25,2021-10-19,2023-07-05 06:27:10,True
307,OZGBNFMQMG,39.27,2023-06-12,2022-07-14 07:27:48,True
308,MRQPDECRAC,14.03,2021-02-27,2021-12-12 14:23:38,True
309,AXHXMOVINL,33.23,2022-11-13,2022-02-15 07:12:13,True
310,VMIXCYFSHX,12.42,2022-02-08,2021-12-07 03:05:41,True
311,GBYBQZCWOH,32.3,2022-07-11,2021-01-29 07:34:16,False
312,OWYYVETUQJ,26.27,2023-06-22,2023-03-25 10:16:03,True
313,ATELVLLJQU,43.3,2021-06-14,2023-07-27 10:51:09,False
314,WIEAPZXGTM,31.49,2023-09-02,2021-04-27 18:19:35,True
315,KPJOEPJZWK,19.05,2023-10-13,2023-02-05 23:35:45,False
316,LUTMMSMWQJ,29.53,2022-08-07,2022-02-23 04:40:10,True
317,VYSHGNGIQF,26.29,2022-02-25,2023-04-18 14:49:54,True
318,QEZTQYRYQU,14.53,2022-05-17,2021-12-03 22:08:35,False
319,PKINJOUQBZ,14.67,2022-09-16,2021-02-17 04:30:37,False
320,XGIOWCAGTD,35.74,2022-06-14,2022-07-09 09:28:05,True
321,IZAGFTFVLT,37.91,2022-08-08,2022-08-12 11:55:03,True
322,ZIAVVAATFJ,16.03,2022-07-02,2022-10-15 02:38:35,True
323,HMPXLLCSNZ,11.59,2022-05-08,2022-11-15 22:00:05,True
324,DWAYFATRIL,24.56,2021-10-28,2023-05-13 11:13:41,False
325,XGMGKFZFPV,38.68,2023-03-29,2022-08-06 01:02:29,True
326,ETSQNSUHAB,42.22,2022-04-18,2022-10-27 12:31:39,False
327,NTBUUUEQCN,19.34,2023-10-26,2022-02-09 14:06:59,True
328,JKUUTGWBKE,38.24,2023-12-29,2022-03-11 10:18:51,False
329,KVXIPPTKIU,31.51,2023-01-30,2023-04-19 22:57:03,True
330,COZYFDQIRW,13.25,2021-11-02,2022-03-28 12:23:44,True
331,MTONVFTNYE,46.34,2021-03-15,2023-11-13 15:10:08,False
332,VVYZDSYDFX,6.94,2021-03-10,2022-06-11 21:52:21,True
333,PJVXDVYNII,47.48,2022-03-09,2023-06-16 11:57:28,False
334,ZDULQRZCAB,48.12,2022-07-09,2022-03-28 07:41:13,False
335,TAYEDNMZPA,49.99,2021-08-31,2021-01-06 17:17:00,False
336,KUECWMUSXH,35.66,2023-08-27,2021-01-06 03:27:49,False
337,BGNABTZMER,39.96,2023-06-24,2022-07-22 14:18:02,True
338,XWJNMRBXOR,46.1,2023-01-07,2021-07-13 07:46:39,False
339,EREUGSFCSP,35.43,2022-04-18,2022-08-07 10:33:20,True
340,JIIGMVAUBQ,17.93,2022-08-19,2022-07-05 03:28:25,True
341,YYCAUJEYEY,10.6,2022-01-18,2023-07-15 16:52:34,True
342,QEDKAXKEKS,48.45,2021-02-07,2023-02-14 07:32:47,True
343,YCCLGIOKVP,21.0,2021-08-22,2023-01-16 08:32:28,True
344,PRQCCKOMYM,15.54,2023-05-06,2023-12-29 12:28:03,False
345,RPRNQCHEUM,38.93,2022-03-01,2022-07-23 15:29:53,True
346,QKECEEBMUS,34.65,2021-09-27,2023-05-13 21:20:15,False
347,DVCQISJLVX,23.74,2022-09-23,2021-08-31 09:28:55,False
348,PMSKXVTOQL,7.28,2022-04-18,2021-09-03 10:02:28,True
349,HYQBXMZLKZ,7.93,2023-08-11,2021-01-29 03:46:19,False
350,QAHSCPDLNY,19.72,2023-11-02,2022-09-06 10:29:16,True
351,THRAQQDBSL,45.44,2022-02-14,2023-07-07 15:04:51,False
352,BLFKIPPYNA,39.17,2021-01-30,2022-01-16 16:18:54,False
353,ZUYHUUPXXL,46.41,2022-06-24,2021-06-14 16:58:39,True
354,VZZXFBYXPQ,6.06,2021-06-19,2021-08-06 13:30:33,False
355,VFMWJVSPGA,34.21,2023-05-27,2021-11-08 22:21:57,True
356,WOTTVFTOKS,35.05,2022-07-24,2022-04-15 18:03:12,True
357,KNSYUEQNMH,47.75,2023-11-29,2022-03-04 12:30:25,False
358,LMJHGIHRSL,42.55,2022-06-18,2022-12-24 09:15:28,False
359,OHTKTUEKHE,40.25,2023-03-17,2023-07-17 11:36:19,True
360,YIRFRWWTDO,15.03,2022-05-24,2022-02-06 02:06:35,False
361,PGWFTLTHWZ,24.48,2023-12-30,2021-12-18 11:38:30,False
362,CRPGJMIQGL,21.97,2023-07-23,2022-04-15 23:52:04,True
363,NKXABGGTFR,37.11,2021-12-13,2021-04-06 13:01:45,False
364,OCIQJWPNKV,44.65,2023-02-27,2023-03-18 16:51:45,True
365,XWWMBDBKFY,40.05,2022-01-05,2021-08-13 12:10:12,False
366,ITXROJRNPL,21.91,2022-01-29,2021-12-22 07:11:03,False
367,HVCXCZUCQA,37.95,2021-01-29,2023-07-20 11:36:43,True
368,VSQKXTDSHA,26.59,2023-03-08,2022-07-02 10:12:28,False
369,BZDXJCSMWE,7.31,2021-09-16,2022-06-04 17:51:10,True
370,YSTQGIJFFS,23.95,2022-05-05,2023-10-22 03:15:08,False
371,HEEHIPZJEX,14.58,2023-03-21,2023-06-03 22:54:16,False
372,TIGCEVNFGS,25.61,2021-11-20,2021-11-08 12:31:30,False
373,ALRVPVEYXI,30.63,2023-08-25,2023-01-21 19:31:08,False
374,CXWTWIZTXH,42.08,2022-02-15,2021-07-01 02:53:17,False
375,AEGXSVANEE,13.68,2022-06-19,2023-09-11 11:12:34,False
376,PRBQKHVFOK,16.65,2022-01-15,2023-02-13 09:30:48,False
377,VOHUUXIVWG,20.38,2022-09-01,2022-01-28 17:13:33,False
378,DLPILRSJGJ,29.09,2022-06-20,2021-11-11 17:18:09,False
379,RMCFMDSUDQ,24.41,2023-04-21,2022-09-05 13:56:10,True
380,EWOENIXRGY,22.7,2022-08-12,2022-09-28 22:45:41,False
381,ZFXCIOKMQB,36.27,2022-05-13,2021-03-08 18:24:33,False
382,LMXXMREYWW,40.32,2022-05-29,2022-11-07 01:33:03,True
383,RSEUBJTOQY,17.91,2023-10-29,2021-04-05 23:54:09,False
384,SNGOGMCDRM,33.49,2022-11-08,2022-08-14 15:38:47,True
385,DQVOXUFBGH,10.14,2022-09-21,2021-04-20 19:06:49,True
386,HDTMNCRGQG,31.28,2022-03-31,2022-12-22 07:55:18,False
387,GPCGDQETGR,44.78,2021-12-29,2021-11-18 20:35:16,False
388,SQUTNTMUIV,12.78,2023-10-03,2023-09-27 21:03:45,True
389,ZPUUTZALLY,22.95,2023-04-13,2023-11-09 08:49:38,False
390,ZGWUBGOGQV,44.1,2023-12-24,2022-05-24 00:49:55,False
391,GAEHOPCTIU,6.6,2021-06-14,2021-02-03 13:55:50,False
392,JMKXXVWJVC,41.95,2022-03-10,2021-08-10 03:38:29,False
393,TDPLTTUCHE,23.61,2021-05-13,2022-11-19 12:15:27,False
394,NHAPJEQULX,11.13,2022-06-15,2023-02-23 21:05:56,True
395,VEDQKKVXCL,44.93,2022-12-15,2022-12-15 13:40:22,False
396,ZGGJQWNUXX,41.96,2021-08-18,2023-11-20 18:36:56,True
397,MMBEOCJUVE,42.37,2023-04-18,2022-10-16 00:17:57,False
398,QGTPLESESN,49.54,2023-01-28,2023-02-26 13:03:46,True
399,IXGDFEORNF,39.19,2023-04-28,2021-02-25 14:41:21,False
400,BJYPSCVLUD,12.72,2021-05-10,2021-07-22 19:45:34,False
401,DPHQBAWVZS,5.4,2022-02-02,2021-08-21 05:57:18,True
402,COIXSIWRZM,28.17,2021-11-27,2021-12-10 00:15:45,True
403,FHUDVSXYQF,43.44,2021-09-11,2023-02-02 05:13:38,True
404,PUUHAHEWTV,15.11,2021-07-03,2021-04-25 02:46:29,True
405,YEUEYZSTFC,15.03,2022-02-22,2021-03-13 00:45:24,True
406,DIDITOSYIS,36.69,2022-05-21,2021-04-17 08:31:14,False
407,NBWCEOBLKI,28.86,2023-05-04,2023-04-16 09:38:18,True
408,UNMAJUHGYC,5.6,2021-01-25,2021-02-14 07:48:00,False
409,SXEHQGOKAY,15.12,2022-06-14,2021-01-04 23:52:15,False
410,INSQREWKWS,14.73,2023-02-28,2023-04-27 23:34:07,False
411,URMGJDOUUI,19.75,2021-01-01,2022-05-20 11:10:07,False
412,HZUIYJCLEO,47.89,2021-08-27,2023-10-28 17:21:30,True
413,AMUOBUYYJQ,5.71,2022-07-13,2021-04-12 17:00:12,True
414,TYNOTSXQGF,9.07,2023-01-18,2022-07-17 04:20:49,False
415,AIDMWIGPPI,8.3,2021-06-08,2021-03-12 07:56:21,False
416,QMETPIFWAG,12.77,2023-07-18,2021-12-03 04:17:06,True
417,KIWWDVANJK,37.59,2022-01-13,2023-01-01 10:31:33,False
418,TXGKNYEUDH,18.73,2022-08-25,2023-05-02 13:35:34,False
419,LYXPOFVLNN,18.21,2023-10-29,2021-04-20 19:12:53,True
420,NLSDCRZOED,13.49,2021-12-25,2023-06-19 05:41:16,True
421,AZQWMUPHMU,33.9,2022-02-15,2021-11-07 09:45:41,True
422,XDNBVJTFJI,15.82,2021-03-21,2022-04-26 06:44:34,True
423,QDRVVKAEAC,25.68,2021-01-09,2022-04-24 22:25:48,False
424,KYKOGHLVSO,9.8,2023-07-24,2021-02-15 15:20:49,True
425,IRFOMADADK,34.78,2022-06-21,2021-12-12 02:08:43,True
426,XGJRDQYJCD,43.35,2023-04-18,2023-01-24 08:29:14,False
427,RTJXBHDVFO,32.43,2023-05-31,2023-09-18 14:29:14,True
428,FFOIWFOWSA,6.42,2023-11-23,2021-10-05 09:37:28,False
429,RMADDJCUYM,17.02,2022-02-22,2022-01-05 01:01:55,True
430,GIXMHOUTQR,15.31,2022-05-12,2022-06-19 01:02:00,False
431,LFNUZASNTH,20.44,2021-02-17,2023-08-31 12:38:40,False
432,JLQKPUYXOX,42.52,2023-02-28,2021-03-25 07:51:22,True
433,WILIYFFHOK,5.9,2023-08-03,2021-04-06 18:06:46,False
434,UALPTZWJVH,9.25,2021-01-03,2023-10-05 05:03:22,True
435,ADOXQFGMWT,29.02,2023-06-17,2022-12-04 07:54:17,True
436,KREBPNOZOL,32.35,2022-08-26,2022-05-08 04:50:22,True
437,AGSGCPEVCX,47.75,2022-01-09,2023-04-15 13:08:26,False
438,QWVRMTIGCN,43.71,2022-12-17,2022-08-09 01:49:13,True
439,ARPWXKXAGT,10.18,2023-12-04,2021-03-14 02:21:38,False
440,JYYZNOWQWJ,7.14,2023-11-09,2021-03-09 02:08:22,False
441,CBCLMUNMZU,26.65,2023-01-23,2023-03-13 04:55:18,False
442,WYUYHJPMRA,47.38,2022-03-30,2021-01-25 12:02:20,True
443,UNUJVPEMVN,45.55,2021-07-16,2021-10-15 08:05:45,False
444,MWYSXTJPRL,36.92,2022-08-23,2023-05-06 16:48:55,False
445,JNSUYFLBNO,15.96,2021-02-12,2021-04-22 02:33:31,False
446,OJCVHKHMAT,46.43,2021-12-05,2022-01-10 17:22:16,False
447,KEFPCYDFTB,20.73,2021-12-20,2023-01-29 10:23:10,False
448,HUFAUQVNVN,24.85,2022-10-19,2023-11-22 04:29:33,False
449,FJMOJRBFPF,28.12,2023-10-21,2023-05-11 11:44:13,True
450,DVDPXJXZJJ,36.42,2021-04-11,2023-05-10 14:42:13,True
451,MBSIKYOCBY,30.2,2021-05-25,2023-02-18 07:12:42,False
452,UWJHOUJRGM,33.3,2023-11-18,2022-01-07 04:50:57,False
453,CNBBZCLAJJ,39.29,2022-04-28,2021-04-02 05:07:30,False
454,BABTBETFPU,38.36,2021-04-22,2021-12-09 11:30:54,True
455,CSEAXREZDC,25.75,2022-06-09,2022-11-19 07:29:11,True
456,WCTYVDGDPN,5.59,2021-07-25,2021-01-17 22:58:35,True
457,CDPWOQXFRD,15.61,2022-10-29,2021-07-14 19:19:10,False
458,ELXNQECUQB,43.47,2021-06-28,2021-03-09 23:28:28,False
459,XRHDXZMLQK,45.95,2021-06-25,2021-09-19 21:24:25,False
460,RWSRMJHSWC,32.43,2021-11-26,2022-12-05 10:06:58,True
461,ETMYLXJLQL,33.29,2021-06-09,2022-01-03 10:26:58,True
462,AAAEIXVWGU,47.85,2021-09-28,2023-01-05 11:49:14,True
463,EFDPXPVEII,37.48,2021-10-28,2021-05-29 14:50:54,True
464,EBFVLXKGUD,19.14,2021-11-08,2023-11-02 09:37:17,True
465,QZPEUIKGUD,48.81,2023-04-12,2022-05-12 13:36:04,False
466,TVWHLZMYDI,24.74,2022-07-27,2023-11-21 09:59:46,False
467,YMRLBUKHMB,14.13,2021-05-02,2023-04-08 07:22:02,True
468,YNRIYZFIBX,22.27,2023-03-28,2022-10-30 12:41:01,False
469,IXCKUNAYVI,7.06,2022-01-23,2023-10-04 09:09:51,True
470,HUYWFILQUD,41.9,2023-10-19,2023-06-09 13:49:37,False
471,FPGSTSCNJW,15.35,2023-11-15,2022-11-21 00:38:01,False
472,VBIAAZTFKF,49.83,2022-03-03,2023-06-05 08:46:14,False
473,MHSRGBURYG,24.71,2021-10-31,2022-01-08 19:46:31,True
474,ORVOSTKLLD,24.77,2023-02-17,2022-01-20 04:16:57,True
475,YZANLFPHXV,7.88,2021-10-27,2021-04-15 00:48:05,True
476,XUZXXUMYTA,43.73,2022-03-03,2022-02-20 12:50:26,True
477,VGTXPNYMFE,43.37,2021-05-03,2022-08-07 15:48:13,True
478,VNMOXXUXGI,7.7,2021-11-24,2023-01-22 02:15:21,True
479,CWFSAJXFDE,16.35,2023-08-17,2022-09-02 00:03:28,False
480,IFMIQUNKRX,11.99,2023-12-27,2023-10-25 15:30:30,False
481,NPODITKIIX,8.03,2023-12-19,2021-10-08 02:16:13,False
482,JMTQAPUQQG,27.71,2023-01-15,2022-03-25 02:55:57,True
483,NIXUYNXBAN,28.15,2022-01-05,2022-03-31 17:12:06,False
484,RCZIWZAAPV,31.71,2021-04-20,2023-07-27 23:01:13,False
485,ZMRLRPQORX,43.06,2023-07-07,2022-02-11 18:18:53,False
486,XWPSFZSYAT,48.35,2022-06-22,2021-01-09 09:44:47,True
487,LGJNCHDFZT,6.08,2021-01-03,2021-11-26 14:53:03,False
488,OUEPKOWEPZ,20.2,2023-07-02,2021-12-16 03:50:27,True
489,IPKWQXZHYB,38.04,2022-04-21,2021-12-25 14:51:04,True
490,LQIMRUTDJE,8.81,2023-10-29,2022-12-27 13:07:09,False
491,QEECKGBAPP,18.59,2021-09-25,2021-01-11 16:59:00,True
492,CSQBEUOSES,10.16,2021-11-24,2021-05-19 15:49:44,False
493,ICJLEOLBKD,13.28,2021-01-28,2022-09-09 05:56:28,True
494,DTVDJVJSLF,32.14,2023-04-10,2022-05-16 18:28:54,False
495,YAVYPMMUGC,33.11,2023-10-05,2021-04-16 18:01:13,True
496,NIPNVPMENZ,31.72,2023-12-24,2023-02-11 19:05:09,False
497,GYNUYGICZE,17.6,2022-12-28,2021-01-16 11:53:52,True
498,OKLJZZOKHF,30.14,2023-08-15,2022-07-23 17:23:51,False
499,OEWKZHPEDR,10.46,2023-09-11,2022-12-02 17:28:06,False
500,STOXKFCVKF,26.4,2023-03-30,2023-10-22 03:59:01,False
501,ILVWDDMKYK,21.32,2022-06-21,2023-02-09 08:36:07,False
502,JKYAGVUJUF,38.91,2023-08-05,2021-03-19 00:57:38,True
503,FRFPHCWQIW,40.38,2021-12-18,2022-03-03 23:29:18,True
504,DBMXCMOPVE,20.06,2022-09-17,2023-05-27 07:55:16,True
505,WEBDEUDMTD,35.37,2021-08-05,2023-11-18 10:02:43,False
506,JCSSDGXJMF,49.48,2023-07-15,2022-02-26 21:42:11,False
507,QOWIYKUFUZ,11.63,2022-07-25,2021-11-11 06:57:29,False
508,MIFFXCGUQY,34.86,2023-03-01,2021-09-26 15:19:59,False
509,LVXOVCKQNZ,13.09,2023-03-01,2023-07-23 08:51:25,True
510,ZJOZBELFPH,20.6,2021-09-06,2023-05-19 01:24:09,False
511,HCEYONDLYH,43.0,2023-02-09,2022-01-29 14:39:25,True
512,DKEGHTRKVP,42.58,2021-04-26,2022-01-27 23:50:15,True
513,KSUPQVIYJA,18.01,2021-11-20,2023-03-08 18:03:37,True
514,TVTFIGQRWD,34.18,2023-02-14,2021-05-18 08:45:07,True
515,JOFDBOQQRT,24.95,2022-07-18,2021-06-13 22:37:19,False
516,SRXVMNKTZK,33.34,2023-01-04,2022-09-26 18:53:28,False
517,HKPEQXXAXP,48.78,2023-07-15,2022-08-09 19:48:19,False
518,ZEACRAEYDB,44.06,2022-10-11,2023-04-02 00:00:47,False
519,KJVGYCVBYH,33.65,2022-01-31,2021-04-09 07:10:20,False
520,XFZLMUQTVL,30.08,2021-09-30,2022-06-25 08:46:20,False
521,NGMXBTXHSA,35.08,2021-01-06,2023-09-26 05:56:43,True
522,OXANEYGCSU,36.46,2023-10-06,2023-08-20 18:06:03,False
523,EZKYIJYOKQ,40.39,2023-01-31,2022-02-17 00:48:44,True
524,NPKZIQJOZR,32.99,2022-02-15,2022-02-16 02:27:52,True
525,KMVKMYIWAG,33.88,2021-03-04,2022-10-30 11:16:00,True
526,WOYJMNXXVE,17.25,2021-04-21,2022-11-24 15:54:01,False
527,FPGFTGCIQQ,45.99,2023-07-23,2022-11-28 12:14:44,True
528,FSFVPDPHNF,46.34,2023-10-15,2022-09-27 21:26:44,False
529,DBQBWXCZXX,44.34,2021-02-19,2022-09-28 04:07:40,True
530,DSEESGULLD,35.54,2022-06-20,2022-10-12 04:15:29,False
531,DMPEKSQGTH,17.48,2023-05-20,2022-01-30 02:46:14,True
532,YTSOTJDEND,48.55,2023-01-21,2021-06-09 00:13:56,True
533,XGWEFWIIZV,10.16,2022-11-09,2021-08-20 12:47:07,False
534,KFOWKRDYCM,34.21,2023-06-07,2023-04-19 08:28:51,True
535,ABGKNHZKNS,29.13,2023-09-16,2023-04-05 08:55:01,True
536,DKCPTPJHMW,22.75,2023-01-26,2023-05-14 06:03:24,False
537,BLKFCRIOAZ,36.64,2021-07-11,2023-08-11 04:41:39,True
538,ZTUFEXRSKV,42.45,2021-11-10,2023-06-21 22:45:28,True
539,XOWCZMIOJA,11.6,2023-10-25,2022-10-13 20:52:26,False
540,MAZOZDEZJK,33.06,2021-03-18,2021-01-29 21:44:01,True
541,JTEPZOATKE,37.89,2022-07-29,2022-05-09 16:48:58,False
542,NZAJFSZZFC,16.06,2022-08-28,2021-10-12 21:07:09,True
543,NYQORUYENK,39.04,2022-02-08,2022-09-14 08:28:33,True
544,EWRLSFCCHD,12.58,2022-06-19,2023-12-11 11:53:38,False
545,GPWUGAZMKI,38.1,2023-03-31,2023-03-28 23:37:11,False
546,LSIOQXBJON,23.28,2023-07-17,2022-04-12 10:37:33,False
547,HYXXPAQTXM,38.46,2022-06-11,2021-02-24 20:18:10,False
548,WZZKGSLJZF,37.32,2021-08-06,2023-12-20 07:31:48,False
549,FXWIGZDLXM,34.36,2022-05-26,2022-05-18 14:44:16,False
550,EJZIWTFMAV,34.87,2021-08-21,2023-11-22 07:21:54,False
551,CFMNCCVSHR,11.09,2021-07-08,2021-01-20 08:42:06,False
552,CGKXORWTZD,34.03,2022-07-09,2021-02-16 17:20:58,True
553,YFZFYTSTBO,33.88,2021-05-22,2021-01-21 04:29:50,False
554,YIGRBPCAUB,16.12,2022-02-25,2022-01-21 06:17:22,True
555,TGFPYVGQJS,25.71,2022-06-30,2022-07-24 05:08:31,True
556,XSCELRZZAT,9.21,2022-09-13,2021-11-10 19:45:53,False
557,KUJRZHSJAS,46.39,2021-06-11,2021-04-26 14:50:55,False
558,NLCKIYLDJS,23.59,2022-05-03,2021-11-18 07:41:41,False
559,ELBXAUTMAN,13.62,2023-06-28,2021-03-07 11:03:59,False
560,HNSOJAFWSO,22.78,2021-08-08,2021-12-02 14:28:43,True
561,RCUYAVBZCE,28.16,2022-08-29,2023-10-02 02:49:37,False
562,MMTFXHURDA,37.42,2023-02-25,2023-07-14 14:56:46,False
563,BMMJFMAVKU,31.54,2022-03-16,2023-07-01 23:34:28,True
564,NQGQZLTHVB,44.62,2022-01-29,2021-10-16 12:33:03,True
565,NPQUBGKOXF,23.83,2022-07-10,2022-06-23 11:02:33,False
566,SGGBGDJYKK,15.5,2021-09-10,2023-05-05 07:36:15,False
567,XJZEFSXNIB,8.18,2023-05-27,2023-04-24 05:21:31,False
568,MZZDYSZPFZ,27.89,2021-03-29,2022-03-10 14:18:04,True
569,MZHNYMERUO,5.68,2021-06-22,2022-10-13 17:22:11,False
570,TWLBUTQHGQ,36.33,2021-10-29,2021-06-10 15:17:18,True
571,MPHSXCRDEF,37.32,2023-01-06,2023-12-14 14:42:10,True
572,JAKDETUQTZ,16.63,2021-05-24,2023-02-06 07:23:58,False
573,FRNIAYZLEB,44.66,2022-05-04,2023-12-06 15:33:37,False
574,QGWOVTIYNY,29.5,2021-12-10,2021-08-24 01:03:29,False
575,BYHSIGKVDW,7.19,2022-01-31,2022-10-24 05:54:48,False
576,IPLJBIWDLJ,45.14,2022-11-20,2023-07-24 12:48:56,True
577,GKHHGGVMDR,28.73,2021-09-19,2021-01-12 08:25:49,False
578,IVFLMARVBR,11.91,2022-10-27,2022-07-12 23:34:33,False
579,NVDIZWGQJX,20.7,2023-08-30,2021-10-01 14:28:24,True
580,CDQNVRLFEZ,6.97,2021-11-13,2023-06-30 10:03:44,False
581,DJXZXYJFPJ,20.9,2023-05-10,2023-01-14 04:30:33,False
582,HRSWHCPZGL,24.39,2023-03-22,2022-06-02 23:38:28,False
583,NIKDZEOULQ,8.53,2023-05-02,2021-01-12 22:11:13,True
584,ECYOMYPKTJ,16.53,2022-12-08,2021-01-02 03:50:55,True
585,PEJBNWZCOS,24.16,2021-10-18,2022-02-18 09:34:06,True
586,FCYDMHJUDN,49.4,2023-01-23,2021-11-24 07:21:26,False
587,USJRASBMXN,34.73,2023-12-26,2023-03-29 08:51:34,True
588,QLHYHFUUDD,47.1,2021-07-23,2023-06-12 16:39:08,True
589,RTEJLPQHNY,49.02,2023-01-06,2023-04-30 13:32:34,True
590,ETTFKFYVAK,6.29,2023-01-18,2021-10-02 08:43:47,True
591,EDQKTHDXXR,39.94,2023-05-17,2022-09-02 23:44:17,True
592,DXVPQTWPJK,10.13,2022-07-13,2023-08-01 19:42:21,False
593,TCGBUMIQWK,22.17,2023-11-29,2023-01-08 01:23:19,True
594,HSKIXZXWCZ,24.75,2023-08-06,2023-05-26 21:53:09,False
595,OZEBVDOWIY,17.67,2023-11-18,2023-02-02 13:58:11,True
596,KIOAKXKUHL,21.64,2023-02-20,2021-11-12 11:25:03,False
597,XLLWMGAMUS,24.95,2023-12-24,2021-12-13 07:25:21,True
598,RJMZTARDKA,6.67,2021-02-21,2022-07-25 23:10:59,False
599,NECEBVRJGY,37.62,2021-11-23,2023-01-21 19:06:46,True
600,ULHSCYHVNK,41.07,2021-09-13,2023-07-06 12:20:17,True
601,UUWUJACOIU,15.16,2021-04-12,2022-07-18 03:25:30,False
602,MGFXOAFAFS,29.41,2022-05-04,2023-04-29 15:04:10,True
603,VBCLYBVHHP,7.06,2022-08-12,2022-11-01 05:17:07,False
604,IJSZLXURKU,22.64,2023-02-13,2023-03-21 02:58:31,False
605,YWPTQYBHEX,6.8,2022-09-09,2022-04-04 10:51:12,True
606,GHDEDBTRCS,6.08,2023-08-26,2022-11-09 06:23:36,True
607,XZTNOUOMAX,19.98,2023-03-26,2022-01-26 09:20:45,True
608,TYUQUKWQGE,31.38,2022-09-19,2022-03-17 21:03:57,False
609,TJRJVMTQYB,7.72,2021-02-25,2023-02-01 02:53:21,True
610,OSSHMIRVJX,28.84,2023-07-08,2023-07-27 22:52:42,True
611,DKSWIWQIOO,32.52,2022-05-09,2021-05-26 16:41:35,True
612,DSJKWCWNKX,47.21,2021-08-12,2023-12-24 00:52:25,True
613,AZDWKSDRGS,46.06,2021-09-06,2021-03-14 22:27:26,False
614,VVAAAJXODQ,21.07,2022-02-12,2021-01-08 02:35:40,True
615,VAPXHIQJZI,40.43,2023-09-19,2022-02-21 00:14:33,True
616,GXMTOPJKAY,10.55,2023-12-27,2022-08-29 04:04:13,False
617,SYTTYJDKWC,12.27,2021-09-11,2023-03-25 01:17:23,False
618,EMOILITVXY,26.38,2023-06-25,2023-10-07 09:04:19,True
619,HWFROOIPDC,29.11,2021-09-20,2023-09-26 02:38:09,True
620,VFRBYILKLB,7.96,2022-12-19,2022-09-04 07:02:06,True
621,MVKFJPBRQJ,23.31,2021-06-05,2021-10-25 18:25:08,True
622,KIYTUKCLAZ,17.65,2023-07-12,2023-10-16 08:56:49,True
623,OTFLTJWIPA,10.28,2022-06-30,2021-03-31 06:21:02,False
624,OFHLHDUBMO,37.52,2023-08-12,2022-08-08 09:10:50,True
625,ZMUTBKAVAO,11.31,2023-08-26,2023-06-06 19:12:09,False
626,IGWFODWYXM,26.73,2021-12-15,2023-03-28 06:32:41,True
627,RBIDEBAINQ,26.92,2023-04-16,2023-10-18 15:56:23,True
628,VYSJZCKPSK,28.77,2023-09-21,2021-02-03 15:03:54,False
629,IKHBXQHOQW,32.15,2023-08-06,2023-11-22 02:04:07,True
630,AVMKBQGWXD,7.01,2022-09-21,2023-11-13 11:14:16,True
631,RHAXRKEZWH,39.1,2022-05-13,2022-05-20 21:11:07,False
632,SPRPNFOIFB,10.83,2021-08-01,2023-02-11 14:57:28,True
633,LVJXKUIHMA,41.09,2023-06-21,2022-01-19 00:59:02,True
634,BYVDETKSFA,49.2,2023-03-21,2022-07-18 22:16:05,False
635,BZRFSECEER,35.53,2023-08-02,2023-04-13 08:53:02,False
636,FNMALJLYSY,9.61,2022-11-22,2022-05-29 17:45:51,False
637,AHSALYYLKC,39.9,2023-03-30,2023-10-10 18:05:25,False
638,SVVLLCNGLS,19.34,2021-06-18,2023-07-06 20:42:04,True
639,IZEGQFTEQZ,29.1,2022-09-11,2023-08-20 23:25:42,True
640,DKSSRUTDTF,43.1,2022-08-06,2021-04-06 23:25:21,True
641,LIOIOFMNLD,32.81,2022-03-31,2021-02-22 23:02:19,False
642,KEIZFKOYCL,6.76,2022-05-31,2021-12-12 14:24:15,False
643,ZLIVLENGGF,12.06,2022-11-18,2022-11-17 13:17:38,False
644,SOTNVZSWHY,42.94,2023-05-25,2022-09-28 16:35:13,False
645,ALEAONSZDB,38.84,2023-10-20,2023-02-11 21:12:13,True
646,MJTWGNAWTH,34.74,2023-09-22,2022-03-07 00:13:42,True
647,MTPPTNMMBJ,34.95,2022-05-11,2022-03-15 21:46:55,True
648,FFKDQTOFSM,18.44,2022-08-23,2023-07-17 07:55:11,False
649,HWEIAOZYKP,46.78,2022-12-10,2021-05-16 18:16:47,True
650,LQYHJSAPWE,49.29,2021-06-15,2021-01-28 13:44:05,False
651,IGLAJTNXHA,33.43,2021-07-15,2022-02-01 10:13:28,False
652,HZTMEIXUSZ,47.61,2023-02-12,2021-05-20 16:44:40,False
653,RGYEMSVXPL,15.64,2023-01-23,2021-06-14 04:31:42,False
654,VPTWZEAXTM,13.04,2022-11-18,2022-01-04 02:07:56,True
655,VNLJZEJPIM,7.71,2021-10-02,2023-04-06 19:11:19,False
656,WTHZOZGWFP,11.3,2021-11-29,2023-06-16 01:26:17,False
657,YOBXXNGQJW,20.9,2021-09-26,2022-05-19 00:20:17,True
658,NDJIFEYGJE,6.9,2021-06-24,2021-12-23 21:37:48,False
659,FLGSSZFBDE,34.53,2023-09-07,2021-09-13 07:58:30,True
660,ISJJFBISLD,24.13,2023-12-30,2023-02-02 09:48:34,True
661,NIKWTRQUID,12.55,2023-09-03,2022-10-03 11:57:02,True
662,RRZBAKXNTP,23.12,2022-06-25,2021-07-03 23:08:48,False
663,ZKVSZHDNNV,35.19,2021-07-19,2022-07-03 23:51:51,False
664,CSIYRLXZEB,11.35,2023-06-13,2021-03-15 01:13:26,True
665,AEMLZALZKQ,25.07,2023-03-13,2021-05-26 10:22:18,False
666,SZSMRWDDTR,9.5,2021-10-11,2021-08-27 18:56:22,True
667,GGKURMEBCB,12.81,2023-06-28,2021-07-13 07:21:47,False
668,ULGNSWUDNG,37.02,2023-10-03,2021-06-19 17:51:05,True
669,KCDXYZEIHV,37.51,2023-05-16,2022-08-19 20:28:54,True
670,XFGMNGGAQI,43.68,2022-11-19,2023-01-23 15:59:53,True
671,NWZGQDZYTL,9.53,2021-12-12,2022-08-23 20:07:16,True
672,UKIQHPSGSB,26.45,2021-12-14,2021-09-28 20:03:44,True
673,SVDINUDZBD,5.25,2023-05-15,2022-05-13 04:18:42,True
674,KKDTJDHZJZ,33.12,2022-09-27,2023-02-09 19:53:08,True
675,SCDMPEKHEH,32.43,2022-12-31,2021-02-08 06:23:24,False
676,EBWSBOPRRH,34.77,2023-09-13,2023-04-07 19:22:40,False
677,NHGTDKFWJD,26.54,2021-10-07,2021-10-27 22:49:56,True
678,OOGUPIZPGZ,40.53,2021-03-11,2022-04-26 01:05:16,True
679,OVFTGSMLNI,22.82,2023-08-24,2022-05-28 14:24:07,False
680,MFEXTRPDZH,23.95,2023-04-03,2023-11-28 21:07:37,False
681,TLVSIAJOGM,10.58,2022-02-19,2023-07-06 03:19:59,False
682,HJSKALBNXY,28.31,2022-03-29,2023-10-13 12:36:55,False
683,ASZURZAXBB,22.33,2023-02-17,2022-01-07 12:04:18,False
684,NTJOKUARMD,27.55,2021-05-27,2021-09-21 16:26:44,True
685,NIZXBZKBBL,9.31,2021-02-03,2022-08-22 00:47:59,True
686,UZVYVDTWXA,45.97,2023-02-03,2023-02-21 18:43:26,True
687,UQUDSYRBGS,47.35,2022-03-06,2023-07-06 16:41:45,False
688,SNIDDFDERH,49.22,2022-10-25,2022-04-05 19:53:12,True
689,HPTIMGBQQP,32.2,2021-03-03,2022-02-21 10:21:04,False
690,CHEMWVOCHH,8.81,2022-01-26,2021-06-11 17:52:16,True
691,YDENVPNITZ,20.66,2023-01-13,2022-08-29 16:58:11,True
692,GRBRWVMEWP,38.73,2021-03-07,2023-03-23 04:47:36,False
693,XSZEBJMSPV,35.97,2023-04-29,2023-10-08 12:43:30,False
694,OTXZNKYURH,21.53,2023-01-05,2022-06-20 22:42:38,True
695,CJRQHKXJHQ,9.74,2023-01-19,2021-05-06 23:57:17,True
696,NIJZMKXKGD,32.58,2023-06-20,2022-02-15 10:47:44,False
697,JJGDHNRFKG,32.14,2023-04-04,2022-08-05 02:18:39,True
698,NZOHIQLMCS,49.0,2022-06-07,2021-11-20 05:58:07,False
699,POVDFUDZQZ,5.36,2023-10-15,2023-07-10 17:42:05,True
700,IIAMMGATFZ,49.22,2023-12-04,2023-11-27 17:42:43,True
701,BNNKNZXMBI,49.51,2023-01-10,2022-11-01 19:34:29,True
702,PVSSACBETR,34.43,2022-10-20,2023-11-19 08:04:41,False
703,HFXKNEQJYP,42.78,2023-04-27,2022-06-23 06:11:09,False
704,HUCIETGHEA,17.67,2022-03-05,2021-05-23 21:38:03,False
705,WAOIJXQAMO,38.49,2023-08-25,2021-01-04 12:00:09,True
706,ZTYUFBFUAQ,21.16,2021-03-01,2023-09-01 01:04:48,True
707,MLCKAVOXQH,18.68,2021-04-22,2023-01-14 04:56:07,False
708,IMBNOPFGUD,47.46,2021-05-17,2023-12-14 18:53:25,True
709,RQDQGUYWXR,49.25,2021-12-21,2021-02-09 17:49:00,True
710,MKIHXTBKVI,36.82,2021-10-20,2022-01-14 19:08:58,False
711,CWZTSZFDOY,36.0,2021-12-02,2021-04-24 10:56:15,False
712,APLINFBWQF,14.94,2022-03-02,2023-10-09 21:39:08,True
713,FNXWWYXGJT,31.99,2023-09-24,2022-04-01 00:31:45,True
714,RSBBHASYVY,36.59,2023-09-29,2023-11-13 09:14:35,False
715,LZIOZXTJIQ,38.3,2022-05-07,2021-06-25 08:48:56,True
716,KLECUORDXD,44.29,2023-10-16,2023-05-30 02:12:13,True
717,EFKNGRIXLU,37.72,2023-04-15,2022-01-27 15:42:51,True
718,LIQXAQZCVN,39.9,2021-09-29,2022-11-04 22:50:32,True
719,VDSWNOZCXD,47.68,2023-04-24,2021-03-23 15:13:46,True
720,XOUEMXFNRB,43.56,2022-09-22,2022-01-28 11:44:15,True
721,LNIJECUSOR,14.11,2021-12-21,2021-06-15 08:57:31,True
722,KZTGRVZVVB,49.87,2022-01-13,2023-12-26 18:52:09,False
723,HOXXUQNERR,33.38,2023-03-09,2023-06-15 05:45:47,False
724,BXGJRGIBQL,10.97,2021-05-18,2022-08-09 11:56:13,True
725,WXJMEBGTJG,12.31,2021-02-05,2021-11-22 12:45:19,False
726,OJABNNRWAW,45.15,2022-07-23,2023-04-11 12:30:44,False
727,FVDLNHYIYM,20.59,2021-01-21,2022-08-04 19:47:03,False
728,QLSEXCKGVB,34.81,2021-10-07,2021-11-21 23:02:10,False
729,MYMIKGQWYH,43.33,2022-04-24,2021-08-25 13:42:18,True
730,SSSBZPZHGI,22.12,2022-09-17,2022-12-12 07:32:29,False
731,FFOHBCHMMN,43.68,2023-01-08,2021-04-19 02:41:46,False
732,UYAETJWZJU,24.76,2021-04-04,2023-04-19 16:53:21,True
733,BSGJPMDTVZ,30.2,2021-08-14,2022-08-08 14:54:37,True
734,WLCVOLHTSB,48.87,2023-11-07,2021-07-09 03:05:55,True
735,ZDLVOGJJXD,15.95,2023-12-07,2023-02-22 14:00:51,False
736,YACVTNGPGP,20.22,2022-07-21,2021-10-09 19:14:21,False
737,RVXMQPFEAQ,29.25,2023-07-15,2023-03-17 23:28:32,True
738,OCNUWKXFCS,30.6,2021-07-11,2021-06-25 05:28:29,False
739,YTKOTGWPVZ,41.23,2022-04-21,2022-11-26 22:52:49,False
740,NBFIJRJVNY,23.24,2021-08-15,2021-11-23 09:07:56,False
741,SAUPCPJXOV,30.55,2022-08-19,2021-09-28 18:19:44,True
742,RLPTCUJGYN,21.17,2023-11-05,2022-05-01 20:44:06,False
743,OLOUEYWPLC,28.77,2023-12-17,2021-09-02 04:18:38,False
744,IUSGSEVQJU,22.2,2022-10-15,2023-07-20 03:47:11,True
745,CFXARSXYVW,16.05,2023-10-27,2021-01-07 11:41:25,False
746,ROZRPIFAUN,13.45,2023-01-28,2023-12-19 17:12:20,False
747,LJNBWBBHNY,15.17,2022-12-30,2022-04-11 08:59:36,False
748,UCBMPTGDIA,9.6,2022-05-18,2022-11-09 02:16:12,True
749,FPTBCAIEOY,29.71,2023-06-02,2022-10-08 14:51:53,False
750,FGHUHRVABZ,19.41,2021-09-21,2021-03-13 10:40:58,True
751,OPKEUCBVTB,16.46,2022-01-23,2021-10-26 13:40:21,False
752,BUHMYYIZAP,45.04,2022-06-19,2023-05-24 02:45:09,True
753,IZDRECLXKU,32.48,2022-05-10,2021-04-25 11:30:46,False
754,QUGRVTZTZG,8.3,2023-08-20,2023-02-10 09:10:41,False
755,RQJQHFFLCD,14.89,2021-09-24,2021-10-06 11:48:26,False
756,JNNQIQEDLM,40.89,2023-06-14,2021-12-24 04:06:28,True
757,DFBNRASIVX,45.67,2022-09-24,2022-12-15 16:35:35,True
758,SXKHYABBAH,29.39,2022-08-17,2023-12-08 08:06:20,False
759,ZKDUXUWCJI,29.26,2022-06-03,2022-12-19 10:39:11,True
760,OBYDNHIIYS,46.4,2022-05-23,2021-01-20 13:48:01,False
761,TXVXDERDLL,36.93,2023-04-24,2022-09-03 13:21:46,False
762,ZILBCNJZLI,40.86,2022-09-26,2021-06-23 21:12:32,False
763,AEPKHGCNLR,46.51,2021-08-11,2022-02-12 06:20:44,True
764,VCFFUTHRCJ,15.11,2022-11-20,2021-11-30 11:25:28,False
765,WQYYMBULGO,45.44,2021-05-04,2023-06-29 22:42:24,False
766,SSGOQDOGLT,14.49,2023-10-10,2022-08-24 17:05:47,False
767,KKWWTTZANY,37.62,2023-12-06,2021-10-19 22:44:09,False
768,UXDKMNLHEL,48.17,2022-04-18,2021-05-18 21:20:10,True
769,MMWRJWWVGZ,34.66,2022-08-19,2021-06-06 14:47:34,False
770,GCZMGFGBKZ,7.09,2021-10-31,2021-07-05 21:52:35,True
771,MUCDZTRTBL,43.97,2021-02-09,2022-09-20 11:00:49,False
772,EFLONKJYJK,19.54,2023-12-15,2021-11-19 16:00:36,False
773,NXFOVEVOEN,7.42,2023-03-22,2022-05-01 00:59:32,True
774,RULKDAWEWL,16.62,2022-11-14,2021-01-24 01:45:34,True
775,KVGDWJLTBD,22.26,2021-12-10,2021-06-30 10:48:41,True
776,WOURUTHAOP,5.54,2022-04-21,2022-07-18 10:52:14,True
777,CHCGGUZTGL,33.25,2021-01-17,2023-04-01 09:12:44,False
778,LAJWIVAKTB,41.3,2023-10-23,2021-12-08 12:26:16,False
779,LFNCXVNRWE,49.96,2021-01-14,2023-05-30 18:59:06,False
780,VOPRVUKALA,8.77,2022-03-31,2021-02-15 12:58:52,False
781,COPWAHQBVD,7.6,2023-08-16,2022-08-30 13:04:18,False
782,MDNEPSSJSM,27.93,2021-01-01,2021-02-28 21:05:51,False
783,ARBSGFTFOF,26.93,2021-04-06,2021-08-03 02:21:57,True
784,OGAQYBQPPM,36.4,2023-07-22,2021-06-11 03:48:46,True
785,IUYOKTTRUU,23.5,2022-01-09,2021-08-02 16:59:08,True
786,DYFSVUXUBO,42.82,2023-03-11,2023-12-11 11:59:39,False
787,PPINHYZBBX,26.71,2022-05-30,2021-04-28 15:42:34,True
788,XKMPHTSARU,23.26,2022-07-17,2022-11-24 17:44:24,False
789,GSYKGWEZJR,38.62,2022-06-29,2022-07-25 23:16:34,True
790,RWFNTDWIMG,25.46,2021-05-11,2021-12-02 10:17:12,True
791,CTLMEYZVNZ,37.0,2023-03-12,2023-08-25 05:16:00,True
792,RPDINLZLYM,25.55,2023-06-23,2021-09-14 03:53:46,True
793,LYNVIAGOLG,38.91,2022-03-12,2023-12-13 03:18:37,True
794,CKAMNGSNHU,10.83,2021-02-03,2023-12-02 06:27:23,True
795,UXWUVNKDAG,33.68,2021-07-31,2022-02-20 21:27:52,True
796,UJCGJCGFHS,36.61,2021-04-03,2021-05-07 07:35:24,False
797,WYNUKJFHUQ,18.29,2021-04-18,2023-10-15 05:46:42,False
798,PAYEPUTCAJ,40.13,2023-05-06,2023-12-04 16:54:59,True
799,OXIGQREUVK,14.13,2022-06-03,2022-10-10 02:13:28,True
800,JEFYKMWJLO,23.2,2021-04-29,2022-05-14 05:15:04,False
801,PNFTOGIYNU,17.53,2023-07-06,2022-03-28 16:06:38,False
802,NPBKZPKUBK,41.92,2022-02-22,2023-10-09 18:04:04,False
803,PLUUOCCXRJ,33.13,2021-08-13,2022-05-03 18:22:56,True
804,UJTNKUUODL,11.14,2022-06-20,2023-06-02 09:17:33,False
805,VOUNRBMRLU,40.45,2023-08-31,2023-05-02 22:58:49,True
806,ALYASPQTNH,48.24,2023-06-22,2021-06-28 09:46:06,False
807,VWBJQZRGTR,23.88,2023-09-28,2023-12-04 06:08:16,True
808,GVDQMDRBIK,24.13,2022-01-18,2022-01-08 10:38:21,True
809,KBOVXYEQSA,15.38,2023-07-12,2021-10-23 09:34:33,False
810,TUZTTNIPIT,18.25,2021-01-10,2022-09-23 18:35:24,False
811,XRVHJFHGPX,13.69,2022-11-11,2022-09-29 03:51:52,True
812,HHYILGSWKE,9.57,2023-04-28,2021-08-08 23:00:33,True
813,CZMGYGTTGM,21.16,2022-06-13,2023-07-17 19:33:38,False
814,FPWJTCXDYW,5.78,2022-10-27,2021-04-30 15:31:23,True
815,JGABLCOJJP,43.25,2022-09-10,2022-01-08 04:09:16,True
816,MIHVRLQTDU,18.2,2023-12-04,2021-12-13 04:10:30,True
817,KMLDRYETPT,10.89,2022-08-21,2022-03-31 14:17:10,True
818,SMQLZIREVE,40.8,2022-12-20,2022-11-08 10:53:53,True
819,ZCECIBWUHU,24.24,2023-11-17,2022-03-25 21:50:52,False
820,QLXMRLXDWX,6.54,2021-07-01,2022-09-29 16:42:25,False
821,ZQWSXPAYGR,12.93,2023-03-30,2021-03-19 00:46:18,True
822,ZNANVNSRRH,15.61,2021-01-09,2023-09-02 10:13:59,True
823,DCKNRJUGPO,29.24,2022-11-18,2021-04-07 23:40:10,False
824,FUUVSSJQRP,36.77,2022-02-09,2022-09-03 04:55:28,True
825,ZLDXAKYLOE,8.8,2023-11-21,2022-09-01 11:16:16,False
826,RIBCOFZPUJ,21.05,2021-06-26,2022-03-12 14:16:06,True
827,UQEFSCVHQV,41.48,2022-07-12,2021-02-10 10:39:05,False
828,WFOBDZQLYK,14.32,2021-04-26,2022-09-18 06:47:19,True
829,NLHDNZXPXT,47.05,2023-02-01,2021-06-08 10:09:51,False
830,SQCSTWSOJA,7.77,2022-06-04,2021-01-10 17:06:41,True
831,KRPDVVZRXJ,30.12,2023-03-31,2021-06-25 09:47:47,False
832,DTZLBYSYFZ,30.18,2022-09-06,2023-05-26 10:40:03,False
833,JVFKPHMKUW,28.18,2022-08-12,2021-02-01 11:52:23,False
834,RALKSOGONS,46.88,2021-06-07,2022-03-20 03:36:37,False
835,XZSKNNPGFP,46.9,2023-04-10,2021-03-10 14:30:22,False
836,BYGBPAFDFQ,21.52,2023-08-28,2021-01-30 19:12:52,True
837,GVXDVDNGQA,7.15,2021-01-01,2022-08-19 12:05:15,True
838,FMFDNKQYHV,36.02,2021-10-06,2023-05-09 08:23:19,True
839,OBDDGQDDRW,46.13,2022-10-01,2023-08-22 17:10:32,True
840,CTCAFIOSQE,15.13,2023-09-25,2023-05-24 07:09:44,False
841,JVJSSTHKIY,47.53,2022-09-22,2021-08-11 09:28:34,False
842,EXUPFKVGHE,8.43,2022-06-21,2023-01-29 05:02:53,True
843,XTMPMBSFTZ,41.06,2021-02-21,2021-05-27 17:28:52,True
844,AJDBNBEGJC,49.45,2021-03-31,2021-05-22 05:18:03,False
845,VGASOMNVPG,48.08,2023-08-05,2023-06-09 21:04:04,False
846,IWVCWLPNKT,10.65,2021-09-04,2021-03-18 11:31:11,True
847,AVBDSTPOGW,49.77,2022-07-05,2022-09-27 09:39:50,False
848,OQAIHBHYKZ,49.23,2021-10-06,2021-11-15 15:13:58,True
849,XQIYBMLWGH,19.48,2022-12-12,2022-01-20 04:49:55,True
850,GKATWDBCHZ,30.75,2022-03-28,2022-01-02 22:50:29,True
851,LTXDRMIUGZ,18.08,2023-08-15,2021-01-01 04:07:02,True
852,FOOOHSCYQR,42.79,2023-01-21,2021-04-23 10:54:51,True
853,FWDZKSFCWI,6.79,2023-10-11,2021-05-28 04:39:46,False
854,WYNJGEDVHU,13.02,2022-05-01,2023-10-21 04:33:12,False
855,GJIZBDERPI,31.95,2022-04-09,2021-12-05 11:01:53,False
856,WECDYGTQHH,24.25,2023-10-11,2023-10-15 03:10:16,False
857,EOGPTPDLNR,35.65,2021-06-07,2021-11-22 22:35:17,False
858,FANUZSTESW,37.75,2022-07-19,2022-11-15 03:06:36,True
859,EWMLXQRGWG,11.6,2021-09-27,2022-08-01 06:57:53,False
860,LHTPUBYNTV,16.76,2023-02-07,2023-04-17 22:30:42,True
861,OBRKGKFAKP,36.28,2021-02-26,2022-06-12 02:12:02,True
862,YCRZTYMJSR,39.56,2023-12-26,2023-12-30 21:53:27,False
863,FHVAPDWWGO,15.78,2022-12-13,2022-06-26 09:19:26,False
864,JSJJAWTLIV,5.65,2022-11-02,2023-11-02 17:09:26,True
865,CATAOBECBI,30.42,2022-02-21,2023-08-07 02:52:14,False
866,JXCCCHZSTB,9.37,2022-07-28,2021-01-17 06:31:31,True
867,ZUKKTZTOAR,12.52,2021-10-30,2022-11-07 14:24:02,False
868,VTXPXMJTAH,48.98,2021-01-11,2022-08-28 03:10:46,True
869,LLKFNGMBZA,5.88,2022-08-03,2022-08-12 20:13:39,False
870,IYTRGJETAX,42.18,2022-01-19,2023-07-12 02:51:41,True
871,MIHABTFXOT,40.52,2023-08-06,2023-01-22 04:37:31,True
872,EHTXKJUMQW,31.33,2023-04-02,2022-10-09 13:34:43,False
873,YCQPHIIBLS,44.97,2021-06-29,2022-05-24 03:05:40,True
874,JZSIHWJKQJ,15.64,2021-11-16,2021-08-25 10:58:07,False
875,IMPDWCNGUF,18.93,2022-08-19,2021-01-12 05:24:46,True
876,VVGILUQOUO,40.63,2022-04-24,2021-12-04 19:43:04,False
877,WTYNGYROKD,25.74,2021-09-22,2021-11-22 02:48:03,False
878,XGTPJSYDAB,10.52,2021-02-16,2022-09-17 22:40:19,True
879,CVWWZHRNUK,15.63,2022-10-14,2022-09-10 06:49:32,False
880,QDCPJXPOBJ,34.76,2023-08-14,2021-07-22 10:33:37,False
881,RURPLTPEVR,11.53,2022-08-03,2023-02-01 09:39:38,True
882,HUBOSHHSHV,37.41,2023-08-16,2022-02-20 00:45:32,True
883,BJDMKNLESM,42.63,2022-12-13,2023-10-29 03:15:06,False
884,OENFHBLOVO,13.64,2021-10-04,2023-10-03 18:55:09,False
885,DVKITEXWJB,9.26,2023-06-19,2023-05-23 12:19:25,True
886,GQJIHCODRP,27.82,2022-09-24,2023-04-21 19:04:35,True
887,XKFJQDAGHL,31.07,2022-04-05,2021-03-11 07:53:09,True
888,RFLZKHJGUQ,33.54,2021-10-31,2022-10-10 09:03:54,False
889,YBVMIJMICU,9.77,2023-05-22,2022-05-20 03:09:17,True
890,BASEHRARXE,45.97,2023-10-24,2021-10-21 09:34:28,False
891,STJVFFSPBU,24.93,2022-02-20,2021-01-27 16:22:14,False
892,PTJRHVWVLD,47.78,2022-06-20,2022-10-07 06:45:20,True
893,ZGHEEIQPJO,10.22,2023-09-19,2022-05-17 00:59:46,False
894,JGKGEOPZFQ,37.65,2023-08-02,2021-10-04 05:43:17,False
895,HYNMIGLUJO,41.74,2022-05-01,2021-06-30 08:49:29,True
896,VEWNMONXGT,14.88,2022-08-07,2023-10-14 00:34:13,False
897,BISQXBVPSB,41.09,2023-07-23,2022-01-10 19:53:28,False
898,NTTFAATIFC,45.15,2023-07-23,2022-05-09 03:23:06,True
899,BIKAWJMDMN,36.5,2023-12-26,2022-09-06 15:23:37,True
900,XKYGWZHFTO,25.79,2023-06-23,2023-11-16 00:44:24,False
901,MKORXESDXY,46.04,2022-10-14,2022-05-10 13:45:57,False
902,JOTDEZJRHU,47.58,2021-06-25,2022-05-07 19:43:53,True
903,QKYVNSKYCL,31.18,2022-08-10,2021-10-11 22:54:36,True
904,PADEEVIIEZ,41.79,2021-11-15,2021-10-31 03:38:41,False
905,HFLKVQHYHS,43.4,2021-02-25,2023-07-02 04:43:56,True
906,BQVGRPLFMP,33.55,2023-12-10,2022-01-21 22:20:07,True
907,PGORMWJHDQ,10.86,2021-11-20,2022-08-06 22:13:35,True
908,XOZNTXIKCD,34.28,2023-02-02,2021-06-19 05:54:41,False
909,YEUHPRFBOF,5.29,2023-10-20,2022-08-23 00:46:13,True
910,QXPEAHFGTB,46.68,2022-06-08,2023-07-08 09:07:50,True
911,KLYPJZKSKK,14.05,2023-02-28,2023-05-23 05:32:57,False
912,CJUMCWYPTU,47.8,2021-12-21,2023-09-04 14:38:10,True
913,KSLZNDXDVA,26.05,2023-05-15,2023-07-16 09:19:25,False
914,ERSLZHACRD,15.97,2022-01-23,2022-01-20 19:20:17,False
915,VJNMJKPBYH,23.01,2023-02-02,2022-04-11 11:11:09,True
916,IWKNZKBCCB,45.41,2023-01-11,2021-01-13 10:17:55,True
917,KSEXBJSYIZ,33.96,2022-01-23,2021-10-12 12:13:53,True
918,TZXHUQZKRG,5.92,2021-06-20,2023-07-02 21:03:50,True
919,GETOMWECIX,44.76,2021-07-27,2022-04-13 11:28:46,True
920,XXMKVKJUNK,11.47,2021-08-21,2022-07-17 10:29:30,False
921,ZUGUAZYZUN,21.42,2022-02-26,2022-05-17 01:22:06,False
922,EKCEHQEPJS,34.14,2022-05-08,2023-03-02 11:52:38,True
923,BOWOREUQMC,27.03,2021-07-19,2022-06-07 15:24:06,True
924,TTHOUNRKRH,28.2,2021-03-07,2023-07-07 22:40:29,False
925,BAITMWEHHU,30.72,2023-06-04,2022-09-28 11:57:43,True
926,ZTNTQYFEVB,5.79,2023-11-27,2022-11-18 10:27:33,True
927,XHDSAHSDCU,49.6,2023-06-13,2021-10-12 03:45:57,False
928,BGHEGKNQNC,45.98,2023-02-19,2022-06-26 19:04:17,False
929,LSCKUZMDQK,36.79,2022-08-07,2021-05-14 01:31:24,False
930,BCBJJWBZFD,44.71,2021-09-15,2022-01-20 04:28:12,True
931,LLJFOVNYGU,45.2,2022-08-07,2022-07-22 15:07:56,False
932,XHCDNFPSQO,14.12,2022-12-23,2023-11-16 13:46:47,True
933,RWQFYAWDAP,7.86,2021-03-04,2022-07-17 04:44:24,True
934,EGKSBCQQIZ,16.16,2022-02-04,2021-11-07 15:44:32,False
935,EIKNDXMWAX,28.2,2022-12-28,2021-03-02 12:57:37,True
936,JRWJNTKPWJ,7.61,2022-07-27,2022-05-22 16:45:12,True
937,BAPXEDVBGI,21.41,2023-09-06,2023-03-12 23:20:57,False
938,HDUQHWGQJN,18.68,2022-04-20,2023-12-05 08:55:03,True
939,JZOXPTXSNG,19.72,2022-08-30,2023-09-13 07:26:43,False
940,GVAWGLXFJZ,23.32,2023-08-10,2021-05-27 08:06:39,False
941,GBRNNRKGEJ,24.15,2022-11-03,2022-08-06 04:00:23,True
942,CEBKBEUCQD,47.33,2023-03-23,2022-01-26 11:45:02,True
943,DXBDEMTJAO,19.04,2021-04-11,2023-05-31 07:21:51,False
944,DGTXTQRAZH,32.37,2022-10-14,2023-09-05 18:24:12,True
945,FASOIJTTFQ,18.21,2022-12-30,2021-02-07 06:01:11,False
946,TMKDFDREPE,42.76,2022-04-18,2021-05-12 17:21:52,True
947,ATBJGDIIOP,23.68,2022-01-22,2022-03-05 17:04:41,False
948,ZHIVTRNOJO,32.0,2021-01-29,2021-07-30 07:02:50,True
949,HTRNDNMGDX,38.87,2022-10-09,2022-11-15 05:48:55,True
950,LUUUSHVXAQ,7.19,2022-04-02,2022-03-05 16:32:18,True
951,VCAWNLGWGK,39.99,2023-08-04,2022-04-04 02:06:08,True
952,NDBXPNJIMT,26.24,2022-11-27,2021-04-24 19:16:44,True
953,IMSEUEACFB,8.0,2023-06-09,2023-04-13 09:18:27,True
954,KTLQONZGMB,15.05,2023-07-09,2021-04-30 22:55:14,True
955,LYVQMVVOST,43.23,2023-01-20,2023-07-13 13:03:26,True
956,MSITSDUFJF,23.07,2022-08-23,2021-08-05 14:29:38,False
957,UVRYSXRMIE,45.6,2023-12-04,2023-07-02 01:00:17,False
958,USCJNJYNTA,18.22,2022-05-31,2021-07-06 03:17:02,False
959,PGQJZGAYTV,37.19,2022-06-28,2021-04-12 16:19:32,True
960,QJDNXYLXML,6.0,2023-07-29,2023-04-07 13:53:24,False
961,XTXMGKABDT,41.9,2021-07-18,2022-01-15 21:16:41,True
962,QWUUNDNKUH,17.29,2022-06-20,2023-07-15 08:13:59,True
963,KKWLLEKKCI,45.34,2022-04-24,2021-03-28 21:59:58,True
964,KZXUIUJENS,39.37,2023-06-15,2021-07-21 19:38:33,False
965,MHTDHIOUEZ,47.56,2022-12-17,2023-05-24 01:05:04,True
966,JEIBAHLKVU,44.58,2021-08-10,2022-06-07 14:34:26,True
967,DWOUBIEPGH,6.35,2023-03-16,2023-12-06 20:37:45,False
968,KCDIPOJNZX,6.59,2021-11-15,2021-05-30 08:02:07,False
969,LSRFCYDEMI,38.43,2022-04-23,2021-04-29 06:49:50,False
970,CRSWJQFWPN,12.52,2021-05-13,2021-08-07 05:22:15,True
971,HLIIYKFIGD,37.12,2022-12-12,2023-06-15 19:31:43,True
972,JYMMKOXDVC,19.12,2021-08-06,2021-09-29 20:40:54,False
973,RHFOGSLYIB,47.39,2022-01-26,2022-06-28 09:59:01,False
974,EZAWLOJVYS,19.04,2021-07-01,2021-07-28 02:50:00,True
975,JWUKFVASJF,46.52,2021-09-13,2022-02-09 17:30:18,True
976,AOODNVWUPY,36.04,2022-07-13,2023-04-01 08:02:35,True
977,CBOVWNHIES,19.39,2023-03-08,2023-01-07 20:44:39,True
978,POCULWNRJP,18.06,2023-12-30,2023-10-12 19:55:09,False
979,POKSJCDDCH,42.74,2023-01-12,2022-03-08 09:00:03,False
980,WNOCSOUARF,30.01,2023-06-18,2022-01-15 15:26:49,False
981,EYZVNRVKFW,13.15,2021-03-05,2023-12-24 09:06:02,True
982,KFHPMFDLFO,25.7,2023-05-09,2023-04-16 19:19:01,True
983,DWEKYBWDJJ,31.8,2023-07-21,2021-01-06 05:43:36,False
984,ZIFSVGMPWR,24.89,2021-10-13,2022-04-03 15:01:44,False
985,AIUYMSDJLR,9.02,2023-11-17,2021-11-29 18:12:36,False
986,RMJJCOWHJP,41.7,2022-10-14,2022-06-27 09:53:34,False
987,AHZADAKNEJ,43.03,2023-09-12,2021-10-31 13:30:02,False
988,BDZDJOJXEN,20.41,2021-11-09,2022-08-18 10:08:40,True
989,IYLINNSZQJ,21.72,2022-02-21,2023-02-06 10:30:25,False
990,SZPNHWUFVO,13.3,2021-01-15,2022-05-24 17:14:10,True
991,JEDSFEIYJI,9.05,2023-09-09,2022-02-01 18:03:32,False
992,DKDAGCSWKQ,40.78,2023-07-08,2021-01-20 20:05:38,False
993,BITUPNDFIV,5.7,2022-06-29,2023-07-14 15:29:17,True
994,WGHTKFBBAG,33.79,2021-01-02,2021-08-14 08:00:51,False
995,DXVBPCJGQL,7.63,2023-10-24,2022-02-16 22:04:45,True
996,WUNFYHWQWR,47.19,2023-09-21,2021-12-24 23:50:13,True
997,SFOMGBQYTT,34.24,2022-05-11,2022-04-18 09:52:11,False
998,NSWPENTQQV,30.79,2022-05-26,2022-04-11 20:22:47,False
999,CFSFKTFTNL,46.84,2021-06-03,2021-08-07 03:24:01,False
1000,UTNVNJGMNS,38.53,2023-09-26,2022-01-20 10:14:40,True
