order_id,user_id,payment_amount,payment_date,store_id
1,225,599.76,2023-12-26,94
2,168,795.86,2023-10-16,56
3,26,484.55,2021-07-25,5
4,393,676.2,2023-01-16,68
5,195,637.34,2021-01-02,65
6,128,22.87,2022-01-19,92
7,330,698.09,2022-01-30,48
8,342,821.54,2021-11-17,31
9,360,616.11,2023-06-07,68
10,463,246.17,2021-01-02,53
11,229,433.63,2021-11-06,98
12,84,875.08,2022-08-30,56
13,87,441.64,2021-09-23,76
14,146,903.48,2022-02-26,63
15,68,717.89,2023-12-08,15
16,161,840.83,2021-07-10,82
17,490,88.12,2023-11-15,45
18,455,314.4,2021-05-05,57
19,91,377.36,2023-12-01,79
20,78,548.31,2021-01-01,89
21,365,911.44,2021-11-11,54
22,286,374.54,2021-05-10,27
23,136,771.72,2022-09-12,12
24,39,817.65,2022-08-17,64
25,51,301.69,2022-09-11,36
26,159,507.0,2022-05-15,6
27,285,292.46,2021-12-06,95
28,23,65.82,2022-08-08,55
29,428,251.37,2022-11-18,11
30,41,614.63,2021-01-22,53
31,451,943.16,2022-01-28,89
32,252,865.07,2021-10-03,63
33,329,977.19,2021-04-13,26
34,73,112.09,2023-06-02,94
35,357,593.18,2023-07-24,37
36,316,480.28,2023-06-06,23
37,415,894.55,2021-02-14,11
38,246,749.9,2021-10-11,71
39,450,496.71,2021-08-30,57
40,33,932.21,2021-10-01,62
41,332,959.55,2022-09-11,2
42,468,689.62,2022-10-30,22
43,405,202.72,2023-05-25,83
44,267,690.99,2023-10-11,5
45,261,664.16,2021-12-13,93
46,352,625.01,2022-09-13,82
47,95,656.8,2023-10-04,68
48,265,211.14,2023-04-26,61
49,6,674.76,2021-07-23,44
50,468,674.07,2023-07-27,44
51,358,812.06,2022-12-09,52
52,415,819.48,2021-10-13,35
53,7,256.21,2023-08-04,68
54,497,222.36,2021-01-22,37
55,451,105.7,2021-08-20,10
56,429,827.23,2021-06-06,20
57,387,13.43,2023-09-03,39
58,321,461.86,2023-06-21,9
59,240,68.36,2022-08-26,86
60,412,993.35,2022-02-02,78
61,52,821.73,2021-06-07,89
62,75,104.3,2023-06-22,90
63,443,78.52,2023-07-28,39
64,500,969.5,2023-12-27,91
65,72,822.29,2021-03-19,87
66,361,542.24,2023-03-18,56
67,149,35.48,2022-06-28,14
68,380,116.94,2023-03-28,5
69,352,721.3,2022-10-12,39
70,196,62.27,2023-09-15,12
71,23,781.01,2021-10-22,61
72,393,269.98,2023-09-09,15
73,471,884.25,2023-09-16,24
74,169,86.61,2021-03-25,61
75,305,975.72,2022-12-10,94
76,407,715.97,2023-03-03,77
77,229,60.5,2021-03-17,81
78,177,460.98,2022-03-03,28
79,426,231.72,2022-07-29,66
80,429,419.03,2021-04-27,85
81,262,581.88,2022-05-28,76
82,361,588.23,2021-02-25,52
83,253,387.64,2021-01-22,82
84,191,248.23,2022-12-23,29
85,450,944.56,2021-04-01,43
86,267,438.37,2021-08-29,74
87,396,229.13,2022-12-13,73
88,116,496.43,2023-05-20,22
89,134,935.06,2021-11-16,71
90,212,558.15,2021-09-20,43
91,224,568.87,2021-07-30,34
92,65,744.57,2022-06-10,11
93,343,694.48,2022-03-09,30
94,401,286.18,2023-03-29,56
95,363,330.69,2023-05-17,17
96,109,786.65,2021-05-02,50
97,327,647.09,2022-01-11,50
98,246,696.01,2023-02-11,78
99,36,519.29,2021-10-17,80
100,245,211.97,2021-08-07,27
101,89,798.13,2022-04-07,80
102,248,975.46,2023-03-15,76
103,15,415.67,2021-03-08,87
104,306,180.48,2023-11-06,34
105,270,783.58,2021-02-12,16
106,245,606.09,2023-09-30,41
107,223,518.27,2023-09-18,32
108,317,197.48,2021-04-16,33
109,376,690.5,2022-10-04,99
110,380,778.01,2021-07-13,90
111,43,933.49,2023-12-30,18
112,183,53.16,2023-11-21,25
113,270,978.66,2021-02-05,56
114,95,482.14,2022-01-01,82
115,150,851.42,2022-11-05,97
116,319,30.41,2023-10-31,47
117,376,142.33,2023-07-25,89
118,11,133.26,2023-12-03,18
119,199,120.07,2021-11-07,25
120,96,16.03,2021-06-09,14
121,34,222.49,2023-03-31,20
122,344,999.71,2023-05-16,96
123,347,774.73,2023-03-18,12
124,224,815.66,2021-07-18,14
125,357,320.65,2021-02-02,59
126,188,934.69,2023-10-10,13
127,313,328.28,2023-02-11,40
128,265,171.77,2022-04-07,7
129,115,556.75,2022-05-16,90
130,391,934.34,2022-06-28,96
131,384,335.87,2023-01-06,13
132,126,481.55,2021-10-25,50
133,215,321.69,2022-11-29,53
134,257,601.62,2023-07-11,76
135,369,39.81,2021-02-20,78
136,62,180.56,2023-10-13,65
137,327,776.25,2022-07-03,62
138,69,468.27,2023-05-15,5
139,21,668.68,2022-04-10,82
140,227,400.97,2023-02-09,54
141,21,388.04,2021-09-29,37
142,245,863.89,2021-03-21,48
143,396,535.52,2022-02-26,95
144,62,148.34,2022-10-27,30
145,223,515.53,2023-12-18,23
146,175,690.48,2022-05-09,57
147,192,297.57,2021-10-25,25
148,484,208.1,2021-07-13,69
149,116,482.83,2022-01-28,24
150,326,794.68,2023-10-07,89
151,351,160.5,2023-08-30,63
152,132,473.19,2022-07-06,96
153,94,885.13,2021-02-26,30
154,23,477.56,2023-02-04,61
155,92,508.06,2023-04-27,82
156,166,551.01,2023-01-22,29
157,143,98.6,2022-12-03,41
158,252,583.18,2022-12-09,11
159,122,345.35,2022-03-26,57
160,63,332.21,2021-09-17,10
161,242,539.09,2023-09-16,91
162,193,433.05,2023-09-11,56
163,270,620.47,2022-06-13,81
164,188,523.03,2023-06-22,14
165,331,471.1,2023-02-15,81
166,13,589.88,2023-08-16,22
167,262,342.0,2023-09-30,72
168,470,804.75,2022-03-30,10
169,147,219.44,2022-11-15,53
170,260,218.46,2021-11-17,19
171,132,696.68,2021-04-14,88
172,407,657.6,2022-02-25,17
173,374,199.73,2022-07-28,59
174,183,441.71,2023-11-05,50
175,211,109.23,2022-07-31,80
176,361,554.29,2022-11-15,79
177,153,982.84,2022-06-09,42
178,355,705.24,2022-06-20,44
179,123,932.25,2023-03-01,80
180,332,592.07,2021-04-06,25
181,183,571.94,2021-10-11,85
182,167,747.95,2023-12-03,50
183,151,926.16,2021-03-24,61
184,108,251.94,2021-09-11,81
185,196,425.87,2022-12-19,34
186,1,769.99,2021-10-26,86
187,397,298.12,2023-08-10,75
188,82,411.42,2021-10-31,60
189,114,323.12,2022-02-28,17
190,492,219.75,2023-01-02,52
191,404,185.45,2023-01-04,30
192,263,719.6,2023-04-02,40
193,294,214.54,2021-12-21,68
194,197,117.7,2021-09-04,84
195,128,918.27,2021-10-01,33
196,123,935.16,2021-08-13,30
197,161,309.25,2023-09-19,18
198,182,609.3,2022-11-18,32
199,161,450.72,2023-06-11,62
200,75,550.92,2022-11-30,76
201,152,543.91,2022-04-09,21
202,398,141.3,2021-12-18,64
203,180,445.28,2023-01-11,26
204,274,159.62,2023-04-05,100
205,322,191.7,2022-06-09,73
206,86,280.79,2021-07-15,82
207,196,997.51,2021-05-21,30
208,348,194.49,2023-08-30,81
209,185,980.08,2021-12-19,38
210,421,644.64,2022-08-26,23
211,343,400.34,2023-02-23,66
212,372,298.84,2022-06-05,50
213,346,545.07,2021-05-02,50
214,135,591.14,2023-02-06,88
215,73,922.57,2022-02-18,10
216,254,232.5,2021-07-09,13
217,387,494.76,2023-04-03,19
218,192,13.46,2022-09-14,68
219,285,497.94,2022-02-23,44
220,238,94.08,2022-04-22,14
221,368,595.51,2021-06-06,32
222,193,684.49,2022-12-23,26
223,390,980.44,2022-10-14,23
224,88,240.79,2022-03-17,48
225,158,929.36,2022-12-18,2
226,21,75.74,2023-01-12,10
227,496,745.87,2021-02-21,69
228,406,154.51,2021-11-21,7
229,47,663.02,2023-10-09,36
230,180,573.28,2022-06-21,39
231,125,867.95,2023-05-12,15
232,422,895.68,2022-11-25,5
233,346,470.78,2022-10-30,37
234,206,317.04,2021-12-15,31
235,443,181.75,2023-12-26,100
236,327,527.51,2023-04-01,90
237,160,32.32,2022-07-11,68
238,318,913.55,2022-05-27,3
239,158,950.82,2023-02-28,32
240,91,941.59,2021-07-28,98
241,167,497.65,2023-04-17,42
242,411,59.3,2022-05-21,48
243,420,660.0,2023-09-21,54
244,457,578.29,2023-07-31,97
245,480,380.64,2021-03-29,93
246,366,415.03,2021-03-17,25
247,457,927.0,2021-10-13,10
248,364,56.81,2021-11-11,63
249,482,544.11,2022-04-11,11
250,438,683.9,2023-01-21,38
251,8,785.48,2023-10-31,32
252,145,958.93,2021-08-23,91
253,321,522.67,2023-09-03,44
254,423,993.71,2021-10-09,21
255,404,349.21,2021-09-09,51
256,78,222.3,2022-04-22,64
257,152,808.47,2022-09-26,57
258,128,145.31,2021-09-23,83
259,126,206.4,2022-11-21,95
260,27,213.49,2022-04-16,40
261,326,327.14,2023-05-22,61
262,86,292.23,2023-07-02,5
263,265,995.3,2021-09-21,12
264,135,600.71,2022-12-05,81
265,275,708.7,2023-08-15,34
266,431,925.77,2021-08-14,62
267,145,555.87,2021-01-05,28
268,36,524.04,2021-01-01,4
269,455,953.91,2021-06-03,72
270,352,332.53,2022-01-15,6
271,342,911.3,2023-12-10,60
272,326,500.21,2022-12-15,19
273,102,156.12,2021-03-12,97
274,216,643.01,2023-01-13,24
275,303,881.71,2022-04-04,61
276,352,117.96,2021-01-25,66
277,278,128.56,2023-04-01,66
278,39,10.59,2022-06-04,25
279,240,836.49,2023-11-30,72
280,418,975.18,2022-07-18,15
281,470,576.3,2022-04-24,25
282,450,39.5,2021-06-30,91
283,256,943.31,2021-01-11,34
284,466,835.82,2023-07-13,61
285,352,963.92,2023-06-05,26
286,269,377.25,2022-01-11,4
287,146,853.08,2022-06-11,3
288,92,167.07,2023-08-10,75
289,379,869.02,2023-11-22,3
290,40,119.08,2021-05-08,77
291,404,770.68,2021-12-02,33
292,368,418.62,2023-02-23,100
293,226,921.36,2022-04-18,8
294,347,719.47,2023-09-29,54
295,121,982.92,2021-06-28,80
296,493,595.96,2023-01-30,23
297,96,827.38,2021-06-17,75
298,426,735.77,2022-11-27,34
299,196,980.21,2023-11-24,36
300,357,889.85,2022-06-12,50
301,402,673.83,2021-11-16,15
302,34,492.1,2023-03-22,73
303,165,117.94,2021-07-12,68
304,413,780.11,2021-10-21,98
305,30,790.79,2021-08-30,78
306,216,131.55,2023-02-07,65
307,150,910.37,2022-12-06,1
308,241,329.62,2022-09-09,52
309,3,427.03,2023-04-29,43
310,137,630.39,2023-12-09,98
311,496,116.58,2022-06-14,50
312,73,289.31,2021-07-06,43
313,95,134.75,2022-03-03,60
314,167,683.58,2021-04-18,31
315,231,387.1,2023-06-01,29
316,136,227.59,2022-12-06,34
317,251,382.24,2022-09-03,29
318,66,55.58,2022-08-15,15
319,295,913.61,2022-05-29,42
320,9,496.52,2022-11-13,50
321,307,914.18,2023-02-21,22
322,385,322.45,2023-09-18,61
323,36,891.33,2023-02-18,52
324,364,457.36,2023-03-28,35
325,395,314.14,2021-01-31,34
326,466,404.63,2021-02-21,86
327,64,281.0,2023-04-25,23
328,21,973.55,2023-10-14,27
329,15,170.82,2021-09-03,44
330,243,819.77,2022-11-03,8
331,74,898.43,2021-12-06,55
332,274,891.83,2023-01-01,99
333,411,493.88,2022-02-27,98
334,134,374.57,2022-03-05,95
335,332,709.67,2022-04-05,20
336,450,55.66,2021-01-05,54
337,476,366.56,2022-08-10,99
338,191,682.21,2021-10-24,86
339,262,181.79,2023-04-01,15
340,344,883.26,2023-12-21,26
341,82,756.67,2023-09-29,30
342,306,284.38,2023-12-07,89
343,184,90.55,2021-04-20,90
344,246,694.66,2022-08-07,27
345,72,540.78,2021-04-13,42
346,244,973.04,2021-06-03,48
347,485,24.59,2023-10-22,15
348,107,608.07,2022-10-11,89
349,223,573.92,2021-02-02,100
350,200,357.89,2023-07-07,92
351,489,220.12,2021-06-29,17
352,85,659.43,2021-03-03,39
353,188,518.45,2021-01-23,41
354,144,104.37,2021-08-13,71
355,167,79.66,2022-02-07,33
356,328,344.06,2021-02-17,98
357,384,168.63,2023-06-15,59
358,207,618.63,2022-01-21,61
359,390,707.71,2022-06-07,18
360,217,214.13,2023-05-11,19
361,69,171.81,2022-02-20,51
362,174,407.4,2021-12-01,24
363,15,628.02,2022-12-06,4
364,177,618.86,2022-05-26,72
365,145,796.83,2021-12-29,50
366,81,292.06,2021-04-13,100
367,137,954.37,2023-02-25,72
368,227,699.8,2022-01-31,77
369,245,181.44,2022-05-29,80
370,434,891.54,2022-08-23,25
371,73,703.72,2023-02-10,64
372,40,287.48,2022-08-01,66
373,30,258.74,2021-05-25,68
374,122,454.22,2021-07-19,96
375,78,666.23,2021-03-30,42
376,327,95.1,2023-03-06,33
377,92,167.71,2023-05-13,81
378,298,169.36,2021-07-01,61
379,53,812.63,2023-03-31,71
380,336,477.1,2021-07-18,7
381,336,962.51,2021-12-31,10
382,329,568.61,2021-07-21,54
383,161,265.96,2023-12-11,36
384,34,439.6,2021-02-26,79
385,457,793.36,2023-09-21,78
386,442,889.84,2023-05-12,65
387,465,686.09,2023-10-23,8
388,142,799.57,2023-01-07,89
389,328,723.51,2021-10-22,54
390,332,446.22,2021-09-02,1
391,331,750.71,2022-07-31,35
392,91,823.5,2021-03-05,9
393,300,554.67,2023-06-25,33
394,281,895.39,2023-07-25,89
395,74,664.26,2021-04-17,13
396,423,692.36,2023-08-05,55
397,293,401.92,2021-03-21,58
398,456,61.69,2023-10-09,25
399,177,657.82,2021-01-09,8
400,248,853.53,2022-03-18,24
401,465,954.12,2021-11-09,48
402,43,761.11,2021-02-13,72
403,295,483.9,2021-12-11,63
404,470,723.01,2022-08-27,11
405,114,14.26,2021-05-24,98
406,326,631.95,2023-03-01,80
407,355,570.82,2023-05-03,39
408,385,130.14,2022-03-19,64
409,332,719.72,2021-09-09,78
410,250,613.04,2021-01-31,54
411,397,312.38,2022-11-03,25
412,192,786.25,2022-03-25,33
413,169,930.23,2021-03-20,85
414,404,181.28,2023-10-18,89
415,489,993.02,2023-05-14,31
416,197,701.59,2022-03-20,73
417,62,241.46,2022-04-29,10
418,489,794.85,2021-02-20,77
419,492,954.02,2022-01-08,77
420,337,837.76,2021-10-30,20
421,241,907.48,2022-11-30,7
422,25,401.57,2022-01-11,46
423,43,35.77,2021-10-20,5
424,453,324.29,2022-08-15,44
425,337,663.93,2021-12-17,44
426,20,472.82,2023-02-24,65
427,468,585.97,2023-12-15,42
428,183,837.3,2022-05-01,70
429,359,231.97,2022-08-02,60
430,62,23.72,2021-04-24,73
431,482,57.2,2023-02-08,4
432,266,964.13,2022-10-14,84
433,1,257.83,2021-05-17,50
434,229,992.71,2021-09-14,1
435,125,487.48,2021-01-14,65
436,279,97.92,2022-01-02,31
437,113,804.77,2022-01-19,28
438,84,759.22,2023-09-15,97
439,113,807.92,2022-08-21,5
440,107,686.21,2022-03-20,47
441,220,783.46,2023-08-04,4
442,150,250.3,2023-04-22,21
443,207,309.07,2023-10-12,27
444,400,463.27,2022-09-20,67
445,399,373.77,2022-01-07,17
446,471,742.91,2022-12-26,100
447,87,310.82,2021-09-05,25
448,298,81.45,2022-04-08,59
449,331,440.66,2023-06-11,74
450,411,245.46,2021-04-22,85
451,137,530.17,2023-11-06,55
452,317,354.96,2023-10-17,92
453,81,172.6,2021-06-20,58
454,122,779.62,2022-02-17,52
455,57,439.62,2023-07-15,27
456,50,631.03,2021-07-06,78
457,112,423.3,2023-01-05,65
458,416,740.1,2022-08-27,95
459,486,297.0,2023-03-23,27
460,176,931.15,2021-08-27,21
461,402,280.27,2022-11-08,29
462,284,888.9,2023-10-28,24
463,422,634.27,2021-12-16,59
464,361,891.99,2022-02-14,43
465,174,121.18,2021-07-02,25
466,267,274.72,2021-05-23,81
467,482,794.37,2021-05-02,81
468,348,86.0,2023-08-17,35
469,241,932.26,2022-08-18,24
470,413,679.78,2021-05-22,99
471,166,500.07,2021-08-20,91
472,331,484.46,2023-05-03,88
473,290,659.93,2023-05-19,3
474,87,450.56,2023-08-26,35
475,493,373.18,2021-06-13,56
476,24,579.07,2023-05-20,8
477,62,612.43,2021-05-08,49
478,200,793.4,2021-09-04,30
479,23,957.91,2022-07-18,20
480,377,982.34,2022-06-14,18
481,294,325.06,2022-12-07,8
482,62,304.74,2023-05-18,36
483,3,459.98,2021-10-21,55
484,368,882.8,2023-10-23,40
485,44,88.78,2022-08-08,3
486,337,326.83,2021-09-12,56
487,216,368.87,2021-03-21,41
488,490,618.43,2021-10-27,39
489,395,556.25,2021-10-30,2
490,156,417.32,2022-08-26,57
491,475,954.2,2022-06-16,15
492,24,337.23,2021-07-19,40
493,321,277.82,2021-03-08,94
494,240,988.81,2022-05-05,53
495,252,95.72,2021-05-13,72
496,51,859.93,2023-06-10,67
497,184,502.0,2023-01-21,69
498,202,366.45,2023-09-29,92
499,190,47.69,2022-01-26,82
500,94,237.72,2021-09-11,54
501,296,397.47,2022-08-05,35
502,153,938.23,2022-03-29,80
503,245,197.02,2022-10-12,33
504,223,592.29,2021-07-08,55
505,130,202.11,2023-01-11,14
506,308,874.72,2022-04-20,34
507,101,649.36,2022-02-11,99
508,468,247.23,2021-05-01,37
509,94,10.25,2022-01-12,83
510,274,228.57,2022-03-06,88
511,44,619.01,2022-09-05,19
512,419,16.12,2021-07-02,13
513,416,270.54,2022-10-12,68
514,180,316.17,2023-09-12,77
515,310,664.2,2021-04-24,59
516,291,448.41,2022-10-07,78
517,155,593.0,2022-05-13,73
518,27,864.6,2021-08-08,43
519,458,97.91,2021-03-18,33
520,195,204.56,2023-04-30,95
521,10,282.99,2022-01-14,98
522,225,355.03,2023-10-13,67
523,167,628.33,2022-08-01,57
524,11,847.97,2023-08-08,61
525,467,297.56,2023-05-16,2
526,460,502.38,2021-03-12,47
527,88,22.05,2021-08-30,43
528,15,925.86,2022-05-20,73
529,358,304.88,2022-03-26,87
530,228,340.99,2021-08-27,7
531,200,436.63,2022-02-09,23
532,317,323.22,2023-07-17,90
533,331,273.21,2023-07-23,21
534,196,204.21,2021-11-01,16
535,239,110.8,2021-07-02,70
536,257,198.73,2023-11-29,76
537,127,319.08,2021-07-30,32
538,151,35.09,2022-08-12,81
539,416,920.81,2022-01-02,15
540,275,397.19,2022-05-17,87
541,109,459.32,2023-01-07,77
542,202,455.4,2021-06-04,64
543,85,63.02,2022-08-16,12
544,448,230.49,2021-06-11,7
545,257,826.59,2022-05-05,48
546,352,814.52,2023-04-01,65
547,254,36.46,2022-05-25,14
548,311,840.63,2023-04-29,42
549,426,506.31,2023-10-13,35
550,135,494.21,2023-02-24,31
551,185,413.87,2022-12-05,2
552,175,197.36,2023-09-12,91
553,37,503.79,2022-05-12,82
554,88,612.6,2021-12-10,33
555,150,539.91,2022-08-31,76
556,113,713.35,2023-01-19,92
557,53,612.95,2022-10-10,2
558,44,627.26,2021-12-12,63
559,61,652.5,2021-11-13,55
560,149,553.71,2021-10-03,60
561,267,385.97,2023-03-31,72
562,281,966.03,2023-01-18,15
563,72,802.0,2023-04-18,61
564,377,641.88,2021-12-31,22
565,87,501.52,2023-02-19,69
566,44,577.7,2023-04-06,83
567,494,214.91,2022-01-22,16
568,253,384.94,2023-10-13,86
569,7,383.79,2021-05-11,77
570,396,880.63,2021-04-01,60
571,57,915.77,2021-03-23,35
572,154,486.64,2023-12-17,62
573,78,896.91,2021-01-05,37
574,20,342.47,2022-11-11,18
575,371,200.57,2023-10-21,9
576,188,377.54,2021-12-01,86
577,474,312.3,2023-12-05,12
578,1,8.46,2022-11-25,22
579,252,497.8,2022-12-18,47
580,372,536.58,2021-01-30,92
581,328,710.14,2022-11-19,71
582,296,580.0,2022-12-15,31
583,17,899.49,2022-06-12,93
584,32,654.24,2022-09-27,86
585,485,157.85,2021-04-02,98
586,146,925.49,2022-09-01,62
587,165,980.06,2021-07-19,74
588,457,962.96,2023-09-11,50
589,412,402.66,2023-03-08,23
590,458,146.22,2023-12-03,47
591,40,12.77,2022-09-17,85
592,124,753.99,2023-01-22,50
593,369,792.89,2023-04-25,53
594,453,837.42,2021-04-16,94
595,303,444.31,2023-12-09,1
596,494,739.32,2023-08-16,86
597,230,929.44,2021-09-11,52
598,200,369.59,2021-04-17,2
599,44,602.49,2022-11-03,96
600,434,361.4,2022-05-18,16
601,86,842.51,2023-07-13,53
602,312,468.14,2021-12-31,51
603,253,670.88,2021-02-17,21
604,136,984.48,2022-08-13,47
605,382,973.34,2021-03-27,35
606,266,266.95,2021-03-20,2
607,43,279.11,2023-08-21,4
608,222,554.76,2021-09-20,68
609,1,617.38,2022-03-10,83
610,395,214.23,2021-04-23,92
611,175,182.61,2023-02-21,22
612,22,655.17,2021-03-25,85
613,480,264.03,2021-01-04,5
614,8,194.58,2023-09-18,18
615,123,154.49,2022-06-11,48
616,222,375.35,2022-11-28,87
617,87,956.95,2023-02-22,94
618,476,523.9,2021-03-17,3
619,85,868.96,2023-01-21,15
620,13,12.21,2021-04-05,18
621,142,347.6,2023-08-30,79
622,485,968.96,2023-05-17,31
623,331,765.02,2022-07-11,97
624,242,762.92,2021-02-17,20
625,368,932.23,2023-05-10,72
626,363,220.72,2022-09-06,8
627,70,120.78,2022-12-31,44
628,137,634.05,2023-02-24,91
629,347,165.16,2022-02-18,13
630,321,24.82,2022-01-12,14
631,69,67.22,2023-01-24,95
632,120,223.29,2021-03-20,68
633,370,300.4,2022-09-14,67
634,450,643.76,2021-11-14,82
635,230,786.67,2022-12-07,64
636,183,327.56,2023-07-12,19
637,422,932.84,2021-09-13,87
638,414,432.89,2022-04-15,41
639,358,682.06,2022-07-17,46
640,242,29.65,2023-01-12,11
641,147,172.88,2022-12-25,8
642,458,96.92,2021-01-25,9
643,309,994.07,2021-04-23,62
644,352,368.1,2021-03-16,15
645,89,972.47,2021-11-04,89
646,455,358.3,2023-08-27,72
647,101,685.86,2023-10-17,18
648,267,72.39,2023-12-02,28
649,16,251.47,2023-09-14,86
650,448,251.57,2021-09-29,35
651,238,265.72,2023-10-27,80
652,321,110.34,2022-10-01,79
653,72,686.99,2022-08-31,48
654,489,541.5,2021-01-14,23
655,370,459.95,2023-04-06,21
656,205,296.93,2023-05-14,55
657,279,184.19,2022-09-10,91
658,452,322.8,2023-11-05,55
659,485,831.14,2023-04-09,80
660,217,502.83,2021-11-15,82
661,406,532.4,2023-08-19,57
662,128,729.73,2021-08-11,96
663,312,120.51,2021-03-30,10
664,35,76.41,2023-12-30,54
665,387,529.82,2022-02-24,63
666,21,519.08,2021-08-01,99
667,74,854.03,2023-02-15,63
668,343,126.59,2023-09-26,68
669,243,497.41,2023-12-04,49
670,377,718.34,2023-04-12,9
671,133,416.03,2023-12-01,90
672,176,899.88,2022-05-19,98
673,204,50.77,2023-04-27,61
674,265,528.62,2023-01-04,49
675,471,950.15,2021-02-26,17
676,361,553.61,2021-08-25,42
677,406,991.45,2023-08-10,44
678,223,764.79,2023-06-25,91
679,369,397.87,2021-03-15,27
680,193,771.42,2021-11-27,49
681,240,64.01,2023-01-04,45
682,15,986.5,2021-07-11,85
683,347,385.56,2023-05-24,68
684,300,740.32,2022-04-04,41
685,222,74.04,2022-09-08,91
686,377,217.19,2021-12-05,39
687,423,252.42,2021-03-16,48
688,479,766.65,2022-11-27,61
689,346,289.64,2021-09-14,57
690,57,221.46,2022-07-09,89
691,436,296.37,2021-06-19,68
692,220,569.8,2023-09-29,44
693,489,355.77,2022-09-14,85
694,61,781.28,2022-06-06,45
695,122,846.81,2023-06-02,3
696,198,988.89,2021-11-28,43
697,290,160.28,2021-11-13,30
698,64,514.37,2021-05-29,45
699,17,90.99,2022-01-07,45
700,471,821.08,2021-01-14,8
701,68,18.1,2021-12-25,70
702,186,343.72,2022-03-04,12
703,460,616.4,2022-03-04,73
704,186,434.46,2021-12-28,95
705,151,450.19,2021-03-23,14
706,34,172.21,2023-08-02,50
707,26,482.26,2022-11-29,41
708,133,934.34,2023-11-17,21
709,263,817.43,2022-12-20,96
710,343,239.92,2022-05-16,39
711,33,786.64,2022-02-03,3
712,422,127.69,2023-12-06,29
713,78,634.84,2023-02-06,17
714,358,245.01,2023-12-03,98
715,133,831.62,2023-01-08,88
716,210,933.3,2021-11-19,53
717,156,124.37,2022-10-14,96
718,318,237.04,2022-06-02,77
719,44,309.89,2023-05-13,23
720,7,16.7,2023-04-03,38
721,220,116.18,2021-11-30,3
722,291,760.18,2022-04-30,73
723,166,522.36,2022-11-02,34
724,182,590.92,2023-04-27,57
725,94,787.3,2022-07-02,43
726,400,466.17,2023-08-28,90
727,63,136.9,2021-10-30,31
728,286,788.31,2023-06-21,87
729,48,566.29,2021-08-15,36
730,361,680.13,2023-07-31,98
731,180,410.39,2023-04-22,62
732,177,69.99,2023-09-25,68
733,67,216.32,2023-12-24,21
734,316,684.2,2023-04-13,22
735,242,175.84,2023-12-24,51
736,269,333.17,2022-01-19,51
737,197,179.18,2023-12-22,1
738,214,833.81,2021-06-21,55
739,470,912.15,2022-05-24,94
740,168,403.63,2021-12-02,42
741,442,401.68,2023-10-23,18
742,326,377.51,2023-09-15,32
743,146,257.96,2021-06-23,81
744,309,144.99,2022-11-02,65
745,415,422.48,2023-08-22,21
746,322,308.22,2023-06-19,15
747,206,757.2,2021-11-11,25
748,21,679.82,2022-01-17,70
749,278,648.21,2021-03-09,36
750,262,328.3,2023-05-09,94
751,180,678.38,2021-09-14,40
752,489,210.13,2021-10-05,32
753,358,857.25,2021-08-30,19
754,6,633.62,2023-04-19,70
755,252,784.02,2022-07-24,97
756,90,479.5,2023-11-16,71
757,471,140.5,2021-04-27,78
758,15,977.76,2021-01-21,61
759,493,120.14,2023-02-01,82
760,446,210.12,2022-09-01,76
761,186,320.96,2022-04-07,98
762,120,108.83,2022-05-05,99
763,25,122.83,2022-05-13,64
764,411,510.73,2022-11-28,17
765,499,878.45,2023-06-01,71
766,434,678.87,2021-09-03,45
767,298,191.64,2022-07-29,82
768,364,803.12,2021-07-06,98
769,89,477.37,2021-06-29,24
770,337,174.49,2022-01-06,5
771,347,236.61,2023-03-30,41
772,429,187.72,2021-02-27,19
773,181,312.25,2022-04-11,13
774,480,835.03,2022-02-19,52
775,114,402.88,2022-11-02,73
776,470,707.54,2023-08-04,46
777,294,118.21,2022-10-29,37
778,192,17.02,2021-11-22,61
779,457,473.97,2022-06-22,77
780,32,808.56,2021-11-22,25
781,340,68.7,2023-11-15,47
782,134,270.54,2022-02-08,19
783,52,69.56,2022-03-15,66
784,154,320.18,2022-01-16,76
785,322,840.89,2022-04-22,100
786,11,895.84,2021-04-09,2
787,405,308.49,2021-12-27,1
788,37,509.3,2021-09-29,35
789,177,627.55,2022-06-01,27
790,115,19.58,2022-08-28,32
791,347,24.45,2022-04-09,30
792,109,160.78,2023-03-18,52
793,395,185.03,2021-07-22,93
794,500,512.63,2023-03-06,45
795,231,282.23,2023-04-02,5
796,248,606.53,2021-01-19,80
797,344,219.14,2022-05-05,57
798,177,328.2,2021-11-08,91
799,134,203.38,2022-11-27,30
800,257,681.14,2022-12-24,87
801,130,196.24,2022-11-21,60
802,344,180.58,2023-01-25,43
803,429,490.86,2023-03-28,80
804,218,127.18,2022-04-21,8
805,482,847.04,2022-09-30,10
806,294,809.97,2023-10-23,24
807,327,650.76,2022-01-06,10
808,419,379.14,2023-12-27,89
809,472,793.85,2023-08-28,32
810,82,952.84,2022-04-23,26
811,212,341.1,2023-06-06,70
812,455,163.63,2022-01-31,29
813,230,392.57,2023-11-27,75
814,443,626.03,2023-03-30,48
815,143,60.68,2022-07-21,3
816,73,218.93,2022-01-20,97
817,263,136.76,2022-02-08,89
818,87,429.04,2021-12-12,15
819,152,551.16,2022-09-17,52
820,414,639.2,2023-09-27,62
821,241,869.38,2021-03-26,22
822,109,486.82,2022-06-23,82
823,36,36.41,2022-10-03,30
824,336,147.55,2021-05-09,23
825,155,334.36,2021-08-04,74
826,122,316.48,2023-09-06,40
827,216,825.02,2021-09-06,44
828,48,658.38,2021-10-14,70
829,443,794.08,2022-02-26,51
830,66,864.38,2022-01-28,63
831,59,714.5,2021-03-01,42
832,218,966.84,2021-04-01,64
833,440,380.97,2021-05-30,77
834,496,736.37,2021-02-16,7
835,399,170.22,2022-12-08,65
836,382,628.85,2022-05-15,41
837,479,475.43,2021-04-19,73
838,247,873.47,2021-09-26,62
839,423,907.91,2022-06-01,84
840,309,466.78,2021-05-14,27
841,251,827.65,2023-10-19,49
842,370,471.67,2023-12-03,8
843,206,218.87,2021-08-24,55
844,378,377.9,2021-08-09,4
845,395,892.35,2021-02-04,32
846,454,651.08,2023-10-16,22
847,109,229.36,2023-06-02,43
848,368,224.91,2021-06-09,50
849,330,869.29,2021-07-28,91
850,193,462.07,2023-03-26,30
851,53,497.48,2022-04-26,36
852,87,666.48,2023-02-09,23
853,124,786.13,2021-07-28,27
854,125,453.95,2023-07-25,29
855,294,90.1,2023-11-25,87
856,124,889.33,2022-10-05,96
857,467,250.16,2021-02-04,66
858,369,961.83,2022-09-03,54
859,165,518.97,2021-02-22,26
860,478,95.18,2021-12-31,83
861,452,773.99,2022-04-15,29
862,321,891.62,2023-10-17,46
863,185,831.02,2021-06-03,35
864,311,697.55,2023-06-21,83
865,252,215.3,2022-12-17,56
866,413,885.78,2022-11-20,65
867,248,750.14,2022-12-27,15
868,88,373.99,2023-02-09,72
869,310,286.55,2021-09-12,78
870,428,759.19,2022-10-01,99
871,428,293.17,2023-01-27,33
872,135,386.6,2021-05-30,8
873,134,834.92,2022-04-11,65
874,419,296.13,2021-07-25,100
875,222,620.04,2023-02-01,49
876,33,908.69,2021-06-10,75
877,52,854.13,2022-11-16,36
878,167,783.19,2021-08-21,81
879,191,305.83,2022-03-31,87
880,228,752.57,2023-10-02,73
881,58,898.41,2021-08-07,28
882,421,433.2,2021-05-27,79
883,497,837.13,2022-06-29,59
884,120,966.29,2022-07-04,47
885,32,253.07,2023-04-25,10
886,142,983.31,2021-09-25,80
887,316,554.7,2021-11-02,91
888,448,638.5,2022-07-25,70
889,65,252.45,2023-04-04,29
890,497,262.87,2023-03-08,91
891,63,32.95,2022-07-31,21
892,378,171.7,2021-12-08,5
893,391,350.32,2021-10-21,16
894,343,444.08,2022-09-15,14
895,490,814.96,2021-02-21,23
896,246,244.96,2021-11-09,4
897,455,409.4,2023-11-16,45
898,396,269.21,2023-02-11,22
899,265,74.91,2022-03-10,2
900,401,881.77,2023-02-17,88
901,199,525.78,2021-10-01,6
902,265,867.6,2023-08-04,19
903,254,783.25,2022-06-11,63
904,210,879.77,2023-07-09,2
905,248,219.44,2021-06-27,84
906,257,814.76,2021-07-28,98
907,364,96.95,2021-11-22,68
908,197,810.06,2022-12-21,76
909,412,5.27,2023-11-30,3
910,72,957.21,2022-10-21,32
911,263,444.78,2023-05-29,16
912,457,776.15,2022-02-07,55
913,10,899.72,2022-10-24,33
914,380,336.01,2023-04-07,14
915,303,768.47,2022-07-18,78
916,25,123.48,2022-08-02,54
917,127,599.19,2022-05-25,45
918,391,696.2,2022-12-08,86
919,190,255.98,2021-08-11,70
920,109,948.34,2021-07-22,52
921,414,659.56,2021-11-29,91
922,127,101.57,2023-03-25,18
923,305,415.94,2023-07-01,21
924,88,794.17,2022-08-24,18
925,225,241.97,2022-10-18,75
926,300,955.85,2023-07-16,56
927,274,917.22,2022-02-28,74
928,266,122.65,2023-02-11,100
929,229,595.48,2023-08-19,8
930,113,746.75,2021-06-22,22
931,294,850.64,2021-04-22,93
932,485,596.89,2022-05-26,1
933,294,396.98,2023-01-05,76
934,327,647.3,2023-02-06,81
935,395,408.66,2021-09-13,63
936,434,222.76,2023-08-30,64
937,25,837.06,2021-12-12,57
938,49,371.09,2023-09-17,16
939,207,92.49,2021-09-28,4
940,445,507.02,2021-07-09,8
941,364,941.99,2022-07-31,85
942,360,968.98,2023-09-17,41
943,87,494.65,2023-08-28,92
944,225,223.15,2022-07-02,78
945,286,801.25,2023-01-31,46
946,428,498.98,2021-01-11,6
947,446,451.97,2021-02-12,42
948,175,145.42,2021-08-29,54
949,423,398.35,2022-09-13,61
950,326,533.77,2023-01-14,13
951,251,734.28,2023-12-09,76
952,121,85.97,2022-10-03,20
953,62,765.68,2023-01-17,8
954,242,260.53,2022-05-29,87
955,50,520.94,2023-03-12,53
956,337,494.97,2023-12-16,44
957,263,196.8,2021-09-09,35
958,229,508.44,2021-07-22,88
959,146,763.43,2023-12-04,21
960,123,473.79,2022-01-10,96
961,352,289.26,2021-11-16,56
962,310,666.07,2022-06-12,1
963,67,688.08,2022-10-04,41
964,452,561.3,2022-11-12,74
965,160,411.6,2021-11-17,75
966,127,661.94,2023-04-25,72
967,67,238.48,2022-10-04,100
968,191,902.56,2021-11-07,79
969,306,613.74,2023-12-01,39
970,251,76.78,2021-09-16,81
971,120,646.27,2021-10-31,11
972,460,67.99,2021-09-03,78
973,256,875.66,2021-10-04,10
974,402,198.24,2021-03-27,98
975,252,86.55,2021-10-11,26
976,8,369.45,2021-04-14,62
977,193,618.2,2021-08-03,95
978,420,666.63,2023-03-27,84
979,247,762.51,2021-11-25,70
980,10,59.69,2022-08-26,65
981,107,452.03,2023-01-16,25
982,1,720.97,2023-01-16,24
983,5,313.8,2023-08-02,68
984,215,688.85,2022-04-15,9
985,270,445.01,2022-10-05,4
986,340,685.34,2022-05-26,56
987,316,73.19,2021-09-11,87
988,8,98.67,2022-09-09,31
989,184,195.5,2022-08-09,42
990,126,789.23,2023-04-21,59
991,460,132.96,2023-01-02,54
992,96,589.38,2021-07-30,98
993,150,450.92,2023-02-11,36
994,385,208.83,2021-10-31,33
995,401,953.53,2023-03-09,36
996,185,941.99,2023-09-30,74
997,292,263.27,2023-09-11,90
998,437,899.98,2022-06-19,26
999,153,200.18,2021-09-08,71
1000,438,945.27,2022-06-03,16
1001,446,611.95,2021-08-26,17
1002,352,870.23,2022-09-20,89
1003,469,970.6,2021-07-28,86
1004,472,966.23,2022-07-25,91
1005,186,534.47,2023-09-09,47
1006,108,235.78,2021-05-02,93
1007,300,600.6,2021-04-26,52
1008,293,512.44,2023-05-07,13
1009,387,692.76,2022-09-18,30
1010,388,551.25,2023-07-19,41
1011,81,514.94,2022-10-16,18
1012,20,708.62,2022-05-22,2
1013,240,8.74,2022-07-22,17
1014,33,587.51,2023-02-01,77
1015,467,123.15,2022-12-29,43
1016,117,151.76,2023-04-12,82
1017,174,149.29,2023-07-23,58
1018,67,473.15,2021-11-28,31
1019,176,787.01,2021-01-17,19
1020,269,857.86,2021-05-10,93
1021,326,881.87,2021-04-03,100
1022,359,419.21,2022-12-24,54
1023,412,628.35,2022-01-25,29
1024,369,463.09,2022-09-13,50
1025,78,219.03,2022-10-06,63
1026,117,603.74,2022-05-17,27
1027,332,704.68,2021-03-12,78
1028,47,99.05,2023-06-10,64
1029,206,312.98,2023-02-21,28
1030,67,941.16,2021-11-05,23
1031,404,197.7,2022-09-23,98
1032,493,712.67,2021-11-22,39
1033,73,954.08,2023-05-10,71
1034,428,904.69,2022-12-17,11
1035,451,307.65,2021-12-10,76
1036,390,256.65,2023-09-30,42
1037,98,716.1,2023-11-22,55
1038,23,751.65,2021-08-10,12
1039,300,666.49,2023-08-08,64
1040,156,374.74,2023-12-11,68
1041,324,51.44,2022-09-05,88
1042,419,143.1,2023-07-25,27
1043,311,47.24,2021-06-08,35
1044,266,870.96,2021-03-29,41
1045,419,279.53,2022-09-24,62
1046,455,664.86,2023-05-17,20
1047,47,261.74,2022-11-25,88
1048,66,766.13,2023-02-02,90
1049,11,208.21,2022-12-02,22
1050,72,283.69,2022-05-20,52
1051,368,614.23,2021-08-04,64
1052,250,668.08,2021-07-15,51
1053,378,963.45,2023-07-15,2
1054,128,375.02,2022-04-23,28
1055,168,151.76,2021-02-03,26
1056,169,824.24,2023-06-24,93
1057,202,615.85,2023-05-16,53
1058,117,641.97,2021-09-25,55
1059,413,680.21,2021-12-20,32
1060,220,494.12,2021-05-03,29
1061,478,185.14,2023-10-15,63
1062,85,313.88,2021-06-18,66
1063,306,589.74,2022-07-24,12
1064,51,131.26,2021-04-30,59
1065,243,869.14,2021-10-04,39
1066,342,135.74,2022-11-16,55
1067,214,215.96,2022-02-04,77
1068,397,722.82,2023-09-24,25
1069,363,820.24,2023-02-18,100
1070,21,544.18,2021-02-04,36
1071,154,78.56,2021-02-27,59
1072,206,371.99,2022-12-16,41
1073,3,510.61,2021-05-16,75
1074,307,535.22,2021-03-24,95
1075,290,749.13,2023-04-21,30
1076,364,329.52,2022-01-01,59
1077,22,410.65,2023-03-31,40
1078,196,477.17,2022-09-25,32
1079,295,535.32,2023-08-03,16
1080,321,866.13,2023-10-16,71
1081,423,886.79,2023-11-15,21
1082,416,275.77,2023-12-01,79
1083,196,575.53,2022-08-17,50
1084,281,535.64,2021-10-27,16
1085,63,952.94,2021-12-03,70
1086,331,423.88,2023-10-09,1
1087,69,750.85,2022-10-06,2
1088,335,802.98,2021-03-14,46
1089,370,214.87,2023-01-16,39
1090,180,665.82,2022-12-10,100
1091,496,977.21,2022-08-17,9
1092,199,109.42,2022-08-06,51
1093,355,975.64,2023-03-17,46
1094,10,784.17,2021-02-04,94
1095,47,703.08,2021-03-14,57
1096,305,58.52,2022-11-26,97
1097,89,278.85,2021-05-18,89
1098,342,263.04,2021-07-08,51
1099,293,758.08,2021-05-03,48
1100,68,769.92,2022-09-28,72
1101,463,988.26,2023-09-19,9
1102,496,117.19,2022-06-19,63
1103,90,218.96,2023-09-24,62
1104,401,231.58,2022-08-01,70
1105,149,644.39,2022-09-15,19
1106,185,434.43,2022-07-01,43
1107,241,417.36,2021-12-30,11
1108,25,886.46,2021-01-02,18
1109,428,593.67,2021-07-06,26
1110,373,10.35,2021-11-16,63
1111,216,107.91,2023-08-20,43
1112,13,906.74,2022-09-17,68
1113,24,214.85,2021-02-26,37
1114,455,494.46,2023-09-24,78
1115,158,809.52,2023-05-29,3
1116,319,49.46,2021-10-03,61
1117,86,24.67,2021-12-12,52
1118,290,404.68,2021-09-03,50
1119,84,952.95,2022-04-16,33
1120,25,993.12,2021-09-15,4
1121,96,798.17,2023-05-19,20
1122,174,100.8,2022-05-29,44
1123,307,782.3,2022-05-10,88
1124,224,411.48,2022-07-08,96
1125,450,687.02,2021-03-31,42
1126,448,56.04,2023-03-27,43
1127,349,205.45,2023-05-12,7
1128,3,555.32,2022-04-28,69
1129,328,715.97,2023-01-28,13
1130,465,777.67,2023-09-23,43
1131,361,302.29,2023-05-03,74
1132,254,130.93,2022-11-06,5
1133,157,445.78,2021-11-04,69
1134,313,783.85,2021-08-22,53
1135,494,508.2,2021-02-25,20
1136,130,704.57,2023-12-08,57
1137,370,602.32,2021-01-22,65
1138,175,491.87,2021-01-10,1
1139,248,644.13,2022-02-20,6
1140,445,121.86,2022-12-14,48
1141,3,58.67,2021-12-17,27
1142,387,959.35,2023-05-17,92
1143,133,121.59,2021-06-30,26
1144,226,869.99,2023-09-17,8
1145,293,130.43,2021-12-22,97
1146,269,23.25,2022-05-04,12
1147,184,687.04,2023-08-08,77
1148,198,122.6,2023-06-01,88
1149,227,848.29,2023-07-28,8
1150,367,120.02,2022-10-06,26
1151,329,106.17,2021-07-29,14
1152,310,140.78,2022-11-02,63
1153,67,345.36,2022-09-15,75
1154,186,111.42,2023-12-20,99
1155,33,232.25,2021-07-07,51
1156,443,415.62,2021-05-19,8
1157,400,723.53,2023-10-21,93
1158,349,915.67,2023-04-07,85
1159,344,91.16,2021-05-10,6
1160,132,393.13,2022-07-17,84
1161,357,471.5,2022-11-16,13
1162,102,215.8,2022-07-22,29
1163,468,609.53,2021-07-08,14
1164,252,313.48,2023-02-04,9
1165,168,96.66,2022-01-15,85
1166,236,38.77,2023-12-13,63
1167,403,293.23,2023-11-04,12
1168,369,418.22,2023-03-21,55
1169,250,187.29,2023-11-07,97
1170,434,416.81,2023-07-03,16
1171,260,153.31,2021-12-03,72
1172,355,868.45,2023-07-05,79
1173,480,716.78,2023-01-16,19
1174,62,434.32,2021-08-03,94
1175,214,118.57,2021-10-23,79
1176,276,357.89,2023-10-06,12
1177,275,697.5,2021-03-27,25
1178,309,46.86,2021-09-07,99
1179,184,481.73,2021-12-02,58
1180,166,670.4,2023-05-26,59
1181,128,578.31,2023-04-23,6
1182,269,267.22,2023-08-04,85
1183,239,151.92,2022-10-07,58
1184,251,991.72,2022-07-04,51
1185,382,998.43,2021-05-26,89
1186,326,271.36,2023-03-01,24
1187,16,689.95,2023-12-26,67
1188,369,759.77,2022-02-21,11
1189,419,106.51,2022-06-23,30
1190,317,48.46,2022-12-14,4
1191,223,170.31,2022-09-24,43
1192,423,679.96,2023-04-03,44
1193,5,982.07,2022-12-05,98
1194,385,628.43,2023-12-17,1
1195,56,51.7,2021-10-22,65
1196,198,157.76,2021-04-01,43
1197,62,959.32,2022-10-30,47
1198,438,113.06,2022-03-16,40
1199,225,488.6,2022-06-22,23
1200,41,121.09,2023-09-23,1
1201,125,487.15,2021-01-03,34
1202,239,704.14,2022-08-12,47
1203,372,365.19,2022-05-10,40
1204,149,745.58,2022-01-31,95
1205,300,17.95,2023-08-14,38
1206,117,93.1,2022-10-29,72
1207,145,142.18,2022-03-01,65
1208,63,884.33,2021-03-16,34
1209,399,250.74,2021-07-19,44
1210,451,524.95,2021-01-01,28
1211,448,149.09,2022-01-18,71
1212,471,478.42,2023-02-22,96
1213,477,429.81,2022-07-25,35
1214,157,337.65,2021-03-25,36
1215,88,773.68,2023-12-30,7
1216,72,258.19,2023-01-07,77
1217,250,391.7,2023-04-12,20
1218,396,130.03,2023-11-05,67
1219,405,857.73,2021-02-17,50
1220,137,213.27,2022-09-28,15
1221,177,185.86,2022-10-26,4
1222,399,662.93,2023-06-09,56
1223,343,189.19,2021-03-25,21
1224,342,958.01,2022-12-13,13
1225,337,772.38,2021-12-06,72
1226,197,137.93,2023-09-29,56
1227,1,723.84,2022-04-06,60
1228,344,847.45,2021-07-08,54
1229,9,509.54,2022-10-16,41
1230,337,70.36,2022-06-11,21
1231,241,48.09,2021-06-21,94
1232,3,429.89,2021-08-30,86
1233,123,355.33,2022-11-26,2
1234,152,697.53,2022-06-13,70
1235,309,289.0,2021-09-20,75
1236,75,696.53,2023-12-23,38
1237,92,136.08,2022-04-08,37
1238,402,214.53,2021-10-23,16
1239,216,600.83,2023-01-17,92
1240,302,341.11,2023-04-08,42
1241,375,856.92,2021-01-15,21
1242,470,537.03,2023-11-29,7
1243,467,140.49,2022-08-13,75
1244,267,642.19,2023-04-28,32
1245,230,966.51,2022-12-16,42
1246,183,361.93,2023-11-22,87
1247,167,440.86,2021-08-02,84
1248,86,701.91,2022-09-10,57
1249,117,398.26,2022-08-21,44
1250,489,397.25,2021-03-26,71
1251,73,278.82,2021-05-31,17
1252,363,103.18,2023-01-11,64
1253,90,941.34,2021-02-25,38
1254,316,432.42,2022-03-20,77
1255,463,717.05,2021-10-25,2
1256,114,64.02,2022-08-21,39
1257,491,816.9,2022-09-03,10
1258,393,343.79,2022-09-08,51
1259,75,501.42,2022-12-11,36
1260,343,513.94,2022-10-19,5
1261,437,149.83,2022-09-03,38
1262,204,659.31,2021-07-11,46
1263,86,633.65,2022-09-07,52
1264,276,67.67,2021-02-26,78
1265,56,645.42,2021-03-27,30
1266,37,186.51,2023-01-19,1
1267,463,170.03,2022-07-29,81
1268,87,115.73,2022-09-10,65
1269,260,251.42,2022-01-08,80
1270,73,599.56,2021-05-09,91
1271,89,966.33,2022-11-30,78
1272,34,816.67,2022-07-18,80
1273,116,110.18,2023-11-18,73
1274,275,99.37,2022-03-07,63
1275,150,125.99,2023-01-21,15
1276,470,940.77,2021-07-15,79
1277,490,541.63,2021-09-20,1
1278,354,243.72,2021-03-13,84
1279,36,967.36,2021-07-05,34
1280,228,77.22,2022-12-12,43
1281,371,837.13,2022-03-12,23
1282,147,968.77,2023-04-07,78
1283,197,349.5,2023-04-21,66
1284,211,42.91,2021-04-27,50
1285,217,665.06,2023-07-01,16
1286,153,399.64,2021-02-08,3
1287,86,60.52,2022-08-09,4
1288,411,144.95,2022-05-22,33
1289,254,381.06,2022-11-07,93
1290,167,691.71,2021-09-04,17
1291,189,321.55,2022-02-11,76
1292,382,878.96,2023-06-06,22
1293,86,873.38,2023-07-21,79
1294,308,329.93,2023-05-13,82
1295,25,912.36,2021-05-23,3
1296,120,940.62,2021-12-11,65
1297,81,224.06,2022-05-07,59
1298,135,799.61,2023-11-17,12
1299,294,228.63,2021-10-05,1
1300,210,325.6,2022-01-20,27
1301,70,159.22,2021-11-04,83
1302,161,710.46,2023-04-13,13
1303,390,992.4,2022-09-18,91
1304,198,773.22,2021-03-27,31
1305,1,750.18,2022-03-04,85
1306,283,729.7,2023-07-31,22
1307,236,153.37,2022-03-23,17
1308,68,36.79,2022-05-20,66
1309,119,436.79,2021-07-17,85
1310,89,938.93,2023-05-08,6
1311,317,7.38,2022-08-09,57
1312,182,990.56,2021-12-20,56
1313,276,41.39,2022-01-20,68
1314,463,431.82,2022-06-22,61
1315,434,658.95,2022-07-02,28
1316,263,444.51,2021-06-12,47
1317,98,544.52,2022-10-19,35
1318,382,345.07,2023-06-26,9
1319,126,441.48,2021-07-21,12
1320,290,100.71,2021-08-30,48
1321,406,996.08,2021-09-02,51
1322,257,947.35,2022-01-16,13
1323,236,193.07,2021-06-16,33
1324,177,332.92,2022-08-31,49
1325,445,707.83,2022-08-31,32
1326,445,757.15,2023-04-20,23
1327,155,242.56,2023-02-01,17
1328,13,311.41,2023-07-01,73
1329,193,423.74,2021-09-21,5
1330,401,697.02,2023-11-15,34
1331,240,619.56,2022-06-18,4
1332,415,181.27,2023-12-15,61
1333,119,841.84,2022-05-29,79
1334,107,283.97,2023-06-20,33
1335,436,222.49,2021-12-02,77
1336,500,506.33,2021-04-18,40
1337,311,355.88,2021-08-15,97
1338,72,885.01,2022-06-09,33
1339,223,773.87,2021-09-13,82
1340,90,925.85,2021-02-06,43
1341,369,655.77,2022-07-02,99
1342,302,796.83,2021-05-23,55
1343,227,346.25,2021-07-10,81
1344,491,938.03,2022-08-15,5
1345,15,317.64,2022-04-18,74
1346,477,438.23,2022-01-20,55
1347,81,953.09,2021-06-02,3
1348,242,518.5,2023-09-21,40
1349,175,296.56,2021-12-21,46
1350,218,281.6,2023-05-02,1
1351,461,224.19,2022-10-12,71
1352,436,91.64,2022-04-27,30
1353,466,424.34,2023-10-30,94
1354,22,528.47,2021-03-19,64
1355,66,31.1,2023-07-26,65
1356,165,816.18,2021-03-23,56
1357,391,225.37,2023-05-09,49
1358,16,133.74,2022-12-31,9
1359,443,961.58,2023-08-13,43
1360,82,293.63,2021-01-16,35
1361,428,368.03,2022-09-05,72
1362,43,648.98,2022-06-23,40
1363,296,672.49,2023-09-24,50
1364,240,214.63,2022-10-23,36
1365,388,60.19,2023-10-27,86
1366,41,171.65,2023-12-30,59
1367,6,896.98,2021-12-17,76
1368,58,482.83,2022-01-31,12
1369,311,878.88,2023-04-16,84
1370,196,311.43,2021-12-15,41
1371,177,533.0,2023-07-13,7
1372,102,206.67,2023-03-08,51
1373,458,50.7,2022-03-10,53
1374,69,8.4,2021-05-03,84
1375,150,670.0,2023-04-18,2
1376,329,67.04,2021-11-04,61
1377,451,626.61,2023-08-07,57
1378,460,270.14,2021-08-28,25
1379,156,108.96,2022-08-03,78
1380,68,683.92,2022-05-01,96
1381,361,187.45,2023-06-22,80
1382,159,693.88,2023-02-04,98
1383,149,426.99,2022-10-28,16
1384,190,544.16,2022-06-03,58
1385,475,421.87,2023-05-30,83
1386,149,115.29,2022-07-28,68
1387,112,745.79,2023-06-16,23
1388,337,18.25,2022-08-28,53
1389,434,51.15,2022-06-22,7
1390,65,559.49,2023-05-16,17
1391,217,666.78,2023-06-15,42
1392,370,924.24,2022-11-24,5
1393,482,664.11,2023-03-08,76
1394,124,765.68,2022-05-29,7
1395,102,375.06,2023-05-29,89
1396,330,880.83,2022-08-16,51
1397,337,738.86,2021-06-20,95
1398,186,103.92,2021-02-20,72
1399,152,311.51,2022-07-21,100
1400,263,630.1,2021-02-09,59
1401,121,241.62,2023-08-19,73
1402,292,104.05,2021-12-28,43
1403,290,17.0,2023-09-21,18
1404,41,144.83,2023-03-07,78
1405,239,111.85,2021-12-04,100
1406,275,353.22,2022-01-21,71
1407,70,698.62,2022-11-28,41
1408,480,201.05,2021-07-28,7
1409,454,350.75,2023-04-30,91
1410,317,400.57,2022-01-27,21
1411,500,463.27,2022-09-30,60
1412,375,262.67,2023-12-29,31
1413,371,134.51,2023-05-14,90
1414,11,683.7,2022-02-24,11
1415,145,346.46,2023-08-25,67
1416,202,400.95,2021-09-12,38
1417,309,40.32,2023-11-09,53
1418,421,193.56,2022-09-22,3
1419,149,254.4,2021-02-23,18
1420,11,221.71,2021-01-27,53
1421,35,776.68,2023-07-20,85
1422,82,228.2,2022-04-06,65
1423,316,198.76,2023-04-26,46
1424,32,406.83,2023-05-06,39
1425,193,409.77,2022-04-10,66
1426,157,736.74,2022-02-02,97
1427,367,493.95,2022-02-17,18
1428,377,377.49,2022-05-16,59
1429,267,346.92,2022-06-13,93
1430,398,984.5,2023-09-19,65
1431,24,695.17,2022-09-04,50
1432,469,510.74,2023-01-23,35
1433,429,494.4,2023-11-01,50
1434,210,363.97,2021-01-12,29
1435,196,506.54,2023-03-30,91
1436,206,570.38,2021-05-26,18
1437,43,864.53,2021-11-11,87
1438,13,645.98,2021-10-04,6
1439,15,314.57,2021-03-19,56
1440,98,651.91,2022-02-25,90
1441,183,921.82,2023-09-08,91
1442,375,339.2,2021-05-09,81
1443,290,889.7,2023-05-04,68
1444,61,585.86,2022-12-08,64
1445,476,349.15,2021-11-15,56
1446,43,285.29,2022-05-15,5
1447,418,100.13,2023-05-25,55
1448,47,438.11,2021-08-24,2
1449,134,277.96,2022-08-29,87
1450,429,713.31,2022-07-12,43
1451,148,802.07,2022-07-30,32
1452,269,905.96,2022-12-31,86
1453,377,708.26,2023-01-13,32
1454,248,115.23,2021-12-15,80
1455,147,880.26,2021-02-26,83
1456,146,973.63,2022-05-10,41
1457,126,397.32,2021-06-14,57
1458,286,909.89,2022-12-27,67
1459,102,788.28,2022-04-05,19
1460,35,997.51,2021-03-31,21
1461,414,970.64,2022-01-08,37
1462,252,237.66,2023-05-05,84
1463,9,235.83,2023-04-28,61
1464,166,76.29,2021-11-15,55
1465,472,429.94,2022-06-12,95
1466,296,727.43,2021-12-07,87
1467,152,486.59,2021-09-16,80
1468,327,749.33,2021-07-27,25
1469,24,778.62,2021-08-27,16
1470,286,312.6,2021-05-15,87
1471,415,265.85,2023-07-22,2
1472,43,273.18,2022-10-13,99
1473,347,128.6,2022-09-29,60
1474,496,442.88,2021-02-19,74
1475,250,118.25,2022-04-15,51
1476,191,905.58,2023-01-15,47
1477,278,131.73,2021-05-26,13
1478,279,782.37,2022-06-11,100
1479,186,771.68,2021-10-13,39
1480,369,915.81,2021-02-27,48
1481,302,71.21,2023-05-17,28
1482,227,95.83,2021-06-21,95
1483,147,66.18,2022-02-01,80
1484,102,814.4,2022-05-03,7
1485,67,641.94,2023-01-26,27
1486,199,953.03,2022-10-31,65
1487,186,586.74,2022-06-29,93
1488,107,863.82,2022-08-21,64
1489,482,727.26,2022-09-28,71
1490,372,731.9,2022-10-30,28
1491,227,830.5,2023-10-05,54
1492,405,863.11,2022-09-07,20
1493,68,404.83,2023-08-29,58
1494,226,347.7,2023-06-11,19
1495,144,161.04,2021-10-17,56
1496,476,773.06,2021-09-13,13
1497,47,957.33,2021-01-18,55
1498,73,8.6,2021-12-22,34
1499,94,82.8,2021-02-23,81
1500,243,577.73,2022-06-16,51
1501,60,870.97,2023-10-25,69
1502,450,129.9,2023-03-24,6
1503,318,805.53,2023-07-07,1
1504,136,552.55,2021-01-15,22
1505,21,69.84,2021-09-15,41
1506,189,741.79,2022-08-26,52
1507,188,886.8,2021-10-21,37
1508,319,636.72,2022-05-16,36
1509,371,682.13,2023-04-02,50
1510,21,542.65,2022-08-04,97
1511,177,457.89,2021-10-05,84
1512,162,30.41,2023-09-04,15
1513,82,971.85,2022-09-02,11
1514,114,309.87,2021-08-22,86
1515,477,281.97,2022-06-22,16
1516,458,46.48,2022-04-06,18
1517,210,200.89,2021-12-24,86
1518,291,728.89,2023-12-17,64
1519,407,503.37,2022-11-26,95
1520,312,103.04,2022-01-07,98
1521,405,39.37,2023-05-21,70
1522,218,545.28,2022-01-03,64
1523,372,765.36,2022-01-07,59
1524,205,388.02,2021-03-13,62
1525,25,8.88,2023-10-24,4
1526,49,95.63,2023-01-27,27
1527,355,127.67,2022-10-15,28
1528,332,571.03,2023-08-25,98
1529,57,971.21,2021-06-24,38
1530,421,356.69,2021-12-18,36
1531,26,343.73,2022-05-06,26
1532,384,950.13,2021-08-11,36
1533,96,243.71,2021-04-02,89
1534,36,799.41,2023-10-18,90
1535,451,129.41,2021-12-27,63
1536,497,337.89,2022-04-14,19
1537,81,581.05,2022-07-01,65
1538,147,890.19,2023-04-10,19
1539,342,295.2,2022-03-10,23
1540,371,407.38,2023-05-21,57
1541,227,533.33,2023-07-18,10
1542,485,146.44,2023-08-13,90
1543,161,737.4,2023-07-27,47
1544,61,231.33,2023-06-07,93
1545,421,393.84,2021-01-29,92
1546,67,669.53,2023-11-22,82
1547,136,29.93,2023-03-10,19
1548,81,697.07,2022-03-07,21
1549,101,790.31,2021-05-08,73
1550,222,533.82,2023-08-30,63
1551,426,839.1,2021-01-21,90
1552,120,623.03,2021-02-23,81
1553,48,272.47,2022-10-21,1
1554,398,777.31,2022-06-19,5
1555,480,786.99,2021-11-11,34
1556,373,227.89,2022-12-11,27
1557,123,422.1,2023-10-23,29
1558,329,807.21,2023-05-31,25
1559,230,670.87,2022-02-04,9
1560,227,235.47,2021-10-23,25
1561,156,257.88,2021-01-24,3
1562,113,629.15,2022-05-05,45
1563,166,949.58,2022-12-31,85
1564,182,914.84,2023-08-06,68
1565,311,365.08,2021-08-01,66
1566,303,282.5,2021-12-07,34
1567,293,134.04,2021-04-08,49
1568,206,73.39,2023-05-12,32
1569,336,768.03,2022-01-21,22
1570,149,416.07,2021-12-22,31
1571,302,805.04,2022-09-11,49
1572,276,41.39,2023-01-29,69
1573,312,214.06,2022-07-08,21
1574,34,651.24,2021-12-04,49
1575,241,939.35,2021-02-02,47
1576,347,352.22,2022-08-25,82
1577,348,599.8,2022-02-05,53
1578,169,474.61,2021-09-08,67
1579,60,419.49,2023-07-25,1
1580,472,335.37,2022-06-11,39
1581,260,470.38,2021-11-13,19
1582,294,479.91,2023-06-27,58
1583,371,269.62,2021-06-17,56
1584,102,743.82,2021-07-15,56
1585,154,963.62,2023-07-12,94
1586,247,489.7,2022-07-04,43
1587,27,66.33,2023-10-08,77
1588,416,796.35,2023-10-05,84
1589,154,892.43,2021-10-07,9
1590,207,967.32,2023-01-03,63
1591,60,965.21,2021-06-15,84
1592,43,114.29,2021-09-26,60
1593,296,163.57,2022-11-22,51
1594,135,135.26,2022-02-24,69
1595,43,311.99,2022-04-17,44
1596,44,667.84,2022-07-01,23
1597,160,702.07,2021-04-08,25
1598,279,900.49,2021-09-18,96
1599,364,928.35,2021-06-16,6
1600,471,282.72,2021-05-09,80
1601,225,657.81,2021-07-19,66
1602,39,942.3,2022-06-25,30
1603,242,981.33,2021-03-17,2
1604,228,942.42,2021-10-14,93
1605,426,992.41,2023-07-28,48
1606,309,194.95,2023-08-13,22
1607,364,839.22,2022-08-27,90
1608,177,694.32,2022-06-06,82
1609,292,938.77,2023-12-27,17
1610,304,804.93,2022-03-26,58
1611,476,515.38,2023-05-07,23
1612,416,336.61,2021-05-25,13
1613,90,770.16,2023-11-19,83
1614,84,573.15,2021-12-29,27
1615,377,839.39,2021-12-06,27
1616,119,412.29,2023-03-11,32
1617,61,622.0,2022-03-31,8
1618,153,577.13,2021-01-25,34
1619,147,722.75,2022-10-21,84
1620,183,489.19,2021-02-15,26
1621,359,526.23,2023-09-15,49
1622,499,523.48,2021-08-19,68
1623,46,625.08,2023-01-20,5
1624,37,895.55,2022-02-28,22
1625,245,961.4,2023-07-04,7
1626,327,243.08,2023-10-07,40
1627,496,409.98,2022-02-06,31
1628,82,258.35,2022-11-23,61
1629,253,577.83,2022-10-15,83
1630,300,232.69,2023-11-23,13
1631,450,988.03,2021-02-05,80
1632,60,45.34,2021-08-16,18
1633,176,61.85,2021-01-02,74
1634,74,118.66,2022-11-25,12
1635,491,320.01,2023-07-07,93
1636,109,668.78,2023-05-20,38
1637,245,395.31,2023-11-04,26
1638,223,218.44,2021-04-12,69
1639,390,762.43,2021-02-17,98
1640,30,855.07,2021-05-12,59
1641,52,899.05,2022-09-29,89
1642,344,152.58,2022-12-01,67
1643,274,462.38,2022-01-17,19
1644,494,307.07,2022-10-23,4
1645,119,705.09,2021-08-11,79
1646,243,813.19,2021-06-12,60
1647,86,790.9,2021-01-24,27
1648,24,126.5,2023-05-06,18
1649,306,638.92,2021-06-11,71
1650,6,407.24,2023-02-16,24
1651,200,805.2,2021-03-17,9
1652,422,62.99,2023-10-18,23
1653,361,322.01,2022-05-10,61
1654,133,178.18,2022-11-18,86
1655,310,369.81,2022-08-02,83
1656,44,356.69,2021-09-16,61
1657,236,927.23,2022-01-16,89
1658,261,940.87,2021-03-28,64
1659,7,673.2,2023-04-13,82
1660,453,727.62,2023-05-21,96
1661,286,911.02,2023-01-21,5
1662,17,551.25,2021-11-09,72
1663,426,222.23,2022-01-08,60
1664,370,223.5,2023-07-05,87
1665,155,514.52,2023-06-04,51
1666,470,670.94,2023-07-07,29
1667,453,281.89,2021-10-10,26
1668,182,165.09,2023-11-09,93
1669,11,853.14,2021-02-22,37
1670,247,201.75,2021-05-05,73
1671,177,236.87,2023-05-12,28
1672,401,141.47,2023-11-28,97
1673,342,965.31,2022-11-17,89
1674,207,426.27,2022-11-22,38
1675,124,978.09,2023-02-21,81
1676,403,376.93,2022-03-08,80
1677,269,809.86,2022-05-27,53
1678,174,876.34,2022-12-07,1
1679,294,240.69,2021-08-04,91
1680,262,596.75,2023-07-28,74
1681,52,255.87,2022-03-30,5
1682,21,32.52,2022-03-06,27
1683,246,761.13,2021-09-04,2
1684,160,313.58,2023-06-24,68
1685,493,960.47,2023-12-28,21
1686,278,965.16,2021-06-30,25
1687,478,565.42,2022-10-29,62
1688,328,703.23,2022-06-26,39
1689,403,184.54,2023-11-24,42
1690,40,316.42,2021-10-07,73
1691,72,600.5,2022-02-28,66
1692,204,326.0,2021-12-29,90
1693,310,281.62,2021-09-26,41
1694,56,201.81,2023-12-10,41
1695,25,665.54,2021-04-21,8
1696,330,998.61,2022-01-21,99
1697,407,500.45,2022-08-14,49
1698,418,285.81,2021-12-04,23
1699,181,115.15,2023-06-07,27
1700,46,198.86,2021-02-04,67
1701,409,439.61,2021-05-12,31
1702,307,33.32,2022-12-17,49
1703,102,809.09,2021-10-07,7
1704,370,225.9,2022-05-08,19
1705,145,25.6,2021-01-17,60
1706,41,844.16,2022-06-28,49
1707,40,520.49,2022-04-05,82
1708,143,558.32,2021-05-18,60
1709,497,273.4,2023-05-30,51
1710,396,440.6,2021-10-09,7
1711,192,35.97,2023-03-14,11
1712,326,120.19,2021-10-25,1
1713,252,584.45,2022-01-23,69
1714,204,223.01,2022-10-24,58
1715,279,997.39,2023-10-29,62
1716,425,465.48,2021-10-31,90
1717,371,934.78,2022-04-24,99
1718,419,788.96,2023-07-24,10
1719,145,204.92,2021-08-20,24
1720,206,303.83,2021-11-02,81
1721,215,340.95,2022-09-08,5
1722,126,565.22,2022-01-11,46
1723,32,970.53,2021-03-29,43
1724,9,482.08,2022-11-12,2
1725,279,794.25,2021-12-15,39
1726,413,44.63,2023-11-27,82
1727,316,16.01,2021-06-23,35
1728,116,327.2,2021-02-28,66
1729,499,444.16,2023-04-26,52
1730,376,501.83,2022-01-31,32
1731,476,978.2,2022-08-11,11
1732,53,772.76,2022-10-15,50
1733,25,486.81,2023-11-29,80
1734,281,839.84,2023-02-02,51
1735,21,202.07,2023-10-25,5
1736,412,319.24,2022-03-25,64
1737,161,549.03,2021-08-17,28
1738,220,132.62,2023-11-01,23
1739,437,656.83,2021-11-18,13
1740,281,313.95,2022-06-15,88
1741,148,460.24,2023-11-09,20
1742,278,790.3,2021-12-10,98
1743,300,834.24,2021-10-10,90
1744,354,503.61,2023-11-17,26
1745,240,734.03,2021-11-15,31
1746,114,991.25,2023-04-27,22
1747,398,103.45,2022-03-21,87
1748,493,527.22,2021-07-03,25
1749,250,833.97,2021-09-05,5
1750,434,598.65,2023-08-22,40
1751,197,423.37,2022-05-22,1
1752,33,495.15,2022-11-18,21
1753,174,421.32,2023-07-21,73
1754,399,7.3,2023-12-09,83
1755,154,46.96,2021-02-03,68
1756,256,927.09,2023-06-03,94
1757,465,740.75,2023-11-11,84
1758,13,901.42,2022-10-07,50
1759,298,121.23,2021-12-29,10
1760,404,607.19,2022-07-31,55
1761,126,421.95,2022-03-13,21
1762,178,595.66,2023-01-04,88
1763,327,363.18,2022-11-21,42
1764,46,780.8,2023-12-03,43
1765,191,535.08,2021-11-07,98
1766,248,502.34,2022-12-14,56
1767,11,487.97,2023-01-20,50
1768,101,629.85,2022-01-13,6
1769,442,713.76,2021-10-16,76
1770,267,729.74,2023-07-17,84
1771,399,703.12,2022-08-25,19
1772,469,591.02,2021-06-23,99
1773,48,172.2,2022-04-19,56
1774,37,768.21,2021-10-09,35
1775,309,376.29,2021-04-28,8
1776,115,202.44,2023-10-18,60
1777,69,780.36,2021-09-03,74
1778,183,969.55,2023-02-10,70
1779,293,162.93,2023-11-12,86
1780,380,302.77,2021-03-21,43
1781,13,815.96,2021-03-09,63
1782,402,360.32,2023-10-29,75
1783,397,851.28,2021-08-12,17
1784,224,663.84,2021-11-21,37
1785,125,606.43,2023-04-23,5
1786,217,608.46,2023-11-28,74
1787,75,938.66,2021-02-08,71
1788,452,744.82,2023-12-03,54
1789,310,683.89,2023-03-03,96
1790,258,225.47,2021-01-09,66
1791,458,222.86,2021-10-21,52
1792,26,134.36,2022-03-13,90
1793,1,851.79,2023-10-06,54
1794,13,326.15,2023-06-01,52
1795,292,913.06,2022-10-04,65
1796,337,163.88,2021-11-13,30
1797,91,615.72,2022-07-29,13
1798,497,474.3,2023-09-22,29
1799,411,588.92,2022-03-18,28
1800,477,575.13,2021-03-10,62
1801,36,703.0,2022-02-27,57
1802,48,525.17,2022-04-10,36
1803,286,338.21,2022-06-21,2
1804,258,527.09,2021-10-13,73
1805,437,419.8,2022-04-29,25
1806,467,139.09,2023-03-01,25
1807,265,440.19,2022-11-22,7
1808,415,848.35,2022-02-07,45
1809,382,327.52,2021-07-15,39
1810,460,991.68,2021-12-16,47
1811,460,894.16,2023-05-03,89
1812,128,325.3,2021-07-18,98
1813,155,629.7,2021-06-01,20
1814,124,127.44,2023-11-30,1
1815,415,860.73,2022-07-10,91
1816,240,567.25,2023-08-19,39
1817,494,788.82,2021-09-10,13
1818,346,874.24,2023-04-13,12
1819,322,492.25,2022-07-02,45
1820,218,138.41,2022-11-18,65
1821,10,924.52,2023-06-24,49
1822,220,862.78,2021-02-12,40
1823,238,998.41,2023-03-19,36
1824,446,480.23,2022-08-26,32
1825,17,701.95,2022-03-18,24
1826,204,638.16,2023-11-21,26
1827,74,451.92,2021-02-07,48
1828,9,219.2,2023-04-27,35
1829,243,638.21,2022-11-01,92
1830,125,741.78,2021-02-08,94
1831,401,118.8,2022-11-09,75
1832,384,599.03,2023-11-14,30
1833,384,404.15,2022-05-24,64
1834,94,826.94,2021-02-14,27
1835,252,652.93,2022-02-05,27
1836,307,851.12,2021-01-11,3
1837,422,163.57,2022-10-22,7
1838,41,423.38,2022-11-03,63
1839,49,992.57,2023-04-08,38
1840,120,256.22,2022-05-21,38
1841,412,534.91,2021-11-28,96
1842,414,975.13,2021-03-29,5
1843,191,394.59,2021-12-22,49
1844,247,846.7,2022-08-29,70
1845,84,333.67,2022-05-04,36
1846,149,190.63,2023-05-23,73
1847,482,382.84,2023-02-19,21
1848,298,678.92,2023-06-17,69
1849,319,84.42,2021-02-17,67
1850,413,726.99,2022-05-28,35
1851,50,447.85,2023-12-07,45
1852,438,921.64,2022-02-27,2
1853,369,179.37,2021-03-04,99
1854,400,380.79,2022-04-10,40
1855,450,542.46,2023-05-17,4
1856,57,491.11,2022-05-04,89
1857,152,346.43,2021-09-06,57
1858,212,200.2,2022-11-01,59
1859,228,867.05,2021-12-25,84
1860,49,555.59,2021-03-17,63
1861,65,572.18,2023-10-11,77
1862,359,324.65,2023-05-24,81
1863,411,234.46,2021-07-07,95
1864,41,695.6,2023-09-15,82
1865,17,92.25,2022-11-20,43
1866,47,201.15,2021-07-23,59
1867,162,105.96,2023-10-25,59
1868,92,154.09,2023-02-22,67
1869,330,433.87,2022-12-06,53
1870,316,427.05,2021-06-28,3
1871,166,223.16,2021-03-15,1
1872,377,459.29,2022-10-14,48
1873,330,677.62,2023-02-12,97
1874,378,802.7,2021-11-20,100
1875,43,74.43,2023-02-21,82
1876,191,671.79,2021-03-19,74
1877,125,292.92,2022-11-05,15
1878,343,13.34,2023-10-21,73
1879,313,733.6,2021-01-11,3
1880,391,184.34,2023-02-18,27
1881,347,220.72,2023-12-14,37
1882,49,580.54,2021-05-23,21
1883,477,90.65,2021-07-24,82
1884,291,328.46,2022-09-17,10
1885,166,866.5,2023-09-27,57
1886,493,538.3,2022-09-19,82
1887,188,913.41,2023-04-28,44
1888,193,239.51,2022-06-23,50
1889,291,296.01,2022-09-11,22
1890,180,918.07,2023-07-03,41
1891,142,974.71,2022-04-15,96
1892,266,207.28,2022-08-04,17
1893,226,886.65,2023-11-03,62
1894,227,25.19,2021-05-17,83
1895,147,969.78,2023-06-16,53
1896,216,57.74,2021-04-13,3
1897,258,892.52,2023-04-28,67
1898,199,365.92,2023-10-04,93
1899,342,342.11,2023-12-13,2
1900,159,171.47,2023-09-28,82
1901,214,697.51,2022-04-13,4
1902,228,850.37,2021-01-31,96
1903,479,873.95,2022-06-22,29
1904,404,606.41,2021-11-18,94
1905,393,498.22,2021-08-05,43
1906,411,369.79,2022-02-10,53
1907,286,791.02,2021-08-02,25
1908,150,220.59,2022-09-21,41
1909,407,155.34,2023-11-05,33
1910,352,225.73,2023-06-28,69
1911,363,377.7,2023-11-04,22
1912,450,298.03,2021-11-06,49
1913,471,291.85,2022-01-02,43
1914,412,61.79,2022-08-08,33
1915,159,380.08,2021-04-01,19
1916,109,816.4,2023-12-23,21
1917,51,20.13,2021-09-19,50
1918,281,648.46,2023-02-13,63
1919,108,563.24,2022-09-21,8
1920,312,298.1,2022-02-11,35
1921,400,980.69,2022-06-16,41
1922,461,299.45,2021-05-10,31
1923,159,192.22,2022-09-07,87
1924,368,795.39,2022-10-09,27
1925,347,517.15,2021-12-18,22
1926,412,167.34,2021-12-02,92
1927,491,709.75,2023-04-15,73
1928,309,28.76,2023-02-24,3
1929,251,864.97,2023-08-10,52
1930,30,237.91,2022-01-28,22
1931,167,825.82,2022-06-16,1
1932,448,930.02,2023-01-28,3
1933,159,329.12,2021-02-18,39
1934,366,502.06,2021-08-18,56
1935,390,729.99,2022-04-16,71
1936,193,760.65,2023-01-08,95
1937,126,315.66,2022-06-23,61
1938,485,88.88,2021-05-20,89
1939,94,159.61,2023-12-17,14
1940,365,184.91,2023-05-26,66
1941,120,338.92,2022-01-13,99
1942,5,197.7,2023-10-12,62
1943,377,589.95,2022-02-07,25
1944,240,80.97,2022-02-18,62
1945,39,856.35,2022-07-18,98
1946,169,379.18,2022-04-12,54
1947,26,670.2,2022-07-14,85
1948,22,465.93,2021-06-21,44
1949,284,436.35,2021-01-17,73
1950,463,973.63,2022-07-17,80
1951,191,88.58,2022-03-31,68
1952,112,694.69,2023-07-11,23
1953,291,218.99,2022-10-12,8
1954,44,687.16,2023-02-25,37
1955,354,584.24,2022-03-03,8
1956,343,310.15,2022-02-25,8
1957,11,47.44,2023-03-20,92
1958,26,934.78,2023-09-28,36
1959,318,67.59,2021-03-04,34
1960,225,269.34,2023-02-23,4
1961,359,410.14,2022-02-24,61
1962,143,687.67,2021-05-14,99
1963,178,421.8,2022-01-13,75
1964,52,506.47,2023-08-04,37
1965,32,584.48,2021-08-27,90
1966,261,358.79,2022-05-22,65
1967,58,682.18,2021-06-10,79
1968,159,404.64,2022-08-17,9
1969,454,998.25,2021-05-15,2
1970,266,976.4,2021-04-27,52
1971,250,201.62,2022-07-24,63
1972,329,945.88,2022-04-05,77
1973,165,461.94,2021-04-22,78
1974,499,312.98,2021-07-23,19
1975,82,350.81,2022-01-25,56
1976,183,18.71,2022-11-24,38
1977,145,627.12,2022-09-23,57
1978,470,178.5,2021-05-26,83
1979,485,936.91,2022-05-26,46
1980,120,202.27,2023-03-27,45
1981,416,288.96,2021-04-06,88
1982,486,188.46,2021-03-19,33
1983,387,398.75,2023-09-20,66
1984,466,174.05,2023-12-11,33
1985,167,51.02,2023-04-15,64
1986,144,722.2,2022-12-09,17
1987,175,697.38,2023-01-01,60
1988,248,126.98,2022-07-02,20
1989,107,697.56,2023-03-15,45
1990,59,989.8,2023-08-26,1
1991,150,39.68,2023-05-04,36
1992,242,233.43,2023-03-26,9
1993,471,132.95,2023-07-07,62
1994,16,691.31,2022-07-21,68
1995,467,373.87,2022-01-08,24
1996,421,440.58,2021-02-25,83
1997,152,56.77,2023-06-26,52
1998,328,573.21,2023-01-15,97
1999,24,54.37,2022-09-16,94
2000,5,134.82,2021-04-09,64
2001,98,583.49,2021-02-22,39
2002,196,917.58,2021-09-05,35
2003,36,210.47,2023-11-29,15
2004,440,748.54,2021-03-25,41
2005,214,438.25,2022-11-14,90
2006,460,712.36,2021-01-18,9
2007,115,114.64,2023-09-14,45
2008,367,76.6,2021-10-15,96
2009,53,894.54,2021-09-17,71
2010,470,488.35,2023-04-14,25
2011,399,435.55,2023-02-02,86
2012,428,183.31,2022-08-04,56
2013,156,711.59,2021-02-15,34
2014,260,75.3,2023-12-17,90
2015,417,254.97,2023-06-08,28
2016,119,463.27,2023-11-23,92
2017,126,530.39,2022-04-28,66
2018,41,906.42,2021-02-01,67
2019,23,755.52,2022-03-04,36
2020,119,452.51,2022-04-09,91
2021,305,357.41,2021-03-27,59
2022,226,949.78,2023-01-12,44
2023,387,987.68,2021-07-06,7
2024,116,83.79,2022-03-17,66
2025,429,567.24,2021-12-03,53
2026,45,698.6,2023-03-18,91
2027,443,895.58,2021-08-01,19
2028,313,756.31,2023-10-14,7
2029,413,690.81,2023-03-22,24
2030,275,569.77,2022-07-09,28
2031,293,882.95,2023-01-02,31
2032,126,356.03,2023-06-06,50
2033,416,96.1,2023-10-06,99
2034,72,391.84,2021-06-01,60
2035,417,295.41,2023-06-19,43
2036,206,15.16,2023-01-21,96
2037,407,212.59,2023-12-24,2
2038,73,449.92,2021-07-14,28
2039,178,614.29,2022-02-13,47
2040,476,68.18,2023-06-28,64
2041,375,542.65,2023-06-10,38
2042,248,642.51,2021-06-07,60
2043,182,247.84,2023-01-26,34
2044,68,29.59,2022-06-28,16
2045,269,309.68,2022-12-28,44
2046,340,217.74,2022-10-27,82
2047,241,482.96,2022-05-19,12
2048,465,899.42,2022-03-25,2
2049,293,726.31,2021-07-31,81
2050,8,718.64,2022-06-17,7
2051,471,357.41,2023-10-23,96
2052,62,524.06,2021-04-09,32
2053,207,742.99,2022-01-11,59
2054,35,97.41,2022-04-17,60
2055,59,47.36,2022-08-16,12
2056,290,531.73,2022-10-28,5
2057,414,313.06,2021-05-20,55
2058,46,788.53,2023-12-29,29
2059,331,175.46,2023-10-09,85
2060,342,806.21,2023-01-21,59
2061,70,43.33,2023-06-02,35
2062,404,65.66,2022-11-13,94
2063,456,196.91,2023-04-03,43
2064,9,276.59,2021-11-15,96
2065,425,286.16,2021-09-24,38
2066,16,640.36,2021-09-10,24
2067,358,807.18,2023-04-08,42
2068,121,972.53,2023-08-06,36
2069,316,727.21,2022-05-09,65
2070,409,221.53,2021-09-25,68
2071,412,271.33,2023-09-20,68
2072,70,810.88,2021-06-03,82
2073,269,254.04,2022-07-17,56
2074,34,367.84,2021-01-06,73
2075,455,264.9,2022-06-01,65
2076,378,635.45,2023-01-07,42
2077,258,397.05,2022-04-24,87
2078,147,414.42,2023-08-07,92
2079,21,14.36,2021-09-22,56
2080,177,774.97,2022-01-30,65
2081,180,263.05,2023-07-22,94
2082,291,598.36,2022-08-27,30
2083,251,955.16,2022-09-12,46
2084,458,514.02,2022-12-13,29
2085,16,712.23,2023-08-05,29
2086,196,527.02,2021-12-14,35
2087,468,477.85,2022-09-28,4
2088,361,849.14,2023-08-26,100
2089,89,663.01,2021-09-06,57
2090,225,288.03,2023-08-27,50
2091,484,236.32,2022-10-18,95
2092,327,135.07,2023-06-07,53
2093,342,788.62,2022-10-20,82
2094,298,568.62,2022-10-29,16
2095,198,667.79,2023-07-09,5
2096,114,175.17,2021-04-25,44
2097,124,545.17,2022-11-21,2
2098,52,702.18,2022-05-29,94
2099,27,353.54,2021-12-05,96
2100,89,423.68,2023-06-10,85
2101,396,389.41,2023-10-16,63
2102,152,216.52,2021-02-26,79
2103,119,466.46,2023-02-17,27
2104,109,805.72,2022-10-24,15
2105,200,21.31,2022-01-17,89
2106,159,60.74,2021-10-17,27
2107,23,812.75,2023-07-29,95
2108,482,131.59,2022-08-26,18
2109,16,238.38,2022-09-07,35
2110,182,572.42,2021-09-20,41
2111,354,813.13,2022-01-31,41
2112,238,17.43,2022-05-16,56
2113,116,585.17,2022-01-07,58
2114,58,844.45,2021-05-26,1
2115,467,626.93,2022-01-02,5
2116,368,617.31,2023-06-19,52
2117,455,57.52,2021-02-03,6
2118,455,317.6,2022-06-21,49
2119,286,537.57,2021-01-01,8
2120,261,518.02,2022-03-27,19
2121,143,262.38,2023-05-05,64
2122,330,728.96,2022-03-11,10
2123,466,912.74,2023-12-20,77
2124,442,369.89,2022-07-10,41
2125,122,377.84,2021-02-13,28
2126,315,53.08,2021-08-05,28
2127,478,244.0,2023-05-16,12
2128,165,836.29,2023-05-27,22
2129,188,207.56,2022-06-13,47
2130,309,982.3,2022-03-02,41
2131,412,838.62,2023-03-07,81
2132,270,467.22,2022-07-25,11
2133,329,590.26,2022-05-01,7
2134,322,813.87,2021-10-29,40
2135,145,654.51,2023-10-29,23
2136,355,357.83,2022-02-14,72
2137,365,325.84,2021-06-24,37
2138,254,809.12,2021-09-08,67
2139,218,822.88,2022-10-22,76
2140,108,727.1,2022-03-16,100
2141,151,611.35,2021-11-21,45
2142,124,798.56,2021-06-09,70
2143,94,393.93,2022-09-07,56
2144,397,765.89,2021-12-10,32
2145,133,44.59,2023-11-01,95
2146,329,181.83,2023-01-30,16
2147,39,235.72,2022-05-21,60
2148,475,954.31,2021-05-05,94
2149,370,743.9,2021-03-05,58
2150,124,360.71,2021-08-19,11
2151,388,473.98,2022-01-11,71
2152,404,835.5,2023-07-09,70
2153,72,749.95,2022-10-28,87
2154,290,518.06,2022-01-09,15
2155,489,425.01,2021-10-01,93
2156,402,153.22,2021-12-31,9
2157,220,273.78,2021-06-09,35
2158,429,820.7,2021-10-26,73
2159,236,365.47,2023-06-19,60
2160,420,34.56,2022-12-09,60
2161,36,105.61,2021-05-20,15
2162,375,481.47,2021-08-13,48
2163,21,892.36,2023-05-23,76
2164,380,954.64,2023-12-02,86
2165,382,544.73,2022-04-18,76
2166,161,605.98,2022-04-25,74
2167,193,721.64,2023-11-04,26
2168,387,701.27,2021-05-19,25
2169,454,89.81,2022-04-24,91
2170,375,284.93,2021-04-16,76
2171,49,81.96,2022-06-13,86
2172,169,890.15,2022-02-11,90
2173,149,579.51,2023-01-13,12
2174,421,743.2,2022-03-07,26
2175,120,416.21,2023-01-14,99
2176,244,87.56,2021-12-06,19
2177,226,824.43,2022-11-13,93
2178,211,821.5,2022-08-23,30
2179,199,970.38,2022-06-12,82
2180,332,681.45,2023-01-18,67
2181,422,465.76,2021-10-19,32
2182,456,70.59,2022-03-05,30
2183,20,350.68,2023-07-25,69
2184,43,594.6,2023-03-28,34
2185,263,191.54,2022-08-04,43
2186,431,943.9,2021-08-06,96
2187,496,506.85,2021-03-12,57
2188,407,878.71,2023-10-22,55
2189,377,914.75,2023-11-02,40
2190,58,537.57,2023-01-17,31
2191,197,558.06,2021-02-19,63
2192,223,848.33,2021-02-09,6
2193,123,936.82,2022-01-21,25
2194,154,917.25,2023-11-01,86
2195,442,577.48,2021-02-11,41
2196,216,779.53,2021-08-20,66
2197,429,876.32,2021-07-22,9
2198,116,469.94,2022-10-12,77
2199,484,956.09,2021-03-27,53
2200,53,440.26,2021-08-20,60
2201,6,317.34,2022-06-09,80
2202,205,343.31,2022-02-14,29
2203,395,16.64,2021-05-22,95
2204,421,875.35,2023-11-15,86
2205,1,835.29,2023-01-19,79
2206,422,205.51,2023-04-09,43
2207,304,679.14,2023-11-18,10
2208,476,106.74,2023-06-26,52
2209,24,555.59,2021-01-31,28
2210,108,174.61,2022-08-11,45
2211,56,114.92,2023-07-05,45
2212,22,714.35,2021-08-19,48
2213,494,566.58,2021-10-15,43
2214,137,420.25,2021-01-14,62
2215,367,176.79,2023-04-01,62
2216,16,244.44,2023-08-16,19
2217,68,577.33,2023-07-25,36
2218,78,410.54,2021-05-30,4
2219,419,183.11,2023-07-24,9
2220,6,232.32,2021-05-31,10
2221,372,617.44,2021-02-28,98
2222,262,915.73,2021-09-24,24
2223,11,355.72,2022-09-24,87
2224,217,504.4,2021-10-17,9
2225,437,111.4,2021-02-14,92
2226,85,187.09,2022-10-01,88
2227,25,581.6,2021-11-21,47
2228,10,282.53,2022-09-09,18
2229,364,451.29,2023-06-28,1
2230,56,38.83,2023-09-27,39
2231,56,846.24,2023-03-21,42
2232,474,170.66,2022-03-22,26
2233,160,385.55,2023-02-14,23
2234,124,659.5,2021-10-02,58
2235,101,876.29,2022-02-22,29
2236,405,602.17,2022-04-23,92
2237,443,171.52,2023-01-05,74
2238,33,25.76,2022-09-01,72
2239,421,534.13,2021-03-27,74
2240,127,688.65,2023-06-30,57
2241,407,519.18,2022-11-24,32
2242,342,337.74,2021-07-29,61
2243,56,220.67,2023-06-07,42
2244,426,572.0,2021-12-17,77
2245,306,670.52,2023-03-18,75
2246,311,564.3,2023-02-24,94
2247,136,691.95,2022-06-18,94
2248,168,368.81,2022-03-09,23
2249,108,580.09,2023-11-20,62
2250,102,944.89,2022-12-19,16
2251,295,394.52,2022-09-24,22
2252,344,621.26,2022-12-18,56
2253,406,402.93,2021-04-21,87
2254,68,967.17,2023-10-07,56
2255,90,597.73,2021-10-08,51
2256,260,552.96,2021-09-12,63
2257,157,130.22,2022-03-25,80
2258,337,185.36,2022-08-13,81
2259,34,344.45,2022-02-10,70
2260,127,422.84,2023-02-07,87
2261,357,115.8,2021-03-27,21
2262,199,703.13,2021-12-21,68
2263,181,413.36,2022-02-17,89
2264,497,735.22,2023-04-10,24
2265,484,525.51,2023-07-17,1
2266,402,956.62,2021-08-19,37
2267,40,118.62,2021-02-05,33
2268,284,117.35,2021-12-29,58
2269,98,637.43,2023-04-29,83
2270,84,478.22,2022-05-18,52
2271,364,327.23,2023-02-16,49
2272,242,762.78,2022-11-10,88
2273,307,584.92,2022-07-09,28
2274,246,652.3,2021-06-10,24
2275,428,331.95,2023-09-16,51
2276,278,887.4,2023-09-29,78
2277,467,490.8,2021-03-26,58
2278,499,6.57,2023-03-19,22
2279,9,364.73,2022-05-19,80
2280,67,346.82,2021-10-23,32
2281,370,410.22,2021-09-19,6
2282,53,713.05,2021-02-14,47
2283,438,656.58,2023-07-12,25
2284,322,417.55,2022-01-12,67
2285,366,584.88,2021-06-24,26
2286,411,505.58,2021-03-20,62
2287,244,76.2,2021-12-11,19
2288,438,96.92,2022-01-19,87
2289,247,246.57,2021-07-27,43
2290,61,494.32,2022-09-21,3
2291,133,797.13,2023-02-20,8
2292,352,8.58,2021-11-30,25
2293,346,938.23,2023-06-04,21
2294,148,538.41,2023-01-04,31
2295,468,890.47,2021-11-30,82
2296,469,249.67,2022-06-23,87
2297,5,145.53,2022-11-24,35
2298,492,29.72,2022-06-03,12
2299,450,559.91,2021-05-26,49
2300,123,200.32,2022-08-19,42
2301,376,219.76,2023-09-24,47
2302,17,625.37,2023-12-02,99
2303,95,83.43,2021-03-25,31
2304,377,976.76,2022-01-15,62
2305,332,60.5,2023-07-21,3
2306,254,499.82,2023-03-22,52
2307,496,320.19,2022-06-14,95
2308,59,383.77,2021-11-22,65
2309,388,796.77,2023-08-02,69
2310,285,407.17,2022-05-24,30
2311,39,945.91,2022-06-14,52
2312,217,408.62,2023-09-06,56
2313,87,679.39,2021-08-29,15
2314,413,391.97,2021-05-09,36
2315,494,730.11,2021-01-16,86
2316,81,191.82,2022-09-12,58
2317,426,988.78,2022-12-11,68
2318,309,844.17,2023-03-03,24
2319,197,598.95,2023-05-07,58
2320,284,110.15,2022-12-30,33
2321,321,238.3,2021-12-18,42
2322,300,682.8,2021-08-12,40
2323,152,173.09,2023-05-09,55
2324,154,603.11,2021-07-02,46
2325,128,949.13,2021-11-11,22
2326,61,165.51,2023-04-17,2
2327,359,916.28,2023-05-27,14
2328,355,66.67,2023-12-14,63
2329,348,194.16,2022-11-02,24
2330,39,273.99,2023-04-02,34
2331,33,476.61,2021-03-11,79
2332,281,43.31,2022-09-16,7
2333,358,496.75,2021-03-06,56
2334,146,256.04,2022-08-22,98
2335,472,46.74,2021-06-18,52
2336,478,789.94,2023-08-27,65
2337,96,728.95,2021-03-15,6
2338,304,329.76,2023-12-23,17
2339,40,134.0,2022-09-13,57
2340,453,624.21,2023-08-14,57
2341,212,506.4,2023-07-23,62
2342,266,917.61,2023-05-17,19
2343,479,256.42,2023-07-24,55
2344,63,246.52,2023-02-15,44
2345,269,373.02,2023-05-31,9
2346,382,194.18,2021-04-18,60
2347,393,418.85,2023-07-10,64
2348,23,615.05,2022-09-17,45
2349,33,202.02,2023-11-11,90
2350,91,699.89,2023-12-15,61
2351,450,528.64,2021-12-25,32
2352,500,738.8,2023-04-14,39
2353,59,752.41,2022-09-30,12
2354,263,950.63,2022-11-22,34
2355,499,452.26,2023-04-11,80
2356,167,431.32,2022-05-20,69
2357,431,280.53,2021-11-02,5
2358,416,99.48,2022-08-01,15
2359,494,519.62,2023-12-01,99
2360,81,141.86,2023-07-12,63
2361,469,934.46,2023-02-21,52
2362,160,710.29,2023-06-28,85
2363,218,578.73,2023-04-28,99
2364,119,935.85,2021-11-10,47
2365,73,497.47,2022-04-01,94
2366,135,795.2,2023-12-25,31
2367,258,997.0,2022-07-12,75
2368,35,802.81,2021-01-13,76
2369,391,401.21,2021-01-10,25
2370,7,392.97,2022-01-10,71
2371,68,849.0,2022-02-03,83
2372,156,719.05,2022-08-16,21
2373,417,38.32,2021-07-15,65
2374,465,276.51,2022-08-23,46
2375,378,778.78,2023-02-05,28
2376,252,179.94,2021-04-11,74
2377,382,285.7,2022-04-03,47
2378,90,22.61,2022-05-25,21
2379,41,371.96,2021-05-18,58
2380,8,201.99,2022-05-13,20
2381,376,541.76,2023-06-05,56
2382,101,748.85,2022-09-01,15
2383,412,546.28,2023-05-01,73
2384,109,455.76,2023-07-14,93
2385,148,518.39,2023-05-09,59
2386,191,971.32,2022-03-03,1
2387,199,30.72,2023-08-04,78
2388,469,302.93,2022-01-12,97
2389,197,355.4,2022-09-25,37
2390,242,254.34,2022-10-18,35
2391,119,652.22,2023-04-15,65
2392,336,761.24,2023-02-01,25
2393,121,635.69,2021-06-18,94
2394,336,220.02,2022-09-07,6
2395,13,548.59,2023-05-10,74
2396,347,805.41,2022-01-31,43
2397,125,534.99,2023-09-24,83
2398,143,962.74,2023-09-28,93
2399,476,547.75,2023-12-29,10
2400,87,810.54,2022-01-22,68
2401,491,422.39,2021-11-30,85
2402,250,667.58,2021-06-13,5
2403,186,986.14,2021-11-11,80
2404,321,128.23,2021-09-25,86
2405,468,331.09,2023-09-04,2
2406,166,500.45,2022-02-14,93
2407,63,753.81,2022-06-06,82
2408,296,908.46,2023-11-21,42
2409,94,809.99,2021-06-15,65
2410,278,411.34,2022-08-30,67
2411,146,335.23,2022-04-17,67
2412,467,343.78,2022-08-11,80
2413,460,389.37,2021-04-17,63
2414,35,845.46,2023-12-04,47
2415,44,339.95,2022-11-13,66
2416,397,726.14,2021-07-10,21
2417,92,42.24,2022-07-08,69
2418,466,191.0,2021-05-13,26
2419,236,185.56,2021-03-20,95
2420,354,680.99,2023-02-26,72
2421,452,348.71,2021-10-21,24
2422,336,283.56,2022-03-15,99
2423,494,895.94,2023-10-12,82
2424,351,427.99,2021-07-13,66
2425,374,209.47,2022-12-26,19
2426,50,871.97,2023-11-06,51
2427,228,972.53,2023-06-03,72
2428,229,334.94,2023-06-22,16
2429,240,315.02,2023-02-01,20
2430,336,624.13,2021-10-10,25
2431,215,101.34,2021-05-18,13
2432,359,443.91,2021-07-15,70
2433,322,375.33,2022-08-19,45
2434,152,922.54,2021-08-16,95
2435,60,945.78,2023-05-28,96
2436,387,999.09,2022-11-23,13
2437,347,586.49,2021-01-06,55
2438,149,673.65,2023-01-28,25
2439,73,559.81,2021-01-05,81
2440,382,134.75,2021-03-03,72
2441,45,438.88,2022-02-03,98
2442,84,317.25,2023-04-12,9
2443,205,117.74,2022-11-07,59
2444,44,570.74,2021-06-14,92
2445,267,25.63,2022-05-05,20
2446,364,832.29,2023-10-20,6
2447,485,610.02,2021-06-16,86
2448,492,787.26,2022-10-04,31
2449,281,247.39,2023-10-09,66
2450,407,38.54,2023-02-13,36
2451,360,891.39,2023-04-10,98
2452,7,591.85,2021-08-12,53
2453,184,880.54,2022-07-02,4
2454,167,114.04,2022-05-27,21
2455,101,679.48,2021-03-03,27
2456,367,487.83,2022-11-23,1
2457,167,105.28,2021-12-31,3
2458,470,454.63,2022-09-27,75
2459,305,32.53,2021-07-24,98
2460,401,875.48,2023-12-19,3
2461,391,716.55,2022-07-19,70
2462,137,587.4,2022-05-31,59
2463,420,715.73,2023-11-10,84
2464,457,682.58,2023-01-31,84
2465,445,186.55,2023-01-31,5
2466,436,557.34,2022-11-21,4
2467,230,517.65,2022-05-08,39
2468,1,204.35,2022-10-16,74
2469,303,575.49,2023-04-12,41
2470,244,579.95,2021-01-13,37
2471,59,187.25,2022-11-20,59
2472,62,709.78,2023-02-10,1
2473,119,740.98,2021-12-06,32
2474,474,75.39,2023-11-10,89
2475,62,497.02,2022-12-30,25
2476,133,156.04,2023-04-15,79
2477,387,963.03,2023-04-18,24
2478,67,405.88,2022-08-13,60
2479,157,782.83,2022-02-13,81
2480,344,135.61,2023-01-26,44
2481,458,595.96,2023-08-31,19
2482,300,388.58,2023-09-26,29
2483,57,701.68,2023-11-29,54
2484,349,319.69,2022-05-04,76
2485,81,811.69,2021-11-15,93
2486,393,580.33,2021-01-08,48
2487,64,503.6,2023-11-12,56
2488,243,606.62,2023-12-25,74
2489,385,310.71,2023-10-17,86
2490,162,689.71,2022-07-24,55
2491,167,711.42,2021-10-25,96
2492,57,771.39,2023-07-18,96
2493,154,509.02,2021-04-19,82
2494,448,457.7,2021-08-18,33
2495,148,58.79,2023-01-18,83
2496,47,990.51,2021-03-01,26
2497,24,556.15,2022-06-12,26
2498,181,5.49,2022-10-21,39
2499,198,271.71,2023-04-02,26
2500,162,564.17,2023-10-25,9
2501,358,657.11,2021-04-15,73
2502,95,312.14,2021-12-10,30
2503,196,791.13,2023-01-05,29
2504,41,608.14,2022-03-12,27
2505,443,285.31,2023-03-16,79
2506,119,412.9,2023-11-12,53
2507,377,18.12,2022-08-19,57
2508,500,507.83,2022-04-21,31
2509,137,146.5,2022-10-14,21
2510,252,81.06,2022-01-24,93
2511,114,942.34,2021-08-03,30
2512,150,615.32,2021-08-04,61
2513,96,231.34,2023-04-26,28
2514,344,51.91,2022-11-02,7
2515,457,74.57,2022-03-28,54
2516,160,693.95,2022-04-03,95
2517,420,499.12,2023-03-03,82
2518,451,554.94,2023-01-13,23
2519,371,983.33,2022-11-23,65
2520,186,841.31,2022-10-18,9
2521,64,939.6,2023-03-08,31
2522,69,815.22,2023-05-05,11
2523,109,145.46,2023-06-23,17
2524,47,546.81,2023-04-03,62
2525,63,663.85,2021-06-20,14
2526,382,656.95,2021-10-05,31
2527,151,620.24,2021-08-20,43
2528,34,338.56,2021-04-05,38
2529,354,899.03,2021-01-11,44
2530,149,894.11,2021-06-13,52
2531,244,824.17,2021-05-19,92
2532,15,608.63,2022-10-28,17
2533,108,938.6,2023-07-12,87
2534,331,159.39,2021-02-22,53
2535,212,452.31,2021-09-07,78
2536,302,364.15,2022-10-19,80
2537,223,217.62,2022-07-20,78
2538,266,493.63,2021-10-12,94
2539,471,456.63,2023-05-14,93
2540,183,744.58,2022-12-23,100
2541,337,370.85,2021-04-19,91
2542,414,49.93,2023-05-18,55
2543,122,890.27,2022-01-27,80
2544,204,169.91,2021-03-11,24
2545,396,385.44,2021-05-20,5
2546,370,806.39,2023-10-26,76
2547,247,880.61,2022-09-05,19
2548,116,550.07,2022-04-25,23
2549,347,922.13,2023-07-30,56
2550,416,65.09,2021-11-18,17
2551,321,343.87,2022-12-20,26
2552,292,263.17,2023-12-06,96
2553,245,187.11,2021-10-24,44
2554,132,812.74,2021-01-10,6
2555,8,406.61,2022-08-22,73
2556,169,537.3,2021-06-21,15
2557,258,295.05,2022-12-12,6
2558,128,370.65,2021-09-08,40
2559,61,312.36,2022-09-14,35
2560,256,704.88,2022-06-17,56
2561,211,45.7,2022-02-17,12
2562,315,191.11,2023-03-17,94
2563,40,393.8,2021-04-25,7
2564,317,849.81,2023-01-19,76
2565,346,441.05,2022-04-23,84
2566,243,467.12,2022-10-11,33
2567,22,513.34,2022-05-08,64
2568,257,466.88,2022-07-17,92
2569,50,811.85,2021-03-10,77
2570,252,445.27,2021-07-09,84
2571,329,969.93,2021-10-02,56
2572,248,543.16,2022-08-29,97
2573,136,991.43,2021-02-08,5
2574,92,465.39,2021-03-25,90
2575,385,164.68,2023-10-28,80
2576,174,34.17,2021-04-19,85
2577,1,384.81,2022-01-13,6
2578,181,601.72,2022-01-02,81
2579,61,69.72,2022-08-18,13
2580,365,9.74,2022-02-04,54
2581,324,192.03,2022-08-25,55
2582,431,501.82,2023-11-29,43
2583,174,969.0,2023-02-10,17
2584,15,628.09,2021-06-01,2
2585,303,969.72,2022-05-07,80
2586,454,490.95,2022-09-14,94
2587,382,354.41,2022-07-22,88
2588,51,301.31,2022-06-11,65
2589,21,359.06,2021-05-09,51
2590,402,127.49,2023-04-21,36
2591,292,929.15,2021-04-22,71
2592,94,714.31,2021-05-28,87
2593,134,526.12,2023-04-17,3
2594,1,269.15,2021-06-28,8
2595,453,117.66,2021-10-16,84
2596,391,788.36,2023-02-27,2
2597,87,569.59,2023-09-15,50
2598,298,247.27,2021-01-07,77
2599,151,720.1,2023-12-20,94
2600,101,643.23,2021-05-01,46
2601,357,470.73,2022-01-19,31
2602,295,228.39,2021-08-26,67
2603,376,461.28,2022-04-23,72
2604,27,66.26,2022-11-01,96
2605,220,156.05,2021-03-28,16
2606,348,369.99,2023-10-03,58
2607,160,821.65,2023-05-29,30
2608,253,625.53,2021-12-18,80
2609,91,812.14,2021-02-18,7
2610,358,283.7,2023-10-21,4
2611,23,413.9,2022-02-09,83
2612,443,128.13,2023-11-04,69
2613,41,437.18,2022-10-14,69
2614,365,537.62,2022-10-28,94
2615,44,839.7,2023-04-20,84
2616,500,62.01,2022-05-24,39
2617,285,377.31,2023-09-21,49
2618,415,234.58,2023-12-23,19
2619,396,168.72,2023-05-13,13
2620,373,459.16,2022-06-08,92
2621,40,939.33,2023-05-25,42
2622,168,840.76,2022-06-03,16
2623,337,496.82,2023-12-25,22
2624,281,933.84,2022-05-24,28
2625,39,74.92,2022-06-04,10
2626,75,885.71,2023-12-28,31
2627,216,345.72,2023-04-19,78
2628,355,18.5,2023-06-30,83
2629,438,845.68,2022-01-31,50
2630,425,700.36,2023-11-20,99
2631,379,430.5,2023-06-05,29
2632,74,702.72,2021-10-10,54
2633,181,920.05,2021-08-05,32
2634,22,200.02,2021-02-11,47
2635,465,299.58,2021-06-29,97
2636,32,90.71,2022-10-23,55
2637,324,681.52,2022-01-22,9
2638,291,544.23,2023-05-14,75
2639,84,32.11,2023-07-17,65
2640,51,425.42,2022-12-14,27
2641,391,112.46,2021-08-31,57
2642,290,931.36,2021-08-30,47
2643,225,124.59,2022-07-14,33
2644,431,395.16,2022-01-21,9
2645,354,772.88,2021-01-22,7
2646,436,889.76,2021-06-16,9
2647,321,491.48,2022-02-05,81
2648,361,188.78,2021-02-12,59
2649,489,768.61,2023-08-06,18
2650,355,805.23,2022-09-16,16
2651,5,886.31,2022-02-26,57
2652,248,248.41,2022-08-12,71
2653,112,223.83,2021-12-26,89
2654,402,663.08,2023-12-10,82
2655,168,626.28,2023-02-10,25
2656,150,780.63,2022-01-15,85
2657,375,640.34,2022-08-21,91
2658,101,121.41,2022-02-21,53
2659,319,609.56,2022-07-03,13
2660,236,92.97,2022-11-22,75
2661,292,670.7,2021-10-30,58
2662,116,699.57,2021-10-27,34
2663,354,119.07,2021-11-08,64
2664,60,842.65,2023-11-13,39
2665,470,278.11,2023-09-27,67
2666,445,394.81,2022-08-22,67
2667,242,948.99,2022-09-02,17
2668,374,348.63,2022-05-24,39
2669,318,215.94,2022-11-06,100
2670,461,536.78,2021-09-08,91
2671,285,249.38,2021-02-24,6
2672,454,377.0,2021-10-14,78
2673,112,449.95,2021-08-06,13
2674,215,725.25,2023-03-15,27
2675,470,92.95,2022-12-07,19
2676,469,947.05,2023-04-05,18
2677,22,118.42,2022-09-08,77
2678,355,410.96,2021-04-27,9
2679,229,888.97,2022-06-01,94
2680,162,318.84,2022-07-11,56
2681,120,646.88,2021-07-20,54
2682,68,657.68,2023-04-17,78
2683,310,110.37,2023-02-05,61
2684,124,263.87,2022-03-11,19
2685,312,927.45,2021-04-05,57
2686,11,885.93,2023-10-18,77
2687,132,360.5,2021-08-19,25
2688,133,777.9,2021-11-16,58
2689,82,313.52,2021-06-07,35
2690,360,974.19,2023-12-11,28
2691,256,93.86,2023-10-03,26
2692,500,158.57,2021-06-20,86
2693,242,703.82,2023-07-29,89
2694,56,239.56,2023-02-19,46
2695,98,153.29,2022-04-25,73
2696,155,746.68,2023-07-03,28
2697,46,908.69,2023-04-12,62
2698,405,163.47,2022-07-01,11
2699,244,418.17,2022-07-14,62
2700,274,671.33,2022-06-13,22
2701,156,76.52,2022-05-11,80
2702,500,35.82,2022-10-08,5
2703,123,467.49,2023-05-01,79
2704,463,18.26,2022-07-22,5
2705,212,567.14,2021-09-19,57
2706,119,85.64,2023-04-02,77
2707,122,56.92,2023-08-14,80
2708,372,10.22,2023-05-11,7
2709,126,570.79,2021-02-01,6
2710,86,756.24,2023-04-02,58
2711,25,214.26,2021-05-14,35
2712,284,486.84,2023-11-30,31
2713,335,788.29,2022-04-10,89
2714,436,31.6,2023-12-23,60
2715,269,330.01,2022-10-02,78
2716,340,166.38,2022-11-12,8
2717,322,464.85,2021-07-13,7
2718,485,713.64,2023-09-03,27
2719,59,301.05,2022-03-07,8
2720,467,805.5,2023-03-07,62
2721,67,970.17,2022-02-16,40
2722,398,161.88,2021-06-09,26
2723,175,377.18,2021-09-11,99
2724,420,128.65,2021-01-26,63
2725,312,411.91,2021-03-09,69
2726,57,703.44,2023-01-03,43
2727,174,318.39,2023-06-23,46
2728,147,352.26,2021-07-08,78
2729,242,942.22,2023-01-27,50
2730,22,431.94,2023-06-01,56
2731,73,873.81,2022-01-29,14
2732,492,197.01,2022-09-04,49
2733,112,341.25,2022-07-06,74
2734,222,466.87,2023-11-02,6
2735,384,638.59,2021-09-24,14
2736,122,621.18,2023-11-06,42
2737,143,171.73,2021-03-27,81
2738,401,31.14,2023-09-16,76
2739,53,455.29,2023-04-24,9
2740,355,457.81,2023-07-18,49
2741,246,611.98,2022-07-07,42
2742,438,307.67,2023-09-26,90
2743,486,122.51,2022-10-07,7
2744,367,853.24,2023-04-06,100
2745,145,196.75,2021-03-22,54
2746,412,715.52,2023-03-25,36
2747,154,295.8,2021-06-13,23
2748,363,339.76,2022-04-26,79
2749,40,784.29,2023-10-13,65
2750,127,232.08,2022-02-15,65
2751,358,179.06,2023-03-19,7
2752,59,529.2,2023-01-04,25
2753,202,484.77,2022-12-27,73
2754,81,292.36,2023-05-20,71
2755,50,712.84,2021-04-29,25
2756,192,5.74,2022-07-31,23
2757,395,520.76,2022-04-10,7
2758,368,152.1,2022-03-25,62
2759,302,695.99,2023-05-02,65
2760,113,958.48,2022-11-09,41
2761,68,785.6,2023-02-17,80
2762,113,710.24,2022-11-21,56
2763,89,863.57,2021-12-13,19
2764,22,680.15,2023-11-26,60
2765,440,838.64,2023-07-11,34
2766,407,520.95,2023-11-17,43
2767,190,416.58,2021-08-21,60
2768,162,780.72,2023-05-16,6
2769,32,507.13,2023-02-07,48
2770,355,292.64,2023-08-08,8
2771,445,794.32,2021-02-15,20
2772,248,430.18,2021-10-11,48
2773,245,244.17,2023-06-10,10
2774,346,295.44,2022-02-03,92
2775,204,196.05,2023-08-16,85
2776,23,212.24,2022-03-17,18
2777,490,920.21,2023-04-17,34
2778,285,500.1,2022-03-09,37
2779,53,921.79,2021-08-04,49
2780,457,472.27,2022-09-10,24
2781,274,253.79,2022-03-01,10
2782,58,77.24,2023-11-27,100
2783,60,579.97,2021-11-21,7
2784,166,761.14,2023-08-04,90
2785,37,650.06,2021-01-11,31
2786,67,292.94,2023-06-15,32
2787,205,407.92,2023-10-25,11
2788,471,89.39,2022-12-04,52
2789,421,656.1,2021-08-11,38
2790,17,670.2,2022-08-06,97
2791,421,995.84,2021-08-09,37
2792,364,653.24,2023-03-30,65
2793,360,38.92,2023-09-02,54
2794,75,363.72,2023-03-19,66
2795,403,164.54,2021-10-31,11
2796,420,482.07,2021-10-22,30
2797,154,752.09,2022-03-10,68
2798,87,913.4,2023-07-24,91
2799,61,861.75,2021-07-26,73
2800,278,252.6,2022-11-10,47
2801,382,331.8,2022-10-09,42
2802,269,611.16,2021-03-12,94
2803,390,419.06,2021-05-23,42
2804,116,689.34,2021-01-15,9
2805,425,663.91,2022-08-30,18
2806,230,293.94,2023-04-21,37
2807,37,710.09,2022-11-29,17
2808,33,400.49,2021-12-04,25
2809,376,280.5,2021-10-22,91
2810,65,706.92,2023-12-24,7
2811,24,80.36,2022-01-09,49
2812,474,443.54,2023-12-09,75
2813,489,378.09,2023-05-12,30
2814,493,301.42,2023-10-26,69
2815,363,654.56,2023-12-28,77
2816,27,169.48,2022-11-03,57
2817,7,68.73,2022-01-28,10
2818,45,36.55,2022-04-04,3
2819,296,413.74,2022-01-29,38
2820,376,972.94,2023-10-05,99
2821,52,800.58,2023-10-18,83
2822,240,936.71,2021-01-28,19
2823,382,431.81,2022-06-05,24
2824,270,665.98,2023-02-20,39
2825,193,199.73,2021-08-11,8
2826,263,165.33,2023-12-16,35
2827,147,126.78,2021-09-29,90
2828,411,411.22,2022-05-20,38
2829,75,608.27,2022-09-18,54
2830,331,649.58,2023-06-12,100
2831,399,205.12,2023-05-03,27
2832,382,281.76,2022-04-19,17
2833,40,889.37,2022-07-29,9
2834,20,220.3,2022-04-06,70
2835,90,635.04,2022-11-13,48
2836,52,846.41,2022-04-23,19
2837,348,718.19,2023-05-02,57
2838,133,514.57,2022-04-25,38
2839,367,885.65,2022-11-18,10
2840,368,84.14,2021-08-16,85
2841,180,950.3,2021-06-15,91
2842,183,650.12,2022-12-26,25
2843,240,422.2,2022-07-18,82
2844,205,656.39,2021-01-02,66
2845,329,896.29,2022-10-27,84
2846,250,478.12,2023-07-12,34
2847,357,441.18,2021-11-08,88
2848,450,930.76,2022-12-16,90
2849,108,600.11,2022-01-10,22
2850,13,737.62,2022-07-27,8
2851,452,392.67,2023-04-24,75
2852,108,568.06,2022-05-17,65
2853,181,674.73,2023-11-11,43
2854,380,746.41,2023-11-26,79
2855,61,492.31,2021-11-03,77
2856,332,911.77,2023-02-16,86
2857,472,566.91,2021-03-16,13
2858,396,578.45,2022-11-26,22
2859,300,8.89,2023-08-26,21
2860,218,448.78,2021-03-29,19
2861,198,981.16,2023-11-05,82
2862,238,41.67,2022-10-11,5
2863,448,885.6,2022-06-22,56
2864,478,140.08,2021-09-26,23
2865,49,116.48,2021-06-12,95
2866,115,338.24,2022-07-14,47
2867,342,280.5,2022-07-10,43
2868,39,501.43,2022-03-12,94
2869,9,452.62,2021-07-17,4
2870,420,58.79,2022-04-07,40
2871,418,437.94,2023-05-10,65
2872,239,560.23,2022-08-02,91
2873,185,719.92,2023-01-13,40
2874,149,732.82,2021-04-11,74
2875,493,734.4,2021-12-11,16
2876,257,524.32,2022-12-22,93
2877,64,698.76,2023-06-26,82
2878,307,194.4,2023-01-03,90
2879,49,380.28,2021-02-12,96
2880,385,925.77,2023-12-28,83
2881,479,323.98,2022-05-23,2
2882,478,479.69,2022-08-13,99
2883,407,120.41,2023-04-30,40
2884,374,248.8,2023-12-25,72
2885,371,717.38,2021-05-05,96
2886,365,874.3,2023-04-02,42
2887,425,602.41,2023-06-25,85
2888,429,102.71,2023-05-28,59
2889,192,686.81,2022-11-13,9
2890,461,596.13,2023-03-09,62
2891,364,481.46,2022-02-08,91
2892,168,769.65,2021-01-06,1
2893,485,645.79,2023-12-12,97
2894,419,403.6,2021-12-25,92
2895,337,537.39,2022-05-11,100
2896,204,569.54,2021-02-08,81
2897,181,133.93,2022-11-15,61
2898,421,104.73,2023-07-01,96
2899,291,377.94,2023-04-06,60
2900,327,478.87,2022-07-01,48
2901,135,883.52,2021-07-31,89
2902,101,629.26,2023-01-17,30
2903,335,675.38,2021-12-12,37
2904,35,998.75,2023-04-21,81
2905,436,771.14,2023-01-02,62
2906,24,373.93,2021-09-02,26
2907,251,939.53,2022-12-25,96
2908,135,911.36,2021-01-11,35
2909,198,470.93,2023-01-31,34
2910,407,601.23,2021-12-01,60
2911,5,652.97,2022-01-05,92
2912,331,826.4,2023-10-03,91
2913,86,851.87,2022-03-14,65
2914,58,932.74,2023-09-12,82
2915,236,671.07,2021-10-09,16
2916,86,518.85,2022-09-06,28
2917,376,270.89,2021-05-28,5
2918,130,867.39,2021-12-01,20
2919,177,111.07,2023-05-07,35
2920,354,992.41,2021-04-22,59
2921,292,477.72,2021-07-01,27
2922,220,529.9,2022-09-20,63
2923,15,321.55,2023-10-30,9
2924,468,6.79,2023-11-14,52
2925,243,732.35,2021-04-01,57
2926,88,226.76,2022-12-18,19
2927,73,627.04,2021-12-31,75
2928,434,486.6,2021-07-24,65
2929,261,166.08,2022-09-04,53
2930,258,464.97,2023-12-04,32
2931,294,199.9,2021-06-25,95
2932,1,158.42,2023-01-24,30
2933,242,451.97,2023-09-29,88
2934,417,535.8,2021-05-14,22
2935,369,564.8,2021-08-26,61
2936,451,711.75,2021-01-14,38
2937,367,513.78,2023-04-08,4
2938,417,398.84,2023-02-25,89
2939,108,921.75,2022-09-13,45
2940,128,662.45,2021-07-10,42
2941,185,261.39,2022-08-16,95
2942,405,751.8,2022-07-07,99
2943,479,890.34,2023-04-30,61
2944,89,833.95,2021-09-20,15
2945,8,754.83,2022-02-26,2
2946,65,427.59,2022-09-28,92
2947,426,191.18,2021-05-27,5
2948,281,148.48,2021-11-25,66
2949,167,164.88,2023-08-06,47
2950,251,969.18,2023-11-12,44
2951,166,518.13,2021-04-25,10
2952,354,717.19,2023-11-19,88
2953,484,495.87,2023-07-06,92
2954,87,575.31,2021-05-03,76
2955,351,507.37,2022-04-24,27
2956,412,38.64,2021-01-08,4
2957,33,855.32,2023-04-06,20
2958,130,70.57,2023-01-05,16
2959,247,865.6,2023-06-25,52
2960,59,73.77,2023-03-20,31
2961,98,428.9,2021-12-06,38
2962,5,807.15,2021-10-11,55
2963,493,979.04,2021-10-27,73
2964,269,170.44,2022-07-16,55
2965,403,92.99,2021-09-15,96
2966,290,329.08,2022-04-19,50
2967,82,598.77,2023-12-24,13
2968,180,971.18,2023-03-17,75
2969,75,317.48,2023-08-12,4
2970,317,866.62,2022-12-13,31
2971,403,175.82,2021-11-23,40
2972,260,208.96,2022-04-16,17
2973,189,658.6,2021-07-13,6
2974,374,561.91,2021-03-16,48
2975,416,784.81,2022-04-22,33
2976,82,753.27,2023-08-18,43
2977,51,427.79,2022-01-17,56
2978,423,692.03,2021-12-30,95
2979,119,506.99,2021-06-14,36
2980,10,169.47,2023-05-20,33
2981,239,41.82,2022-11-06,78
2982,112,210.34,2023-09-21,83
2983,466,332.98,2023-10-20,27
2984,156,864.79,2023-08-30,38
2985,122,238.01,2021-12-12,32
2986,346,6.41,2022-07-27,29
2987,357,438.4,2021-05-11,35
2988,175,104.43,2021-03-20,8
2989,107,501.95,2023-06-18,100
2990,474,952.89,2023-07-15,18
2991,60,883.66,2021-01-02,56
2992,275,68.79,2021-05-11,86
2993,60,354.94,2021-05-29,79
2994,411,689.54,2021-03-09,76
2995,181,405.51,2023-11-17,41
2996,423,383.07,2021-05-18,24
2997,82,975.42,2023-08-06,2
2998,477,971.99,2023-07-19,51
2999,486,858.11,2023-12-30,3
3000,382,15.71,2022-08-27,16
